{
  "chi2": 16.12163805526988,
  "reduced_chi2": 0.8485072660668358,
  "N": 19,
  "H0phys": 67.36,
  "rd": 150.754,
  "cov_used": false
}