{
  "chi2": 19.171492904899612,
  "reduced_chi2": 1.0090259423631374,
  "N": 19,
  "H0phys": 67.36,
  "rd": 150.754,
  "cov_used": false
}