z,a,N,H_over_H0,D,f,sigma8_z,fsigma8
3.0,0.25,-1.3862943611198906,4.460955857,0.31650394865505427,1.0,0.25320315892404344,0.25320315892404344
2.997226986,0.25017343360845606,-1.385600867208566,4.456481043,0.31672351030088125,0.9999267692244455,0.253378808240705,0.25336025311406846
2.994455894,0.25034698755895185,-1.3849073731966868,4.452011045,0.31694320819424554,0.9998535321412665,0.25355456655539643,0.25351742896096097
2.991686724,0.25052066185141836,-1.3842138794179153,4.447545859,0.31716304229916054,0.999780285870887,0.2537304338393284,0.2536746856780279
2.988919473,0.2506944566739816,-1.3835203854545253,4.44308548,0.3173830128175468,0.9997070277715475,0.25390641025403743,0.25383202272720695
2.98615414,0.2508683720895951,-1.3828268913891362,4.438629902,0.3176031197925627,0.999633755570411,0.2540824958340502,0.2539894395352949
2.983390725,0.2510424080981913,-1.3821333975554073,4.434179122,0.3178233631873124,0.9995604673361814,0.25425869054984995,0.25414693555029355
2.980629225,0.2512165648886829,-1.3814399035340432,4.429733134,0.3180437432037488,0.9994871613719148,0.25443499456299906,0.2543045104694505
2.97786964,0.2513908424610918,-1.380746409658525,4.425291933,0.3182642598044756,0.9994138363730679,0.2546114078435805,0.25446216389730064
2.975111968,0.25156524094166094,-1.3800529157598975,4.420855514,0.31848491311150856,0.9993404912937519,0.25478793048920684,0.2546198956308023
2.972356208,0.25173976039361273,-1.3793594219202452,4.416423874,0.31870570316680974,0.9992671254253099,0.2549645625334478,0.25477770548812007
2.969602358,0.25191440094363227,-1.3786659279697333,4.411997006,0.3189266300923169,0.9991937383420502,0.25514130407385355,0.25493559342301947
2.966850417,0.25208916265520986,-1.3779724339899138,4.407574906,0.3191476939297052,0.9991203299534224,0.25531815514376416,0.25509355941033673
2.964100384,0.25226404559183835,-1.3772789400623338,4.40315757,0.3193688947203491,0.9990469004763652,0.25549511577627926,0.25525160350314186
2.961352257,0.25243904988073873,-1.3765854460160953,4.398744992,0.31959023258591635,0.9989734504075041,0.2556721860687331,0.2554097258903117
2.958606036,0.2526141755218604,-1.3758919521848236,4.394337168,0.3198117074869061,0.9988999804969952,0.2558493659895249,0.25556792669710504
2.955861719,0.2527894226426068,-1.375198458397259,4.389934092,0.32003331954654757,0.9988264898657913,0.2560266556372381,0.2557262057622202
2.953119303,0.25296479143472994,-1.3745049642284701,4.385535761,0.32025506896891726,0.9987529778210636,0.25620405517513384,0.255884563035997
2.95037879,0.2531402817702958,-1.373811470517815,4.381142169,0.32047695555331096,0.9986794442018837,0.25638156444264876,0.25604299828119387
2.947640176,0.25331589390532133,-1.3731179765868569,4.376753312,0.3206989795843944,0.998605888686424,0.25655918366751557,0.25620151160696286
2.94490346,0.25349162790412116,-1.372424482515516,4.372369184,0.3209211411043135,0.9985323110332492,0.25673691288345085,0.25636010294905415
2.942168642,0.2536674837666673,-1.371730988637373,4.367989782,0.3211434400737739,0.9984587110278655,0.2569147520590191,0.2565187721848919
2.93943572,0.2538434616214527,-1.3710374947790145,4.3636151,0.3213658766158418,0.9983850884019998,0.2570927012926735,0.25667751930759475
2.936704692,0.254019561597332,-1.3703440007663144,4.359245133,0.3215884508539087,0.9983114428872887,0.257270760683127,0.25683634431028285
2.933975558,0.2541957836942921,-1.3696505069328233,4.354879877,0.3218111627483744,0.9982377742692948,0.2574489301986995,0.25699524706956084
2.931248315,0.2543721281060823,-1.3689570128496695,4.350519327,0.3220340125044071,0.9981640822526078,0.2576272100035257,0.25715422763646906
2.928522964,0.25454859476799535,-1.3682635191047543,4.346163478,0.3222570000004382,0.9980903666498666,0.2578056000003506,0.25731328582873875
2.925799501,0.2547251839390358,-1.3675700250137524,4.341812326,0.32248012552384364,0.9980166271385068,0.25798410041907494,0.25747242175560703
2.923077927,0.25490189555441883,-1.366876531164717,4.337465866,0.3227033889527459,0.9979428635312424,0.25816271116219675,0.25763163523419164
2.920358239,0.2550787298089061,-1.366183037126788,4.333124093,0.3229267904930915,0.9978690755324534,0.2583414323944732,0.2577909263152028
2.917640437,0.25525568670252113,-1.3654895432334437,4.328787002,0.32315033010467614,0.9977952629278443,0.2585202640837409,0.257950294873612
2.914924519,0.2554327663654248,-1.3647960493079914,4.324454589,0.323374007911589,0.9977214254488538,0.2586992063292712,0.2581097409013276
2.912210484,0.2556099688628103,-1.3641025554286264,4.320126849,0.32359782395573083,0.9976475628540681,0.2588782591645847,0.2582692643314517
2.90949833,0.25578729432530545,-1.3634090614177412,4.315803777,0.32382177836153203,0.9975736748748435,0.25905742268922566,0.2584288651556965
2.906788057,0.2559647427528726,-1.3627155676089346,4.311485369,0.3240458710882829,0.9974997612970272,0.25923669687062634,0.25858854324787955
2.904079662,0.2561423143419454,-1.3620220735680721,4.30717162,0.3242701023432782,0.9974258218246667,0.25941608187462256,0.25874829865833043
2.901373145,0.25632000909259345,-1.3613285796285421,4.302862525,0.32449447208571996,0.9973518562436426,0.259595577668576,0.25890813126039497
2.898668505,0.2564978270703218,-1.3606350858679295,4.298558079,0.32471898035734076,0.997277864312613,0.2597751842858726,0.2590680409860305
2.895965739,0.2566757684724085,-1.3599415918504518,4.294258278,0.3249436273661181,0.9972038457354677,0.2599549018928945,0.25922802788538063
2.893264847,0.25685383329894995,-1.3592480979094457,4.289963118,0.32516841307096117,0.9971298002981916,0.26013473045676894,0.25938809183098194
2.890565828,0.25703202161575145,-1.3585546041219099,4.285672592,0.325393337513636,0.9970557277594613,0.26031467001090886,0.25954823275419076
2.887868679,0.25721033362094176,-1.3578611100504052,4.281386698,0.3256184009026317,0.9969816278190333,0.2604947207221054,0.2597084507037891
2.885173401,0.2573887692483973,-1.3571676162856008,4.27710543,0.3258436031120516,0.9969075002684327,0.2606748824896413,0.25986874548551575
2.88247999,0.2575673287629745,-1.356474122131738,4.272828783,0.32606894443452494,0.9968333447793055,0.26085515554761995,0.26002911720746
2.879788448,0.2577460120320457,-1.3557806284373703,4.268556753,0.32629442466106723,0.9967591611914837,0.2610355397288538,0.2601895656212985
2.877098771,0.25792481932103967,-1.3550871345056272,4.264289336,0.3265200440848967,0.9966849491793942,0.26121603526791737,0.2603500908358471
2.874410958,0.25810375069664976,-1.3543936404117822,4.260026526,0.32674580274829546,0.9966107084998951,0.2613966421986364,0.2605106927810766
2.871725009,0.258282806158871,-1.3537001464893696,4.255768318,0.3269717006092781,0.9965364389373889,0.2615773604874225,0.26067137132677765
2.869040922,0.2584619858409448,-1.353006652555695,4.25151471,0.3271977377938468,0.9964621402208889,0.26175819023507746,0.26083212646199183
2.866358696,0.2586412898095992,-1.352313158685965,4.247265695,0.32742391434395696,0.9963878121068975,0.26193913147516557,0.2609929581157212
2.863678329,0.258820718198562,-1.351619664696543,4.243021269,0.3276502303859451,0.9963134543240445,0.2621201843087561,0.261153866276712
2.860999821,0.25900027100778256,-1.3509261709210518,4.238781427,0.32787668587728064,0.9962390666562999,0.26230134870182453,0.26131485081339434
2.858323169,0.259179948438373,-1.350232676916269,4.234546165,0.32810328102901637,0.9961646488041898,0.2624826248232131,0.261475911774218
2.855648373,0.25935975049040083,-1.3495391830155885,4.230315479,0.3283300157985167,0.9960902005514312,0.26266401263881334,0.2616370490270392
2.852975431,0.25953967729829525,-1.3488456890340195,4.226089363,0.3285568903124625,0.9960157216259942,0.26284551224997,0.2617982625598079
2.850304342,0.2597197289294177,-1.3481521950455464,4.221867814,0.3287839046128264,0.9959412117835302,0.26302712369026116,0.26195955230001516
2.847635105,0.25989990545114333,-1.3474587011241264,4.217650825,0.32901105874147496,0.9958666707795834,0.26320884699318,0.2621209181748309
2.844967719,0.2600802069308608,-1.3467652073436907,4.213438394,0.32923835274016744,0.9957920983695938,0.26339068219213396,0.2622823601111039
2.842302181,0.2602606335714437,-1.3460717132576228,4.209230515,0.3294657868213162,0.9957174942528907,0.263572629457053,0.26244387815662246
2.839638492,0.2604411853052128,-1.3453782194595993,4.205027184,0.32969336085615525,0.9956428582405924,0.2637546886849242,0.26260547211661556
2.836976649,0.26062186233544626,-1.3446847255022263,4.200828395,0.3299210750573322,0.9955681900317004,0.26393686004586575,0.26276714203851276
2.834316651,0.260802664730154,-1.343991231458241,4.196634146,0.33014892946685365,0.9954934893810627,0.26411914357348293,0.2629288878483044
2.831658498,0.260983592489249,-1.343297737661335,4.19244443,0.33037692404079333,0.9954187560715609,0.26430153923263466,0.2630907094107481
2.829002187,0.26116464581690246,-1.342604243662401,4.188259244,0.3306050589924919,0.9953439898016196,0.2644840471939935,0.2632526067729493
2.826347718,0.26134582471315276,-1.3419107497948897,4.184078583,0.330833334277926,0.9952691903538987,0.2646666674223408,0.2634145797990977
2.823695089,0.2615271293144682,-1.3412172558698925,4.179902442,0.3310617500248488,0.9951943574546389,0.26484940001987906,0.26357662847503016
2.821044299,0.26170855968922124,-1.3405237619594528,4.175730817,0.331290306275082,0.9951194908581201,0.2650322450200656,0.26373875272535224
2.818395346,0.2618901159743871,-1.3398302678736929,4.171563704,0.3315190031567347,0.9950445902902406,0.26521520252538777,0.2639009525356177
2.81574823,0.26207179816997517,-1.339136773946119,4.167401097,0.3317478406252563,0.9949696555333286,0.26539827250020503,0.2640632277686695
2.81310295,0.26225360634440775,-1.3384432802486796,4.163242993,0.3319768187221576,0.9948946863413994,0.2655814549777261,0.2642255783481573
2.810459502,0.26243554077274117,-1.3377497860659828,4.159089386,0.33220593774903967,0.9948196823832122,0.26576475019923174,0.26438800438185345
2.807817888,0.2626176013173874,-1.3370562922561258,4.154940272,0.3324351974876946,0.9947446434975848,0.2659481579901557,0.2645505056087568
2.805178105,0.26279978818494754,-1.3363627983653568,4.150795647,0.332664598153241,0.9946695693813696,0.26613167852259284,0.26471308207480854
2.802540152,0.26298210144448725,-1.3356693044643975,4.146655506,0.33289413978746046,0.9945944597880493,0.26631531182996837,0.26487573370281325
2.799904027,0.2631645412343463,-1.334975810360769,4.142519845,0.3331238225192191,0.9945193144425051,0.2664990580153753,0.26503846047702445
2.797269731,0.26334710748521223,-1.334282316651269,4.138388659,0.3333536462158375,0.9944441331550744,0.26668291697267005,0.26520126219615353
2.79463726,0.26352980047426194,-1.3335888226164696,4.134261944,0.33358361118069374,0.9943689155933363,0.266866888944555,0.2653641389675645
2.792006614,0.2637126202016693,-1.3328953285895664,4.130139695,0.3338137173683209,0.9942936615388849,0.2670509738946567,0.26552709065124336
2.789377793,0.26389556666724256,-1.3322018349044473,4.126021908,0.3340439647326951,0.9942183707733747,0.2672351717861561,0.26569011710657503
2.786750793,0.26407864014937305,-1.3315083408393813,4.121908578,0.334274353578264,0.9941430429637578,0.26741948286261125,0.2658532184408308
2.784125615,0.2642618405784608,-1.3308148469917107,4.117799701,0.33450488377138954,0.9940676779201335,0.2676039070171116,0.26601639445085545
2.781502256,0.2644451681638769,-1.3301213529024245,4.113695272,0.3347355555293652,0.9939922753377644,0.26778844442349214,0.2661796451816674
2.778880717,0.2646286228356755,-1.3294278591695203,4.109595287,0.3349663687178947,0.9939168350267483,0.26797309497431576,0.26634297042919414
2.776260994,0.2648122048737821,-1.328734365068363,4.105499741,0.33519732364275073,0.9938413566532452,0.2681578589142006,0.26650637030051866
2.773643088,0.26499591420819607,-1.3280408711970537,4.101408631,0.33542842016932456,0.9937658400272534,0.26834273613545967,0.2666698445908667
2.771026997,0.26517975097912033,-1.3273473773595834,4.09732195,0.33565965842733203,0.9936902848722877,0.26852772674186565,0.2668333932822323
2.768412719,0.2653637153271693,-1.3266538833591668,4.093239696,0.33589103854685265,0.9936146909116607,0.26871283083748215,0.2669970163565822
2.765800254,0.2655478072523387,-1.3259603895293364,4.089161863,0.3361225604809711,0.9935390579264196,0.2688980483847769,0.267160713670464
2.763189599,0.265732026966096,-1.3252668954071232,4.085088448,0.3363542244485987,0.9934633856106815,0.26908337955887895,0.2673244852681279
2.760580755,0.26591637439786875,-1.3245734015917066,4.081019445,0.33658603031383005,0.9933876737743762,0.2692688242510641,0.2674883309427259
2.757973719,0.2661008497595616,-1.3238799076192946,4.076954851,0.3368179782958465,0.9933119221113614,0.2694543826366772,0.26765225073816806
2.755368491,0.2662854530511637,-1.3231864138234328,4.07289466,0.33705006834722867,0.9932361304024855,0.26964005467778296,0.2678162445096757
2.752765068,0.2664701844853135,-1.322492919738949,4.068838869,0.33728230068777915,0.9931602983412445,0.26982584055022335,0.2679803123010369
2.750163451,0.26665504399104123,-1.32179942596577,4.064787473,0.3375146751806257,0.9930844257375224,0.2700117401445006,0.2681444539037905
2.747563637,0.26684003178142696,-1.3211059320378953,4.060740468,0.33774719204584497,0.9930085122845668,0.270197753636676,0.2683086693613875
2.744965625,0.2670251479277597,-1.3204124380218494,4.056697848,0.33797985132513003,0.9929325577337922,0.270383881060104,0.26847295859099857
2.742369414,0.2672103925013534,-1.3197189439841104,4.052659611,0.3382126530600789,0.9928565618365641,0.27057012244806317,0.26863732150948216
2.739775004,0.26739576550204674,-1.319025450258505,4.048625751,0.33844559720235,0.9927805243735238,0.27075647776188,0.2688017579699676
2.737182391,0.2675812672157054,-1.31833195610923,4.044596264,0.3386786840628893,0.9927044450079606,0.2709429472503115,0.26896626807894164
2.734591577,0.26776689749921745,-1.3176384624048085,4.040571146,0.338911913413475,0.9926283235790762,0.27112953073078,0.2691308515620758
2.732002558,0.26795265663909545,-1.3169449684082282,4.036550392,0.33914528556556967,0.9925521597498475,0.27131622845245573,0.26929550852566797
2.729415334,0.2681385446354793,-1.3162514744527523,4.032533998,0.33937880047069063,0.9924759533006616,0.27150304037655254,0.269460238821747
2.726829904,0.268324561560135,-1.3155579806040139,4.02852196,0.33961245817022506,0.9923997039824994,0.27168996653618005,0.26962504236552026
2.724246266,0.26851070755695294,-1.314864486659086,4.024514272,0.3398462587960188,0.9923234115167524,0.27187700703681505,0.2697899191357364
2.721664419,0.2686969826980523,-1.3141709926829426,4.020510932,0.3400802023896279,0.9922470756542084,0.2720641619117023,0.2699548690471997
2.719084362,0.2688833870555798,-1.3134774987405071,4.016511934,0.3403142889925161,0.992170696145617,0.2722514311940129,0.27011989201440434
2.716506094,0.2690699207017095,-1.3127840048966521,4.012517274,0.3405485186460552,0.9920942727416898,0.27243881491684413,0.27028498795153433
2.713929613,0.2692565837811423,-1.3120905109469414,4.008526948,0.34078289148255075,0.9920178051634052,0.27262631318604064,0.27045015683660717
2.711354918,0.2694433763664098,-1.3113970169555829,4.004540951,0.3410174075435478,0.99194129316129,0.2728139260348383,0.270615398583406
2.708782008,0.26963029853007203,-1.3107035229867314,4.00055928,0.34125206687050025,0.9918647364858384,0.2730016534964002,0.27078071310540514
2.706210882,0.26981735034471793,-1.3100100291044883,3.996581929,0.34148686950477175,0.9917881348875114,0.2731894956038174,0.27094610031577004
2.703641538,0.2700045319558677,-1.309316535102897,3.992608894,0.3417218155791367,0.9917114880868886,0.2733774524633094,0.2711115601917912
2.701073976,0.2701918433634681,-1.3086230413155806,3.988640172,0.34195690504351506,0.9916347958641442,0.27356552403481205,0.27127709258172844
2.698508193,0.2703792847864052,-1.3079295472657193,3.984675758,0.3421921381224807,0.9915580579097946,0.2737537104979846,0.27144269752698175
2.695944189,0.270566856224787,-1.307236053286638,3.980715647,0.34242751476589406,0.9914812740039193,0.27394201181271527,0.2716083748752676
2.693381963,0.2707545577516538,-1.3065425594416018,3.976759835,0.3426630350150281,0.9914044438967196,0.2741304280120225,0.27177412453842886
2.690821513,0.2709423895134861,-1.3058490655228767,3.972808317,0.34289869900316666,0.9913275673083296,0.27431895920253335,0.2719399464928003
2.688262838,0.2711303515836905,-1.3051555715930507,3.968861091,0.34313450677176516,0.9912506439887849,0.27450760541741215,0.27210584064982907
2.685705937,0.271318444035705,-1.304462077714654,3.964918151,0.34337045836219093,0.9911736736880995,0.2746963666897528,0.27227180692065556
2.683150808,0.2715066670167148,-1.3037685836786526,3.960979492,0.34360655390818423,0.9910966561261034,0.2748852431265474,0.2724378452811321
2.680597451,0.2716950205267096,-1.3030750898185897,3.957045112,0.34384279335871737,0.9910195910828514,0.2750742346869739,0.2726039555769132
2.678045864,0.271883504713143,-1.3023815959249363,3.953115004,0.34407917684759726,0.9909424782780546,0.2752633414780778,0.2727701377833848
2.675496046,0.27207211964988737,-1.3016881020594229,3.949189166,0.3443157044162034,0.9908653174615293,0.2754525635329627,0.2729363918106812
2.672947995,0.272260865484974,-1.3009946080114574,3.945267593,0.34455237619877355,0.9907881083527528,0.27564190095901886,0.2731027176339431
2.670401711,0.27244974221842067,-1.300301114114532,3.94135028,0.34478919214381293,0.9907108507317499,0.27583135371505035,0.27326911509752777
2.667857192,0.2726387499985305,-1.2996076201575557,3.937437224,0.3450261523856292,0.990633544317888,0.2760209219085034,0.2734355841761117
2.665314437,0.27282788889961745,-1.2989141262014476,3.933528419,0.34526325696562205,0.9905561888608017,0.27621060557249766,0.2736021247788274
2.662773445,0.2730171589960296,-1.2982206323070637,3.929623863,0.34550050592510606,0.9904787841101135,0.27640040474008487,0.27376873681450253
2.660234214,0.2732065604367907,-1.2975271382619915,3.925723549,0.3457378993988621,0.9904013297849119,0.2765903195190897,0.2739354202573401
2.657696744,0.27339609322188246,-1.2968336443997897,3.921827476,0.3459754373347274,0.9903238256652407,0.27678034986778194,0.2741021749500256
2.655161033,0.2735857575006053,-1.2961401505075383,3.917935637,0.3462131198671129,0.9902462714655533,0.2769704958936903,0.2742690008646922
2.65262708,0.2737755533477565,-1.2954466566452716,3.914048029,0.3464509470325194,0.9901686668857231,0.2771607576260155,0.2744358978915888
2.650094883,0.2739654809132259,-1.2947531625989928,3.910164647,0.3466889189651033,0.9900910116321586,0.27735113517208265,0.2746028659998549
2.647564442,0.2741555401970332,-1.2940596687021906,3.906285488,0.346927035612451,0.9900133054863246,0.2775416284899608,0.2747699050314035
2.645035755,0.2743457313493486,-1.2933661747403566,3.902410547,0.34716529711011385,0.9899355481680826,0.2777322376880911,0.2749370149597086
2.642508821,0.2745360544454259,-1.2926726807726914,3.89853982,0.34740370349961225,0.9898577394277149,0.2779229627996898,0.2751041956919539
2.639983639,0.2747265095605557,-1.2919791868583281,3.894673303,0.3476422548223525,0.9897798790152804,0.27811380385788204,0.2752714471349339
2.637460208,0.2749170967700659,-1.291285693056332,3.890810991,0.3478809511196279,0.9897019666806147,0.27830476089570233,0.27543876919505483
2.634938526,0.2751078162250054,-1.290592199150594,3.886952881,0.34811979252739433,0.989624002142396,0.27849583402191547,0.27560616184475245
2.632418592,0.27529866800109143,-1.2898987051994706,3.883098967,0.3483587790870886,0.9895459851498953,0.27868702326967093,0.27577362498987834
2.629900405,0.27548965217407945,-1.2892052112612493,3.879249246,0.3485979108400349,0.9894679154521682,0.27887832867202794,0.2759411585358961
2.627383964,0.27568076881976317,-1.2885117173941487,3.875403714,0.34883718782744516,0.9893897927980541,0.27906975026195613,0.27610876238788146
2.624869267,0.2758720180900803,-1.2878182233804443,3.871562367,0.3490766101856908,0.9893116169050713,0.27926128814855267,0.27627643651723766
2.622356314,0.2760633999850077,-1.2871247295537027,3.8677252,0.3493161778607371,0.9892333875526593,0.2794529422885897,0.2764441807616994
2.619845102,0.27625491473308905,-1.2864312354194203,3.863892208,0.3495558910844998,0.9891551044266355,0.27964471286759984,0.2766119951589072
2.617335632,0.27644656225806363,-1.2857377415872753,3.860063389,0.3497957497072032,0.989076767337217,0.27983659976576253,0.27677987947895905
2.614827902,0.27663834271244925,-1.285044247838492,3.856238738,0.3500357538652704,0.988998376000917,0.28002860309221633,0.2769478336920073
2.612321909,0.2768302563258628,-1.2843507536766245,3.85241825,0.3502759037914048,0.9889199301025454,0.28022072303312384,0.2771158578352016
2.609817654,0.27702230302184677,-1.2836572597117073,3.848601922,0.3505161993351275,0.9888414294518376,0.280412959468102,0.2772839516772582
2.607315136,0.27721448287682954,-1.2829637660008077,3.844789749,0.35075664053713745,0.9887628737958516,0.28060531242971,0.2774521151203828
2.604814352,0.277406796121189,-1.2822702720461063,3.840981727,0.35099722763055774,0.988684262818534,0.2807977821044462,0.2776203482010138
2.602315302,0.27759924275501413,-1.281576778180967,3.837177852,0.3512379605602263,0.988605596297785,0.2809903684481811,0.2777886507536484
2.599817984,0.2777918229323452,-1.2808832841838644,3.83337812,0.35147883946340747,0.9885268739483966,0.281183071570726,0.277957022747018
2.597322397,0.2779845367304175,-1.280189790110411,3.829582527,0.351719864381116,0.9884480955163776,0.28137589150489284,0.2781254640822342
2.594828541,0.27817738414912624,-1.27949629629432,3.825791068,0.35196103525749023,0.9883692607791797,0.2815688282059922,0.2782939745924164
2.592336413,0.2783703654204504,-1.2788028022348878,3.82200374,0.3522023523267421,0.9882903694192079,0.28176188186139367,0.27846255431304795
2.589846014,0.2785634804668811,-1.2781093085440431,3.818220538,0.35244381543590086,0.9882114212452134,0.2819550523487207,0.27863120300879785
2.58735734,0.2787567295986187,-1.2774158144413985,3.814441458,0.3526854249166145,0.9881324159072787,0.2821483399332916,0.27879992078251153
2.584870392,0.27895011273813436,-1.2767223205389182,3.810666496,0.3529271806155737,0.9880533532138279,0.28234174449245897,0.27896870739801594
2.582385168,0.27914363004084436,-1.2760288266126034,3.806895649,0.35316908267055114,0.9879742328778879,0.2825352661364409,0.2791375628221001
2.579901667,0.27933728158461174,-1.2753353327169394,3.803128911,0.35341113112219347,0.9878950546440255,0.28272890489775476,0.2793064869534129
2.577419888,0.2795310674473446,-1.2746418389063308,3.799366279,0.3536533260110421,0.9878158182566287,0.2829226608088337,0.2794754796902207
2.574939829,0.27972498778524196,-1.2739483449553763,3.795607748,0.35389566747531276,0.9877365234279111,0.2831165339802502,0.2796445409986124
2.572461489,0.2799190426766277,-1.2732548509177364,3.791853315,0.35413815555571787,0.9876571699017687,0.28331052444457433,0.27981367077631414
2.569984868,0.28011323212140854,-1.2725613571271024,3.788102976,0.3543807901948323,0.9875777574540098,0.28350463215586585,0.27998286885231394
2.567509963,0.2803075563548188,-1.271867863076938,3.784356726,0.35462357162910096,0.9874982857640514,0.28369885730328076,0.28015213526021
2.565036774,0.28050201537696673,-1.2711743691005748,3.780614561,0.35486649980101853,0.9874187546073115,0.28389319984081485,0.28032146982830203
2.5625653,0.2806966092663621,-1.270480875251341,3.776876477,0.35510957475088334,0.9873391637269956,0.28408765980070666,0.2804908724527889
2.560095539,0.2808913381804611,-1.2697873813015916,3.773142471,0.3553527966174338,0.987259512833867,0.284282237293947,0.2806603430981439
2.55762749,0.28108620219819586,-1.269093887303902,3.769412537,0.355596165441146,0.9871798016706573,0.28447693235291677,0.28082988166002937
2.555161152,0.28128120139854634,-1.2684003933107635,3.765686673,0.3558396812623935,0.9871000299799324,0.2846717450099148,0.2809994880337266
2.552696524,0.2814763358605408,-1.267706899374581,3.761964873,0.35608334412144876,0.9870201975040942,0.28486667529715903,0.28116916211413656
2.550233605,0.28167160566325605,-1.2670134055476736,3.758247135,0.35632715405848236,0.9869403039853837,0.2850617232467859,0.2813389037957802
2.547772393,0.2818670109652663,-1.2663199116004062,3.754533453,0.35657111121274876,0.9868603491333718,0.285256888970199,0.2815087130418301
2.545312888,0.282062551766517,-1.2656264178664003,3.750823824,0.3568152155252888,0.9867803327223956,0.285452172420231,0.2816785896771662
2.542855087,0.2822582283055711,-1.2649329238331968,3.747118244,0.3570594672348552,0.9867002544290111,0.2856475737878842,0.2818485337335351
2.54039899,0.28245404058258416,-1.2642394298340445,3.743416708,0.3573038662824176,0.9866201140271946,0.2858430930259341,0.2820185450351331
2.537944596,0.28264998867721103,-1.2635459359202366,3.739719214,0.35754841270803106,0.9865399112582596,0.28603873016642484,0.28218862347481
2.535491904,0.2828460726691569,-1.262852442142976,3.736025755,0.357793106551651,0.9864596458633677,0.2862344852413208,0.28235876894503664
2.533040911,0.2830422927984034,-1.2621589479872923,3.73233633,0.35803794805305295,0.9863793175179332,0.28643035844244236,0.2825289814768733
2.530591618,0.28323864898497586,-1.261465454069508,3.728650933,0.3582829370525934,0.986298926028221,0.28662634964207473,0.28269926082336766
2.528144023,0.28343514138906795,-1.2607719601571201,3.72496956,0.35852807369015066,0.9862184711020504,0.28682245895212055,0.28286960694549096
2.525698125,0.2836317700909235,-1.26007846630038,3.721292208,0.35877335800567534,0.9861379524798444,0.28701868640454026,0.2830400197344279
2.523253922,0.28382853525139706,-1.2593849722656183,3.717618873,0.35901879013949906,0.9860573698688891,0.28721503211159927,0.2832104991507721
2.520811414,0.284025436870502,-1.2586914783863359,3.71394955,0.35926437003115924,0.9859767230422156,0.2874114960249274,0.2833810450153187
2.518370599,0.2842224751094221,-1.2579979844282836,3.710284236,0.35951009782105453,0.9858960117067264,0.28760807825684365,0.2835516572880582
2.515931477,0.28441964996805313,-1.2573044907251694,3.706622926,0.35975597344826815,0.9858152356352711,0.28780477875861454,0.2837223357888807
2.513494045,0.28461696168891615,-1.2566109967575447,3.702965617,0.360001997154268,0.9857343945011846,0.28800159772341444,0.2838930805472637
2.511058303,0.284814410272127,-1.2559175028587306,3.699312304,0.36024816887807665,0.9856534880769917,0.28819853510246135,0.2840638913824204
2.508624249,0.28501199587987003,-1.2552240087927182,3.695662984,0.3604944887606239,0.9855725160686981,0.28839559100849915,0.28423476825336574
2.506191883,0.28520971851214566,-1.2545305148930312,3.692017653,0.3607409567404812,0.9854914782486583,0.28859276539238493,0.28440571097840966
2.503761203,0.2854075783314734,-1.253837020923073,3.688376306,0.360987572958651,0.9854103743225128,0.28879005836692084,0.2845767195159678
2.501332208,0.2856055754193091,-1.2531435269309628,3.68473894,0.3612343374549107,0.9853292040290111,0.28898746996392854,0.28474779375391546
2.498904898,0.2858037097754807,-1.2524500332505273,3.68110555,0.36148125016715466,0.9852479671402681,0.2891850001337237,0.28491893350920944
2.496479269,0.2860019817266075,-1.2517565390722785,3.677476133,0.3617283114403392,0.9851666632942969,0.28938264915227135,0.28509013888060736
2.494055323,0.2862003911092624,-1.2510630453014526,3.673850685,0.36197552100859504,0.9850852923299447,0.289580416806876,0.2852614095432287
2.491633057,0.28639893816883405,-1.2503695514135735,3.670229202,0.36222287911529927,0.9850038539183146,0.2897783032922394,0.28543274552476605
2.48921247,0.2865976229874015,-1.2496760574556713,3.666611679,0.3624703858001599,0.9849223477973731,0.2899763086401279,0.28560414671145046
2.486793561,0.2867964456471015,-1.2489825634746756,3.662998114,0.36271804110279326,0.9848407737049643,0.2901744328822346,0.28577561298913917
2.484376329,0.2869954062301288,-1.2482890695174145,3.659388501,0.36296584506272456,0.9847591313788118,0.29037267605017963,0.285947144243316
2.481960773,0.28719450481873654,-1.2475955756306152,3.655782838,0.36321379771938744,0.9846774205565202,0.29057103817550994,0.2861187403590913
2.479546891,0.2873937415778312,-1.2469020815735086,3.652181119,0.3634618992149726,0.9845956409416725,0.2907695193719781,0.28629040129235483
2.477134683,0.28759311650741715,-1.2462085876796118,3.648583342,0.36371014948615077,0.9845137923054409,0.2909681195889206,0.28646212685647127
2.474724147,0.2877926297727484,-1.2455150937075519,3.644989502,0.3639585486751979,0.9844318743510743,0.2911668389401583,0.2866339170067374
2.472315283,0.2879922813737188,-1.2448215999910373,3.641399595,0.364207096718339,0.9843498868496213,0.29136567737467123,0.28680577155562087
2.469908088,0.2881920715589859,-1.2441281059998959,3.637813618,0.36445579386131816,0.9842678294698863,0.29156463508905456,0.2869776905292832
2.467502562,0.28839200032867923,-1.2434346120674273,3.634231566,0.3647046400403156,0.9841857019826449,0.2917637120322525,0.28714967373952466
2.465098704,0.28859206776581336,-1.242741118239034,3.630653435,0.3649536352945369,0.984103504124553,0.29196290823562954,0.28732172106907833
2.462696512,0.28879227403686486,-1.2420476242712195,3.627079223,0.36520277976688154,0.9840212355978872,0.29216222381350526,0.2874938324719919
2.460295985,0.2889926192253175,-1.2413541302085733,3.623508924,0.36545207349678105,0.9839388961389309,0.2923616587974249,0.287666007830485
2.457897123,0.28919310333108483,-1.2406606363847692,3.619942535,0.36570151641952914,0.9838564855182438,0.29256121313562333,0.2878382469545682
2.455499924,0.28939372652117584,-1.239967142555389,3.616380052,0.36595110867816544,0.9837740034376286,0.2927608869425324,0.28801054979740603
2.453104386,0.2895944889631263,-1.2392736484751041,3.612821471,0.3662008504161811,0.9836914495985705,0.2929606803329449,0.288182916312098
2.450710509,0.2897953906570376,-1.2385801544772639,3.609266788,0.3664507415686099,0.9836088237713239,0.2931605932548879,0.2883553463075438
2.448318292,0.2899964316867069,-1.2378866606059156,3.605716,0.36670078217445085,0.9835261256916626,0.2933606257395607,0.28852783966411194
2.445927733,0.2901976122202096,-1.2371931666147988,3.602169102,0.36695097237734225,0.9834433550606133,0.2935607779018738,0.28870039633402234
2.443538832,0.29039893225748875,-1.2364996728375366,3.598626091,0.36720131211165713,0.9833605116482985,0.2937610496893257,0.28887301612483657
2.441151586,0.29060039205142996,-1.2358061787366446,3.595086962,0.3674518016261301,0.9832775951206842,0.2939614413009041,0.2890456990605632
2.438765996,0.29080199151765723,-1.2351126849361225,3.591551712,0.3677024407499694,0.9831946052824655,0.2941619525999755,0.28921844487565224
2.436382059,0.29100373090965437,-1.2344191908974569,3.588020337,0.3679532297322834,0.9831115417992027,0.29436258378582675,0.2893912535936811
2.433999775,0.29120561022750796,-1.2337256969540236,3.584492834,0.36820416850697385,0.983028404440701,0.2945633348055791,0.2895641250206605
2.431619143,0.2914076295558187,-1.233032203148485,3.580969197,0.36845525711285465,0.9829451929419172,0.2947642056902837,0.2897370590346069
2.429240161,0.29160978906428947,-1.2323387092317806,3.577449425,0.36870649569433267,0.9828619070026818,0.29496519655546616,0.28991005558592636
2.426862828,0.291812088838007,-1.2316452152457387,3.573933511,0.36895788429046494,0.9827785463576103,0.295166307432372,0.29008311455213004
2.424487143,0.29201452896212554,-1.2309517212320717,3.570421454,0.3692094229402275,0.9826951107412301,0.29536753835218205,0.29025623581036203
2.422113106,0.2922171094364758,-1.2302582275245948,3.566913248,0.3694611115764289,0.9826115999231901,0.29556888926114316,0.2904294191644121
2.419740714,0.29241983051701037,-1.229564733580557,3.56340889,0.3697129504499164,0.9825280135674987,0.29577036035993315,0.2906026646365884
2.417369966,0.2926226922894423,-1.2288712394407155,3.559908377,0.3699649395998329,0.9824443514082657,0.29597195167986634,0.29077597210316486
2.415000863,0.2928256946680602,-1.2281777457313598,3.556411704,0.3702170788522482,0.982360613250269,0.29617366308179854,0.29094934129361416
2.412633401,0.2930288379955993,-1.2274842516151427,3.552918868,0.37046936856522406,0.9822767987215061,0.29637549485217923,0.29112277230290085
2.410267581,0.2932321221863675,-1.2267907577183215,3.549429865,0.37072180856453335,0.9821929076266546,0.2965774468516267,0.2912962648596888
2.407903401,0.29343554741210226,-1.2260972637883532,3.54594469,0.37097439899549767,0.9821089396641349,0.29677951919639817,0.2914698189120064
2.40554086,0.29363911375886415,-1.225403769865402,3.542463341,0.37122713989686307,0.9820248945676675,0.29698171191749045,0.29164343433429896
2.403179957,0.29384282131278433,-1.224710275989511,3.538985813,0.3714800313072972,0.9819407720708985,0.29718402504583774,0.29181711100064717
2.400820691,0.29404667016006464,-1.2240167822006038,3.535512103,0.3717330732653896,0.9818565719074008,0.2973864586123117,0.2919908487847665
2.39846306,0.29425066047356124,-1.2233232882442318,3.532042206,0.3719862659171141,0.9817722937749004,0.29758901273369126,0.2921646476337641
2.396107063,0.2944547923399787,-1.2226297941594633,3.52857612,0.3722396093013202,0.9816879374066554,0.29779168744105616,0.2923385074208578
2.3937527,0.29465906575927,-1.2219363002799024,3.52511384,0.3724931033490423,0.9816035025717464,0.29799448267923384,0.29251242794499155
2.391399969,0.2948634809048676,-1.2212428063501222,3.521655362,0.3727467482064389,0.9815189889675185,0.2981973985651511,0.2926864091524113
2.389048869,0.2950680378636936,-1.2205493124088211,3.518200683,0.37300054391213117,0.9814343963270254,0.29840043512970493,0.29286045091524365
2.386699399,0.29527273672274335,-1.2198558184945747,3.514749798,0.3732544905046645,0.9813497243832561,0.29860359240373163,0.29303455310525217
2.384351558,0.2954775775690854,-1.2191623246458336,3.511302705,0.373508588022509,0.9812649728691345,0.29880687041800724,0.2932087155938369
2.382005344,0.2956825605772904,-1.2184688306052407,3.507859399,0.37376283661249515,0.9811801414813373,0.29901026928999613,0.29338293832633117
2.379660757,0.2958876857473894,-1.2177753367062683,3.504419877,0.37401723620478755,0.9810952299887318,0.29921378896383005,0.2935572210992687
2.377317795,0.29609295325434426,-1.2170818426908974,3.500984135,0.3742717869463474,0.9810102380877535,0.2994174295570779,0.2937315638574121
2.374976458,0.29629836309809304,-1.2163883488927576,3.497552168,0.3745264887669122,0.9809251655472694,0.29962119101352974,0.2939059663964167
2.372636744,0.2965039154539912,-1.2156948550531648,3.494123974,0.37478134181357603,0.9808400120634786,0.29982507345086085,0.29408042866047573
2.370298651,0.296709610497957,-1.2150013609124855,3.490699549,0.37503634623392046,0.9807547773322838,0.3000290769871364,0.2942549505937296
2.36796218,0.29691544814199783,-1.2143078671008802,3.487278888,0.3752915018481892,0.9806694611589265,0.30023320147855137,0.29442953191599036
2.365627328,0.297121428650344,-1.2136143730615414,3.483861989,0.37554680891309605,0.980584063202653,0.3004374471304769,0.29460417264543526
2.363294095,0.297327552023071,-1.2129208791278672,3.480448847,0.37580226735773603,0.9804985832321725,0.3006418138861888,0.29477887257575863
2.36096248,0.2975338183483679,-1.2122273853364152,3.477039458,0.37605787722026857,0.9804130209796568,0.30084630177621485,0.2949536315749763
2.358632481,0.29774022780315035,-1.211533891425873,3.47363382,0.376313638648621,0.9803273761404394,0.3010509109188968,0.29512844958581125
2.356304097,0.29794678047613155,-1.210840397431918,3.470231927,0.37656955168123446,0.9802416484464093,0.3012556413449876,0.2953033264757909
2.353977327,0.2981534764561037,-1.2101469033900942,3.466833778,0.3768256163564804,0.9801558376294057,0.3014604930851843,0.2954782621120825
2.351652171,0.298360315742919,-1.2094534096341747,3.463439366,0.3770818326023968,0.9800699434581931,0.30166546608191747,0.2956532562861943
2.349328626,0.29856729860344255,-1.2087599156029238,3.46004869,0.3773382006776031,0.9799839655906347,0.3018705605420825,0.29582830901509777
2.347006692,0.29877442503780927,-1.2080664216296408,3.456661745,0.3775947205074101,0.9798979037875224,0.3020757764059281,0.29600342008515723
2.344686368,0.2989816951351296,-1.2073729277493361,3.453278528,0.3778513921203612,0.9798117577532743,0.30228111369628896,0.29617858934637825
2.342367653,0.2991891089845944,-1.2066794339968863,3.449899035,0.3781082155536971,0.9797255272174484,0.30248657244295774,0.2963538166628757
2.340050545,0.2993966667651133,-1.2059859401076358,3.446523262,0.37836519095635035,0.9796392118744535,0.3026921527650803,0.296529101975365
2.337735043,0.2996043685664117,-1.2052924461155672,3.443151206,0.3786223183665911,0.9795528114555384,0.3028978546932729,0.29670444514864663
2.335421146,0.29981221447829726,-1.204598952054526,3.439782862,0.3788795978225758,0.9794663256916972,0.30310367825806067,0.2968798460470611
2.333108854,0.30002020450064787,-1.2039054582582405,3.436418228,0.3791370292509434,0.979379754351145,0.30330962340075474,0.2970553044585695
2.330798164,0.3002283389033356,-1.2032119641604488,3.433057299,0.3793946129122863,0.9792930970894957,0.30351569032982906,0.29723082039835463
2.328489077,0.3004366175962668,-1.202518470394832,3.429700072,0.3796523486214703,0.9792063537120008,0.3037218788971763,0.29740639357746185
2.32618159,0.30064504084997956,-1.2018249763940179,3.426346543,0.37991023663943424,0.9791195238735274,0.3039281893115474,0.29758202401046563
2.323875703,0.3008536086645596,-1.2011314824913886,3.422996708,0.3801682768922222,0.9790326073413647,0.3041346215137778,0.29775771148341296
2.321571414,0.30106232122095206,-1.2004379884188963,3.419650565,0.3804264695294329,0.9789456038072362,0.30434117562354635,0.2979334559341967
2.319268723,0.30127117851916085,-1.1997444945100586,3.416308108,0.38068481447659985,0.9788585130380747,0.3045478515812799,0.2981092571477919
2.316967629,0.3014801806496617,-1.1990510007976083,3.412969335,0.38094331177097834,0.9787713347629127,0.3047546494167827,0.2982851149848679
2.314668129,0.3016893278850481,-1.1983575067107581,3.409634242,0.381201961674818,0.9786840686345825,0.3049615693398544,0.29846102945871605
2.312370224,0.3018986201344382,-1.1976640128844986,3.406302825,0.3814607640006237,0.97859671445735,0.305168611200499,0.29863700027632073
2.310073912,0.3021080575798333,-1.1969705190490283,3.402975081,0.38171971889816064,0.9785092719214301,0.30537577511852854,0.2988130273736737
2.307779191,0.3023176404038271,-1.1962770249335644,3.399651005,0.3819788265176632,0.9784217407165459,0.3055830612141306,0.29898911068662043
2.305486062,0.3025273685150393,-1.1955835311739234,3.396330595,0.3822380866704403,0.9783341206466553,0.30579046933635223,0.2991652499203082
2.303194522,0.30273724218776116,-1.1948900371965059,3.393013847,0.382497499619641,0.9782464113627789,0.30599799969571284,0.2993414450865198
2.300904571,0.302947261422057,-1.1941965433347304,3.389700756,0.38275706528919984,0.978158612630307,0.30620565223135987,0.29951769596618527
2.298616207,0.3031574264013795,-1.1935030493163945,3.38639132,0.38301678382949833,0.9780707241377872,0.3064134270635987,0.29969400249363504
2.29632943,0.30336773712571563,-1.1928095554750446,3.383085535,0.3832766551639654,0.9779827456502913,0.3066213241311724,0.2998703644487319
2.294044238,0.3035781937789507,-1.1921160615377642,3.379783397,0.3835366794430597,0.9778946768557889,0.3068293435544478,0.30004678176505056
2.29176063,0.3037887964532828,-1.1914225675344365,3.376484902,0.3837968567037109,0.9778065174804023,0.3070374853629687,0.3002232542987044
2.289478605,0.30399954524100026,-1.1907290734947966,3.373190047,0.3840571869827429,0.9777182672500349,0.3072457495861943,0.30039978190535205
2.287198163,0.304210440141938,-1.1900355797526405,3.369898829,0.3843176702025764,0.9776299259291439,0.30745413616206113,0.3005763643627247
2.284919301,0.30442148143352515,-1.1893420857291954,3.366611243,0.3845783066282744,0.9775414931657224,0.30766264530261955,0.3007530016804387
2.282642019,0.30463266911590703,-1.1886485917577472,3.363327287,0.3848390961821939,0.9774529687237306,0.30787127694575517,0.30092969363539424
2.280366316,0.30484400328173594,-1.1879550978674318,3.360046956,0.38510003890073935,0.9773643523282118,0.3080800311205915,0.3011064400814323
2.27809219,0.3050554841168149,-1.1872616037821795,3.356770247,0.38536113493509594,0.9772756436649573,0.3082889079480768,0.30128324094972353
2.275819642,0.30526711152799174,-1.1865681101407233,3.353497156,0.38562238409183713,0.9771868425366055,0.3084979072734697,0.30146009593771234
2.273548668,0.3054788858877598,-1.185874616055943,3.35022768,0.38588378675215346,0.9770979485502442,0.3087070294017228,0.30163700513146324
2.271279269,0.3056908071030239,-1.1851811221664788,3.346961815,0.3861453427222656,0.9770089615081663,0.3089162741778125,0.30181396822743656
2.269011443,0.30590287536047633,-1.184487628194803,3.343699558,0.3864070521535367,0.9769198810950629,0.3091256417228294,0.30199098515530154
2.266745189,0.30611509075371596,-1.1837941341685012,3.340440905,0.3866689150821963,0.9768307070345323,0.3093351320657571,0.3021680557664139
2.264480507,0.30632745328259975,-1.183100640421332,3.337185853,0.3869309314286019,0.9767414390894226,0.30954474514288155,0.3023451798334267
2.262217394,0.3065399632284592,-1.1824071463681283,3.333934397,0.38719310146017477,0.9766520769040943,0.30975448116813986,0.302522357363214
2.259955851,0.30675262049737495,-1.1817136526488772,3.330686535,0.38745542498115204,0.9765626202805198,0.3099643399849217,0.302699588049197
2.257695875,0.30696542537139077,-1.1810201586772493,3.327442262,0.38771790225934755,0.9764730688623882,0.31017432180747806,0.30287687189765805
2.255437466,0.307178377850616,-1.1803266647865915,3.324201576,0.3879805332145698,0.9763834224118274,0.3103844265716559,0.3030542086793659
2.253180622,0.307391478123713,-1.1796331706961607,3.320964473,0.38824331799896106,0.9762936806114506,0.3105946543991689,0.30323159832160607
2.250925343,0.3076047261907238,-1.1789396767394131,3.317730948,0.3885062565318353,0.9762038432231384,0.3108050052254683,0.30340904059408974
2.248671628,0.30781812214601584,-1.1782461829426807,3.314500999,0.3887693488486242,0.9761139099689208,0.31101547907889937,0.30358653534456154
2.246419475,0.308031666178937,-1.1775526890241057,3.311274623,0.3890325951016218,0.9760238805306299,0.3112260760812975,0.30376408249918907
2.244168883,0.3082453583844451,-1.17685919500906,3.308051814,0.3892959953265127,0.9759337546297089,0.3114367962612102,0.30394168190505055
2.241919852,0.3084591987624498,-1.1761657012312152,3.304832571,0.38955954944162374,0.975843532027566,0.311647639553299,0.30411933332974506
2.239672379,0.3086731875982698,-1.175472207098917,3.30161689,0.3898232577168176,0.9757532123650405,0.31185860617345407,0.30429703677743186
2.237426465,0.3088873247967348,-1.174778713254187,3.298404766,0.3900871199528186,0.9756627954433958,0.31206969596225487,0.3044747919357042
2.235182108,0.3091016105483481,-1.1740852194132922,3.295196197,0.39035113630218704,0.9755722809431882,0.31228090904174965,0.30465259872887196
2.232939306,0.3093160450442431,-1.1733917252914805,3.291991178,0.390615306917989,0.9754816685445068,0.31249224553439126,0.3048304570811077
2.23069806,0.30953062818875743,-1.1726982315315695,3.288789707,0.39087963159976274,0.9753909580485034,0.31270370527981023,0.3050083666781909
2.228458367,0.30974536026903643,-1.1720047375389484,3.28559178,0.39114411061839727,0.975300149094403,0.31291528849471784,0.30518632752281644
2.226220227,0.30996024128516503,-1.1713112436470048,3.282397394,0.3914087438909537,0.9752092414426382,0.313126995112763,0.30536433937913027
2.223983638,0.31017527142921564,-1.170617749569469,3.279206544,0.39167353157072565,0.975118234772305,0.3133388252565805,0.30554240216982453
2.2217486,0.31039045070121235,-1.169924255639827,3.276019227,0.3919384735742863,0.9750271288436337,0.31355077885942906,0.30572051565799424
2.219515112,0.31060577919722465,-1.1692307618816526,3.272835441,0.39220356993627925,0.9749359233761016,0.3137628559490234,0.3058986796857839
2.217283172,0.31082125711003467,-1.1685372680075323,3.269655181,0.39246882081017403,0.9748446180480733,0.31397505664813924,0.30607689417477746
2.215052779,0.31103688453632067,-1.1678437740400593,3.266478444,0.39273422623088483,0.9747532125784695,0.3141873809847079,0.30625515896645955
2.212823932,0.3112526615728658,-1.1671502800016582,3.263305226,0.3929997862332352,0.9746617066860435,0.3143998289865882,0.30643347390186826
2.210596631,0.31146858821954576,-1.1664567862260538,3.260135525,0.39326550073258326,0.9745701001305483,0.31461240058606665,0.3066118387414752
2.208370873,0.3116846647672456,-1.1657632921126104,3.256969336,0.39353137000216987,0.9744783925481498,0.3148250960017359,0.3067902534855886
2.206146659,0.311900891118905,-1.165069798306398,3.253806656,0.39379739383764606,0.9743865837395137,0.31503791507011686,0.30696871781359025
2.203923986,0.31211726756616004,-1.1643763042055761,3.250647481,0.39406357251268337,0.9742946733401844,0.31525085801014674,0.30714723172520875
2.201702855,0.3123337940116245,-1.1636828104557368,3.247491809,0.394329905822145,0.9742026611508037,0.315463924657716,0.30732579489862355
2.199483263,0.3125504707476884,-1.1629893164538314,3.244339635,0.3945963940401359,0.9741105468062998,0.31567711523210873,0.30750440733298473
2.19726521,0.3127672977744627,-1.162295822533207,3.241190956,0.39486303708102316,0.9740183300656835,0.31589042966481856,0.3076830687858578
2.195048695,0.3129842751895836,-1.1616023287149202,3.238045769,0.39512983497891835,0.9739260106464224,0.3161038679831347,0.30786177909471774
2.192833716,0.31320140318889067,-1.1609088347066532,3.234904071,0.3953967878884447,0.9738335882240647,0.31631743031075576,0.30804053817733884
2.190620273,0.3134186817724141,-1.160215340841882,3.231765857,0.3956638957232487,0.9737410625573835,0.316531116578599,0.30821934578972
2.188408364,0.31363611113648426,-1.1595218468275055,3.228631125,0.39593115863808837,0.9736484333214709,0.31674492691047074,0.30839820184890365
2.186197989,0.31385369128107876,-1.1588283529970835,3.22549987,0.3961985765461316,0.9735557002749479,0.3169588612369053,0.3085771061098454
2.183989146,0.31407142240302094,-1.1581348590567282,3.22237209,0.39646614960227344,0.9734628630924559,0.31717291968181877,0.30875605848885684
2.181781834,0.3142893046010143,-1.1574413650257935,3.219247782,0.3967338778405722,0.9733699214903269,0.31738710227245776,0.30893505882098454
2.179576053,0.31450733787495916,-1.156747871237962,3.21612694,0.3970017611734798,0.9732768752269673,0.31760140893878386,0.30911410685962176
2.1773718,0.3147255225214751,-1.156054377083436,3.213009564,0.3972697998777791,0.9731837239340506,0.3178158399022233,0.3092932026012737
2.175169076,0.3149438584416347,-1.155360883210267,3.209895647,0.39753799374407695,0.9730904674119929,0.3180303949952616,0.3094723457171598
2.172967879,0.3151623458335047,-1.1546673893225885,3.206785189,0.39780634292762196,0.9729971053343257,0.3182450743420976,0.30965153612176827
2.170768208,0.3153809847963506,-1.1539738954388612,3.203678184,0.398074847462057,0.9729036374166603,0.31845987796964564,0.309830773647934
2.168570062,0.3155997754295515,-1.1532804015773648,3.20057463,0.3983435073809436,0.9728100633744687,0.3186748059047549,0.3100100581280511
2.166373439,0.3158187179323418,-1.15258690744038,3.197474523,0.39861232284021586,0.9727163828803973,0.3188898582721727,0.31018938947575037
2.16417834,0.3160378122049846,-1.1518934136772436,3.19437786,0.3988812936285195,0.9726225957349363,0.3191050349028156,0.31036876735926394
2.161984762,0.31625705854682423,-1.151199919673834,3.191284637,0.3991504200242379,0.9725287015676932,0.31932033601939036,0.3105481917730972
2.159792705,0.3164764569579573,-1.1505064257635231,3.188194852,0.39941970193815535,0.9724347001362788,0.3195357615505243,0.3107276624662016
2.157602168,0.3166960075383379,-1.1498129319636803,3.185108499,0.3996891394034306,0.972340591155484,0.3197513115227445,0.3109071792687667
2.155413149,0.31691571048847145,-1.1491194379745762,3.182025578,0.3999587325763785,0.9722463742968871,0.3199669860611028,0.3110867420926098
2.153225648,0.31713556580838775,-1.1484259441296882,3.178946082,0.4002284813670777,0.9721520493179374,0.3201827850936622,0.3112663506851285
2.151039663,0.31735557369910516,-1.1477324501284776,3.175870011,0.40049838593199977,0.972057615889794,0.32039870874559984,0.31144600495741626
2.148855193,0.31757573426146435,-1.1470389559869147,3.172797359,0.4007684463044603,0.9719630737264866,0.32061475704356823,0.3116257047381373
2.146672238,0.31779604749543033,-1.1463454620385796,3.169728124,0.4010386623938351,0.971868422585317,0.3208309299150681,0.3118054497731377
2.144490797,0.3180165135016612,-1.1456519682997302,3.166662303,0.4013090342328147,0.9717736621803014,0.3210472273862518,0.31198523988996985
2.142310868,0.31823713248220864,-1.1449584744681995,3.163599891,0.4015795619781912,0.9716787921817718,0.321263649582553,0.31216507499828305
2.14013245,0.3184579045383898,-1.1442649805592087,3.160540886,0.40185024566297534,0.9715838123032543,0.3214801965303803,0.3123449549249863
2.137955542,0.31867882977164247,-1.1435714865877895,3.157485284,0.40212108532010243,0.9714887222581531,0.32169686825608196,0.31252487949655045
2.135780143,0.3188999082835254,-1.1428779925687838,3.154433082,0.40239208098243395,0.9713935217597499,0.3219136647859472,0.3127048485390088
2.133606252,0.3191211401757186,-1.142184498516843,3.151384277,0.4026632326827569,0.9712982105212065,0.32213058614620554,0.3128848618779568
2.131433869,0.3193425254480442,-1.1414910047657711,3.148338865,0.402934540328816,0.9712027882995308,0.3223476322630528,0.3130649192556287
2.129262991,0.3195640644062441,-1.140797510691374,3.145296842,0.4032060042030302,0.9711072547197963,0.3225648033624242,0.3132450206625147
2.127093619,0.3197857569482636,-1.1401040169466354,3.142258206,0.4034776240878708,0.9710116095828252,0.32278209927029666,0.31342516575697404
2.12492575,0.3200076033806563,-1.1394105229060916,3.139222954,0.40374940026624595,0.9709158525131313,0.32299952021299677,0.3136053545289341
2.122759384,0.3202296037035942,-1.138717028902998,3.136191081,0.40402133264545165,0.9708199832673395,0.32321706611636136,0.3137855867188045
2.12059452,0.3204517580194943,-1.1380235349508527,3.133162584,0.4042934212578396,0.9707240015579138,0.32343473700627173,0.31396586214955957
2.118431157,0.32067406643089796,-1.1373300410629599,3.130137461,0.40456566613569045,0.9706279070972069,0.3236525329085524,0.3141461806437381
2.116269294,0.32089652904047133,-1.1366365472524285,3.127115708,0.40483806731121424,0.9705316995974596,0.3238704538489714,0.3143265420234428
2.114108929,0.3211191460541232,-1.135943053211053,3.124097321,0.4051106249427936,0.9704353787261766,0.3240884999542349,0.3145069461938864
2.111950062,0.3213419174719392,-1.135249559272225,3.121082297,0.40538333893657597,0.9703389442398414,0.3243066711492608,0.31468739289291114
2.109792692,0.321564843396963,-1.1345560654484645,3.118070633,0.4056562093245629,0.9702423958503686,0.32452496745965037,0.3148678819413141
2.107636817,0.3217879240359122,-1.1338625714303072,3.115062326,0.40592923626541055,0.9701457332246896,0.32474338901232846,0.315048413243236
2.105482437,0.3220111593888238,-1.1331690775512204,3.112057372,0.4062024196645806,0.9700489561192185,0.3249619357316645,0.3152289865349817
2.10332955,0.32223454966295795,-1.1324755835008964,3.109055768,0.4064757596809147,0.9699520642005073,0.3251806077447318,0.31540960171997806
2.101178156,0.32245809485832067,-1.13178208961285,3.106057511,0.4067492562194196,0.9698550572249316,0.3253994049755357,0.31559025853350686
2.099028254,0.32268179507859374,-1.1310885958986097,3.103062597,0.4070229093117578,0.9697579349038872,0.3256183274494062,0.31577095679419387
2.096879841,0.32290565063612364,-1.1303951017236922,3.100071023,0.40729671924458183,0.9696606968580621,0.3258373753956655,0.31595169648856297
2.094732919,0.32312966132248,-1.1297016080672693,3.097082786,0.40757068566732174,0.9695633429343052,0.3260565485338574,0.31613247718210835
2.092587484,0.3233538275549718,-1.1290081139708767,3.094097883,0.4078448089945122,0.9694658727075466,0.32627584719560976,0.3163132989448859
2.090443537,0.32357814922926387,-1.128314620091049,3.09111631,0.4081190890024974,0.969368285979391,0.32649527120199795,0.31649416142545717
2.088301076,0.32380262655453607,-1.1276211261145033,3.088138063,0.40839352585078864,0.9692705824150943,0.32671482068063096,0.3166750645247583
2.086160101,0.32402725953069406,-1.12692763237491,3.085163141,0.4086681194428069,0.9691727617709385,0.32693449555424553,0.31685600797449676
2.084020609,0.32425204847261124,-1.126234138233878,3.082191538,0.4089428700667602,0.9690748236659971,0.3271542960534082,0.31703699175952993
2.081882601,0.3244769932753191,-1.1255406443489209,3.079223253,0.4092177774974441,0.9689767679021827,0.3273742219979553,0.3172180155260704
2.079746075,0.32470209414910933,-1.124847150405039,3.076258282,0.40949284189476687,0.9688785941440297,0.3275942735158135,0.31739907917363613
2.07761103,0.3249273511994139,-1.1241536564110544,3.073296621,0.4097680632902381,0.9687803021017132,0.3278144506321905,0.3175801825167607
2.075477466,0.32515276442607494,-1.1234601627007348,3.070338268,0.410043441586155,0.9686818915314862,0.32803475326892406,0.3177613252846057
2.07334538,0.32537833414609585,-1.122766668632407,3.067383219,0.4103189770720451,0.9685833620510941,0.3282551816576361,0.31794250746064584
2.071214773,0.32560406025371774,-1.1220731748648018,3.064431471,0.4105946695207703,0.9684847134628684,0.32847573561661625,0.31812372868816347
2.069085642,0.3258299430668022,-1.1213796807549274,3.06148302,0.41087051922239143,0.9683859453840262,0.32869641537791316,0.318304988950081
2.066957988,0.32605598247927486,-1.1206861869619988,3.058537864,0.4111465259489984,0.9682870576170778,0.32891722075919877,0.3184862878885114
2.064831808,0.32628217880985916,-1.1199926928417017,3.055595999,0.411422689991189,0.968188049778714,0.3291381519929512,0.3186676254858254
2.062707103,0.32650853195216556,-1.1192991990537342,3.052657421,0.41169901112028096,0.9680889216716295,0.3293592088962248,0.31884900138296723
2.06058387,0.3267350422257829,-1.1186057049524551,3.049722129,0.4119754896232349,0.967989672901603,0.32958039169858794,0.3190304155550983
2.05846211,0.3269617095240065,-1.1179122111980464,3.046790117,0.4122521252592393,0.9678903032430586,0.32980170020739147,0.31921186762380843
2.05634182,0.32718853416729415,-1.1172187171435357,3.043861384,0.4125289183193215,0.9677908123095604,0.3300231346554572,0.3193933575691524
2.054223001,0.3274155160486266,-1.116525223449586,3.040935926,0.41280586857318463,0.9676911999035338,0.33024469485854774,0.3195748850294444
2.05210565,0.327642655489334,-1.1158317294678914,3.03801374,0.41308297631292684,0.9675914656392846,0.3304663810503415,0.3197564499850102
2.049989767,0.32786995248958156,-1.1151382355317248,3.035094822,0.41336024143848515,0.9674916092718703,0.3306881931507881,0.31993805215866306
2.047875351,0.32809740715672725,-1.1144447416469552,3.03217917,0.41363766398030993,0.9673916305091382,0.33091013118424795,0.32011969135832247
2.0457624,0.3283250197060677,-1.1137512474909117,3.029266779,0.4139152441001917,0.967291529011275,0.33113219528015336,0.3203013674773997
2.043650915,0.32855279002979876,-1.113057753725454,3.026357648,0.41419298156561307,0.9671913045803985,0.3313543852524905,0.32048308015079224
2.041540893,0.3287807184514484,-1.1123642596989252,3.023451772,0.41447087666975924,0.9670909568287054,0.3315767013358074,0.32066482935695184
2.039432334,0.32900880497114565,-1.1116707657446534,3.020549149,0.4147489293111766,0.9669904855105105,0.3317991434489413,0.32084661481566323
2.037325237,0.32923704969696005,-1.110977271867424,3.017649775,0.41502713951975384,0.9668898903324723,0.3320217116158031,0.32102843633220357
2.035219601,0.3294654527371049,-1.1102837780718038,3.014753647,0.4153055073252688,0.9667891710010159,0.33224440586021503,0.32121029371132237
2.033115424,0.3296940143086358,-1.1095902840324463,3.011860762,0.41558403288983997,0.9666883271743634,0.332467226311872,0.321392186843724
2.031012706,0.3299227344116584,-1.1088967900827158,3.008971117,0.41586271611090725,0.9665873586062633,0.3326901728887258,0.32157411544677456
2.028911446,0.3301516131548205,-1.1082032962265196,3.006084708,0.4161415570179189,0.966486265002449,0.3329132456143351,0.3217560793236417
2.026811642,0.3303806507560671,-1.1075098021371625,3.003201533,0.41642055577316706,0.9663850460201746,0.33313644461853364,0.321938078363679
2.024713295,0.3306098471061866,-1.106816308478641,3.000321588,0.4166997121401448,0.966283701461127,0.33335976971211584,0.3221201121956522
2.022616401,0.33083920264217476,-1.1061228142623671,2.99744487,0.4169790265473358,0.9661822308853263,0.33358322123786865,0.3223021808815173
2.020520962,0.3310687171453571,-1.1054293204831886,2.994571375,0.41725849862439596,0.9660806341426343,0.3338067988995168,0.322484283961968
2.018426975,0.3312983909441771,-1.1047358264819926,2.991701102,0.4175381286669779,0.9659789108406873,0.3340305029335824,0.32266642141134894
2.01633444,0.331528224038711,-1.1040423325921884,2.988834046,0.41781791657059714,0.9658770607323078,0.33425433325647774,0.322848592942804
2.014243356,0.33175821653863835,-1.1033488388161217,2.985970204,0.4180978623639509,0.965775083521661,0.33447828989116074,0.3230307983558181
2.012153721,0.3319883686640042,-1.102655344823924,2.983109574,0.41837796620975953,0.9656729788637839,0.33470237296780764,0.3232130375366
2.010065535,0.3322186804148768,-1.1019618509490177,2.980252152,0.41865822800271874,0.9655707465111254,0.334926582402175,0.32339531019648804
2.007978796,0.332449152011908,-1.10126835686062,2.977397934,0.41893864790567786,0.9654683861180973,0.3351509183245423,0.32357761622079406
2.005893504,0.33267978345516264,-1.1005748628921583,2.974546918,0.419219225812788,0.9653658974369079,0.3353753806502304,0.3237599553196543
2.003809658,0.3329105748550729,-1.0998813690448441,2.971699101,0.41949996175222526,0.965263280170641,0.3355999694017802,0.3239423272899291
2.001727256,0.3331415264332063,-1.0991878749865183,2.96885448,0.41978085588703734,0.9651605339727809,0.3358246847096299,0.32412473201558717
1.999646298,0.3333726381896243,-1.0984943810506131,2.96601305,0.4200619081105605,0.9650576585951841,0.33604952648844844,0.32430716920496233
1.997566783,0.33360391023521696,-1.0978008872376517,2.96317481,0.4203431184506644,0.9649546537403028,0.33627449476053156,0.324489638653344
1.995488709,0.33383534279247384,-1.0971073932140911,2.960339756,0.42062448707060135,0.9648515190607013,0.3364995896564811,0.32467214024335844
1.993412076,0.334066935861456,-1.0964138993133645,2.957507885,0.42090601386289583,0.9647482543078998,0.3367248110903167,0.32485467368154036
1.991336883,0.33429868955351627,-1.095720405535301,2.954679194,0.4211876988551159,0.9646448591837278,0.33695015908409276,0.32503723876160934
1.989263128,0.3345306040920731,-1.0950269115449665,2.95185368,0.42146954221072463,0.9645413333398399,0.33717563376857973,0.32521983536485144
1.987190811,0.3347626794771899,-1.0943334176757906,2.949031339,0.4217515438214378,0.964437676527433,0.33740123505715025,0.32540246319600424
1.98511993,0.33499491593290864,-1.0936399235919079,2.946212168,0.4220337038508631,0.9643338883975585,0.3376269630806905,0.3255851221354612
1.983050485,0.3352273134592961,-1.092946429626743,2.943396165,0.42231602219017905,0.9642299687012046,0.33785281775214326,0.3257678118867629
1.980982475,0.335459872168487,-1.0922529357789554,2.940583327,0.42259849886646134,0.9641259171391895,0.33807879909316907,0.3259505322410174
1.978915899,0.3356925921727742,-1.0915594420469688,2.937773649,0.42288113390668863,0.9640217334121315,0.33830490712535094,0.32613328298881095
1.976850755,0.33592547369745446,-1.0908659480930445,2.934967129,0.4231639274747657,0.9639174171698904,0.3385311419798126,0.3263160640087544
1.974787042,0.3361585168556076,-1.0901724539144337,2.932163765,0.4234468795979944,0.9638129681123931,0.3387575036783955,0.3264988750906193
1.972724761,0.33639172153415514,-1.089478960180933,2.929363552,0.42372999002884937,0.9637083860408933,0.3389839920230795,0.326681715846261
1.970663909,0.3366250880721896,-1.0887854662174647,2.926566488,0.42401325906848814,0.9636036705538029,0.3392106072547905,0.3268645862415006
1.968604486,0.33685861646979937,-1.088091972357423,2.92377257,0.4242966866062188,0.9634988214014263,0.33943734928497504,0.3270474859756977
1.96654649,0.3370923069538681,-1.0873984782607091,2.920981794,0.424580272806334,0.9633938382321513,0.3396642182450672,0.3272304149252384
1.964489922,0.3373261594107048,-1.0867049845980294,2.918194158,0.4248640174195545,0.9632887208472631,0.3398912139356436,0.32741337269928955
1.962434778,0.3375601742952533,-1.086011490353918,2.915409658,0.4251479208862729,0.9631834687923414,0.34011833670901837,0.32759635935127385
1.96038106,0.3377943513798862,-1.085317996536625,2.912628292,0.42543198281845096,0.9630780819197586,0.3403455862547608,0.3277793744000908
1.958328766,0.3380286908922955,-1.0846245028048542,2.909850056,0.42571620338018445,0.9629725598770461,0.3405729627041476,0.3279624177201228
1.956277894,0.33826319306097,-1.0839310088161282,2.907074947,0.4260005827361712,0.9628669023111435,0.340800466188937,0.3281454891855354
1.954228444,0.3384978578860369,-1.0832375149037838,2.904302963,0.42628512077386715,0.9627611089717396,0.3410280966190937,0.32832858849152025
1.952180414,0.33873268559663305,-1.0825440207243868,2.901534099,0.4265698176581374,0.9626551795051999,0.34125585412650994,0.3285117155113557
1.950133805,0.33896767607800077,-1.0818505269502212,2.898768354,0.4268546731366407,0.9625491137129258,0.3414837385093126,0.32869486984951535
1.948088614,0.33920282967450854,-1.0811570328983933,2.896005723,0.42713968751333603,0.9624429111890412,0.34171175001066884,0.32887805146777
1.946044842,0.33943814627109464,-1.0804635392416355,2.893246205,0.42742486053500833,0.962336571734996,0.3419398884280067,0.329061259969255
1.944002486,0.3396736262130996,-1.0797700452956212,2.890489795,0.4277101925061373,0.9622300949441417,0.34216815400490985,0.3292444953150061
1.941961546,0.3399092695006966,-1.0790765513936194,2.887736491,0.42799568331260485,0.9621234805656929,0.3423965466500839,0.32942775719665235
1.93992202,0.34014507636498464,-1.078383057189304,2.88498629,0.42828133311979577,0.9620167282443133,0.3426250664958366,0.329611045484815
1.937883909,0.34038104669029656,-1.0776895633562982,2.882239189,0.42856714167275123,0.9619098377815671,0.342853713338201,0.32979435977995686
1.935847211,0.3406171807079098,-1.076996069548013,2.879495185,0.42885310913650926,0.9618028088218701,0.34308248730920743,0.3299776999515893
1.933811924,0.340853478649915,-1.0763025754166642,2.876754274,0.42913923567672496,0.9616956410090455,0.34331138854138,0.3301610658690079
1.931778049,0.3410899404001916,-1.0756090816365413,2.874016454,0.4294255210371321,0.9615883341447605,0.3435404168297057,0.33034445713067334
1.929745583,0.34132656630751546,-1.0749155875182677,2.871281721,0.42971196552406427,0.9614808878196796,0.34376957241925143,0.3305278736950535
1.927714527,0.3415633562554646,-1.0742220937365747,2.868550073,0.4299985688803851,0.961373301835546,0.3439988551043081,0.33071131515927626
1.925684879,0.341800310476978,-1.0735285999424342,2.865821507,0.43028533127159124,0.9612655758353899,0.344228265017273,0.3308947813906461
1.923656637,0.3420374292058155,-1.0728351057856165,2.863096019,0.4305722528638021,0.9611577094616494,0.34445780229104167,0.3310782722562513
1.921629802,0.3422747123251038,-1.0721416119415141,2.860373607,0.43085933339857735,0.9610497025161927,0.3446874667188619,0.3312617873512223
1.919604372,0.34251216006878893,-1.0714481180596251,2.857654268,0.43114657304169757,0.9609415546412278,0.3449172584333581,0.33144532654154124
1.917580346,0.3427497725541643,-1.070754624130993,2.854937998,0.4314339718174876,0.9608332655319247,0.3451471774539901,0.331628889602244
1.915557723,0.34298754989869906,-1.070061130146405,2.852224794,0.4317215297501928,0.9607248348832873,0.34537722380015423,0.3318124763078513
1.913536502,0.3432254922200388,-1.0693676360963902,2.849514655,0.4320092468639792,0.9606162623901551,0.34560739749118335,0.3319960864323692
1.911516683,0.3434635995180385,-1.068674142314685,2.846807575,0.4322971230403194,0.9605075478010812,0.34583769843225554,0.3321797196583356
1.909498264,0.3437018720283382,-1.0679806484483156,2.844103553,0.432585158445482,0.9603986907569159,0.34606812675638565,0.3323633758495312
1.907481244,0.343940309869115,-1.067287154487038,2.841402586,0.43287335310339786,0.9602896909520103,0.34629868248271833,0.33254705477841795
1.905465622,0.3441789131587254,-1.0665936604203463,2.838704671,0.4331617070379218,0.9601805480805541,0.3465293656303374,0.3327307562169441
1.903451398,0.3444176818970813,-1.0659001665818941,2.836009803,0.4334502201295047,0.960071261890888,0.34676017610360377,0.33291447984529343
1.90143857,0.3446566163211927,-1.0652066726167144,2.833317982,0.433738892544819,0.9599618320227887,0.34699111403585525,0.333098225525488
1.899427138,0.3448957164310021,-1.0645131788584157,2.830629203,0.4340277241638072,0.9598522582244976,0.34722217933104577,0.33328199293653576
1.8974171,0.3451349824642092,-1.0638196849510302,2.827943464,0.4343167151533479,0.9597425401352588,0.34745337212267835,0.33346578193958065
1.895408455,0.34537441454007217,-1.0631261908827447,2.825260761,0.43460586553691927,0.9596326774484698,0.3476846924295354,0.3336495923040028
1.893401203,0.3456140126585826,-1.0624326969870963,2.822581093,0.43489517519370363,0.959522669912233,0.3479161401549629,0.33383342370704866
1.891395342,0.3458537770584815,-1.061739202906609,2.819904455,0.43518464429089576,0.9594125171649958,0.3481477154327166,0.3340172760085453
1.889390872,0.3460937077397952,-1.0610457089747698,2.817230844,0.43547427270717354,0.9593022189547731,0.34837941816573886,0.3342011488845661
1.887387792,0.3463338048220161,-1.060352215179426,2.814560259,0.43576406046518507,0.9591917749746773,0.3486112483721481,0.3343850421022188
1.8853861,0.3465740685449341,-1.0596587211615855,2.811892695,0.43605400773244724,0.9590811848623665,0.3488432061859578,0.33456895552001525
1.883385796,0.3468144989086296,-1.0589652272546572,2.80922815,0.43634411438688375,0.9589704483657326,0.349075291509507,0.3347528888122708
1.881386879,0.3470550960331488,-1.0582717334456886,2.806566622,0.43663438045092884,0.958859565177437,0.3493075043607431,0.3349368417445578
1.879389347,0.34729586015933817,-1.0575782393741635,2.803908106,0.436924806092429,0.9587485349343519,0.34953984487394324,0.3351208141740737
1.8773932,0.347536791287336,-1.0568847453734076,2.8012526,0.4372153911885575,0.9586373573842565,0.34977231295084604,0.3353048057733782
1.875398438,0.3477778894167988,-1.0561912517774392,2.798600102,0.437506135615696,0.9585260322752329,0.35000490849255683,0.3354888162142265
1.873405057,0.34801915503136804,-1.0554977575288973,2.795950607,0.4377970398335349,0.9584145591317554,0.35023763186682794,0.33567284553699595
1.871413059,0.34826058788917696,-1.0548042636568156,2.793304114,0.4380881034266307,0.9583029378133441,0.35047048274130455,0.33585689322785306
1.869422442,0.3485021882323453,-1.0541107697988459,2.790660619,0.43837932656285,0.9581911679559135,0.35070346125028,0.33604095914158727
1.867433205,0.348743956182233,-1.0534172759401448,2.78802012,0.4386707092641491,0.9580792492510988,0.3509365674113193,0.3362250430401944
1.865445347,0.3489858918603901,-1.052723782065597,2.785382613,0.4389622515524176,0.9579671813903926,0.3511698012419341,0.33640914468516
1.863458867,0.3492279953885574,-1.0520302881598134,2.782748095,0.43925395344948004,0.9578549640651444,0.35140316275958405,0.33659326383745947
1.861473764,0.3494702668886675,-1.05133679420713,2.780116564,0.4395458149770965,0.9577425969665614,0.3516366519816772,0.3367774002575585
1.859490037,0.3497127064828448,-1.050643300191609,2.777488017,0.4398378361569626,0.9576300797857104,0.3518702689255701,0.3369615537054131
1.857507685,0.3499553142934067,-1.0499498060970354,2.774862451,0.4401300170107107,0.9575174122135169,0.3521040136085686,0.33714572394046954
1.855526708,0.3501980903202254,-1.0492563122571172,2.772239862,0.4404223574122449,0.9574045939977756,0.3523378859297959,0.3373299106286508
1.853547104,0.3504410348083043,-1.0485628183053743,2.769620249,0.44071485753037143,0.957291624772357,0.3525718860242972,0.3375141136212537
1.851568873,0.35068414775756324,-1.0478693245754453,2.767003607,0.44100751723850373,0.9571785042850108,0.352806013790803,0.3376983325830377
1.849592013,0.3509274294137348,-1.0471758306998096,2.764389935,0.4413003367056905,0.9570652321691007,0.35304026936455246,0.33788256736442723
1.847616523,0.35117087990010937,-1.0464823366608638,2.761779229,0.44159331595325513,0.9569518081148624,0.3532746527626041,0.33806681772232416
1.845642403,0.3514144992166818,-1.0457888427921402,2.759171486,0.44188645485387806,0.9568382318699856,0.3535091638831025,0.3382510833197448
1.843669651,0.35165828761028617,-1.0450953487245482,2.756566704,0.44217975357697864,0.956724503067077,0.3537438028615829,0.338435364005806
1.841698267,0.3519022450809694,-1.0444018547915463,2.753964879,0.44247321199475065,0.9566106214537919,0.35397856959580054,0.3386196594423631
1.83972825,0.352146371752297,-1.0437083609751399,2.751366009,0.44276683012772855,0.956496586720178,0.35421346410218285,0.3388039693840682
1.837759598,0.35239066787221207,-1.0430148669046617,2.74877009,0.44306060814570875,0.9563823984980889,0.354448486516567,0.3389882936787319
1.835792311,0.35263513344084246,-1.0423213729134553,2.746177121,0.4433545459201585,0.9562680565351346,0.3546836367361268,0.33917263198646963
1.833826388,0.3528797685823511,-1.0416278789826778,2.743587098,0.4436486434714396,0.9561535605209673,0.3549189147771517,0.33935698406041137
1.831861828,0.35312457342110126,-1.040934385093202,2.741000018,0.44394290081985777,0.9560389101451096,0.35515432065588626,0.3395413496531803
1.82989863,0.35336954808165694,-1.0402408912256165,2.738415878,0.44423731798566235,0.9559241050969537,0.3553898543885299,0.3397257285168921
1.827936793,0.35361469268878387,-1.0395473973602236,2.735834675,0.44453189498904794,0.9558091450657634,0.3556255159912384,0.33991012040315655
1.825976316,0.35386000736745027,-1.03885390347704,2.733256407,0.44482663185015453,0.9556940297406734,0.3558613054801236,0.34009452506307614
1.824017198,0.35410549224282734,-1.0381604095557948,2.730681071,0.4451215285890685,0.9555787588106905,0.35609722287125484,0.34027894224724753
1.822059438,0.35435114744029,-1.0374669155759293,2.728108664,0.44541658522582284,0.9554633319646946,0.3563332681806583,0.34046337170576085
1.820103035,0.3545969730854178,-1.0367734215165962,2.725539183,0.44571180178039826,0.9553477488914379,0.3565694414243186,0.34064781318820025
1.818147989,0.3548429691780817,-1.0360799277115025,2.722972624,0.4460071781215459,0.9552320093388079,0.35680574249723673,0.3408322663492607
1.816194298,0.3550891359698364,-1.0353864337848708,2.720408986,0.44630271441994723,0.9551161129362871,0.3570421715359578,0.34101673103175506
1.814241961,0.3553354735868783,-1.034692939714984,2.717848266,0.4465984106954289,0.9550000593722512,0.35727872855634313,0.3412012069837501
1.812290978,0.3555819820291725,-1.0339994458354165,2.71529046,0.4468942668160286,0.9548838483945786,0.3575154134528229,0.34138569385821044
1.810341348,0.35582866142280456,-1.033305952124607,2.712735565,0.4471902828009121,0.9547674796917637,0.3577522262407297,0.34157019140197914
1.808393069,0.35607551202085663,-1.0326124582046283,2.71018358,0.44748645882130766,0.9546509528923073,0.35798916705704614,0.34175469945613246
1.80644614,0.35632253395035757,-1.0319189640525934,2.707634501,0.44778279489684514,0.9545342676840913,0.35822623591747615,0.34193921776671665
1.804500562,0.35656972708426216,-1.0312254703584613,2.705088325,0.4480792907386761,0.9544174238756604,0.3584634325909409,0.34212374588707223
1.802556332,0.3568170918035984,-1.0305319763866057,2.702545049,0.4483759466579686,0.9543004210359998,0.3587007573263749,0.34230828374249156
1.80061345,0.357064628108531,-1.0298384824703197,2.700004671,0.44867276252013627,0.9541832589111567,0.35893821001610904,0.3424928309809081
1.798671915,0.3573123361264016,-1.0291449885862793,2.697467187,0.4489697383439327,0.954065937186803,0.3591757906751462,0.34267738734529435
1.796731725,0.3575602161126127,-1.0284514943533025,2.694932596,0.44926687430124135,0.9539484554878458,0.3594134994409931,0.3428619526732171
1.794792881,0.3578082679394087,-1.0277580004623434,2.692400894,0.44956417010429534,0.9538308136207583,0.3596513360834363,0.34304652651625683
1.792855381,0.35805649186244065,-1.0270645065318726,2.689872077,0.44986162592456624,0.95371301121027,0.35988930073965303,0.34323110871077295
1.790919225,0.3583048878815187,-1.0263710128956802,2.687346145,0.4501592416265512,0.9535950480024403,0.360127393301241,0.3434156989020906
1.78898441,0.35855345638163677,-1.0256775188125902,2.684823093,0.4504570175358764,0.9534769235603368,0.36036561402870115,0.3436002970210177
1.787050937,0.35880219723447415,-1.0249840249743454,2.682302919,0.45075495336282106,0.9533586376908354,0.36060396269025685,0.3437849026163001
1.785118804,0.35905111069725126,-1.024290530997226,2.67978562,0.45105304927917245,0.9532401900175705,0.360842439423338,0.34396951552230637
1.78318801,0.359300196899023,-1.0235970368555138,2.677271193,0.45135130530280115,0.9531215802250175,0.36108104424224097,0.34415413547746415
1.781258556,0.35954945571051034,-1.0229035432422882,2.674759635,0.45164972114195273,0.9530028081207464,0.3613197769135622,0.3443387620281864
1.779330438,0.35979888764849344,-1.0222100490533252,2.672250945,0.45194829727798796,0.9528838732044564,0.3615586378223904,0.34452339519872666
1.777403658,0.3600484924543151,-1.0215165553413954,2.669745118,0.45224703326360916,0.9527647753454279,0.3617976266108873,0.34470803443843107
1.775478213,0.3602982705164546,-1.020823061360469,2.667242152,0.4525459294257766,0.9526455141043086,0.3620367435406213,0.34489267967490495
1.773554103,0.36054822183506546,-1.020129567443857,2.664742044,0.4528449856263078,0.9525260892269746,0.36227598850104625,0.345077330547738
1.771631327,0.3607983465399762,-1.0194360735647674,2.662244792,0.45314420188186394,0.9524065003974096,0.3625153615054912,0.3452619867917467
1.769709884,0.36104864476123594,-1.0187425796961016,2.659750393,0.45344357820900183,0.9522867472994535,0.36275486256720146,0.3454466481411806
1.767789772,0.36129911675965254,-1.0180490854491544,2.657258844,0.4537431147802701,0.9521668295542856,0.36299449182421606,0.3456313144259328
1.765870992,0.36154976240482584,-1.0173555915185604,2.654770141,0.45404281130001983,0.9520467469703667,0.3632342490400159,0.3458159851867712
1.763953543,0.36180058182692837,-1.016662097877049,2.652284284,0.4543426677839239,0.9519264992314977,0.36347413422713915,0.3460006601560401
1.762037422,0.3620515754185173,-1.01596860377294,2.649801267,0.4546426845608942,0.951806085895524,0.36371414764871535,0.34618533925835043
1.76012263,0.36230274304877536,-1.015275109901444,2.64732109,0.4549428613338256,0.951685506771259,0.3639542890670605,0.3463700220323588
1.758209165,0.362554084979991,-1.0145816158718097,2.644843749,0.45524319827514165,0.9515647614789131,0.36419455862011335,0.3465547083052662
1.756297027,0.3628056012121512,-1.013888122017579,2.642369241,0.4555436952434386,0.951443849764633,0.36443495619475086,0.34673939771073914
1.754386214,0.3630572920083603,-1.0131946279468749,2.639897563,0.4558443524113255,0.9513227712480878,0.3646754819290604,0.3469240900749857
1.752476727,0.3633091572366999,-1.0125011343564274,2.637428714,0.4561451694791804,0.9512015257389688,0.36491613558334435,0.34710878493364555
1.750568562,0.3635611974248981,-1.0118076401268634,2.634962689,0.4564461469348777,0.9510801127294113,0.36515691754790214,0.3472934823053831
1.748661721,0.3638134123089496,-1.0111141463183513,2.632499487,0.45674728432038514,0.9509585320927869,0.3653978274563081,0.3474781816277442
1.746756202,0.3640658021530518,-1.0104206525375075,2.630039104,0.4570485818081129,0.9508367834480796,0.3656388654464904,0.3476628827247461
1.744852003,0.36431836722236566,-1.0097271583896248,2.627581539,0.4573500395711486,0.950714866413607,0.3658800316569189,0.34784758542011396
1.742949125,0.36457110738428294,-1.0090336645723819,2.625126787,0.4576516573074509,0.9505927807996921,0.36612132584596074,0.348032289245982
1.741047566,0.36482402290424176,-1.008340170690691,2.622674846,0.4579534351897228,0.9504705262245112,0.3663627481517783,0.34821699402487877
1.739147325,0.3650771139153678,-1.0076466767132128,2.620225715,0.45825537323235777,0.9503481023700627,0.3666042985858862,0.3484016994818048
1.737248401,0.36533038055101963,-1.0069531826082894,2.617779389,0.45855747144965553,0.9502255089182093,0.36684597715972445,0.34858640534119695
1.735350794,0.36558382281113744,-1.006259688709527,2.615335866,0.45885972969644184,0.9501027456154381,0.3670877837571535,0.34877111122955773
1.733454503,0.36583744082899045,-1.0055661949853898,2.612895144,0.459162147986246,0.9499798121437439,0.3673297183889968,0.34895581686999355
1.731559526,0.3660912348721044,-1.0048727010379301,2.610457219,0.4594647264922767,0.9498567081199567,0.3675717811938214,0.3491405220825522
1.729665863,0.36634520494056527,-1.004179207200555,2.608022089,0.45976746506849814,0.9497334332905637,0.36781397205479854,0.3493252264918433
1.727773512,0.3665993513027412,-1.0034857130741668,2.605589752,0.46007036388832734,0.9496099872718562,0.3680562911106619,0.34950992991692226
1.725882474,0.36685367382423695,-1.0027922193588892,2.603160204,0.4603734226447986,0.949486369875762,0.3682987381158389,0.3496946318834318
1.723992746,0.36710817290847514,-1.0020987252881255,2.600733443,0.4606766416715074,0.9493625806528672,0.36854131333720597,0.3498793323070068
1.722104328,0.36736284855574425,-1.0014052311950072,2.598309466,0.4609800208212769,0.949238619349667,0.36878401665702154,0.35006403080973575
1.72021722,0.36761770076582334,-1.0007117374133603,2.59588827,0.46128355994605713,0.9491144857130706,0.3690268479568457,0.35024872701287707
1.71833142,0.3678727298086412,-1.000018243541959,2.593469853,0.46158725921921195,0.9489901793584318,0.3692698073753696,0.35043342073280553
1.716446927,0.36812793581959796,-0.9993247495463603,2.591054212,0.46189111865346333,0.9488656999665479,0.3695128949227707,0.35061811168756024
1.714563741,0.3683833187986283,-0.9986312557601781,2.588641345,0.46219513809990975,0.948741047284345,0.36975611047992785,0.3508027994965127
1.71268186,0.36863887901694453,-0.9979377617804418,2.586231248,0.46249931773224534,0.9486162209263707,0.3699994541857963,0.3509874839745499
1.710801284,0.36889461647458777,-0.9972442679406205,2.583823919,0.4628036574010032,0.9484912206395653,0.3702429259208026,0.3511721647397862
1.708922011,0.3691505314436311,-0.9965507738365764,2.581419355,0.46310815728010174,0.948366046037938,0.3704865258240814,0.35135684160611647
1.707044041,0.3694066239242245,-0.9958572798016305,2.579017554,0.46341281721951144,0.9482406968684453,0.3707302537756092,0.3515415141903992
1.705167374,0.36966289391600504,-0.9951637861697997,2.576618512,0.4637176370683282,0.94811517287847,0.3709741096546626,0.3517261821086669
1.703292007,0.3699193418286166,-0.9944702921660363,2.574222228,0.46402261716294285,0.9479894736145366,0.3712180937303543,0.35191084527163025
1.70141794,0.37017596766237515,-0.9937767981234378,2.571828698,0.46432775735248427,0.9478635988236295,0.3714622058819874,0.3520955032942646
1.699545173,0.3704327714170835,-0.9930833043757954,2.56943792,0.46463305748520706,0.947737548253165,0.37170644598816566,0.35228015579072164
1.697673703,0.37068975350426214,-0.9923898101455256,2.567049891,0.46493851789844703,0.9476113214484381,0.37195081431875765,0.3524648026704206
1.695803532,0.37094691364919535,-0.9916963165073897,2.564664609,0.4652441381134608,0.9474849182917856,0.3721953104907687,0.3526494433489318
1.693934656,0.3712042524018816,-0.9910028223116745,2.56228207,0.46554991863133993,0.9473583382603041,0.372439934905072,0.35283407783344484
1.692067077,0.37146176948695697,-0.9903093286340153,2.559902272,0.46585585897198845,0.9472315812369219,0.3726846871775908,0.3530187055380169
1.690200792,0.37171946531788846,-0.9896158346942039,2.557525213,0.46616195947341926,0.947104646765715,0.3729295675787354,0.35320332637014906
1.688335801,0.3719773398948236,-0.9889223408255663,2.55515089,0.46646821998221677,0.9469775345941797,0.3731745759857734,0.3533879399402361
1.686472102,0.3722353934945125,-0.9882288466176511,2.5527793,0.46677464067312086,0.9468502443335107,0.3734197125384967,0.35357254605602495
1.684609696,0.37249362597847074,-0.9875353527761183,2.55041044,0.46708122122744816,0.9467227757997481,0.37366497698195855,0.35375714422750876
1.682748581,0.3727520376237597,-0.9868418588900983,2.548044308,0.4673879618195857,0.9465951286039767,0.3739103694556686,0.35394173426124903
1.680888756,0.3730106285693266,-0.9861483649203594,2.545680902,0.4676948624595304,0.9464673024253826,0.37415588996762433,0.35412631586422566
1.67903022,0.3732693989543724,-0.98545487082733,2.543320218,0.4680019231572041,0.9463392969430252,0.3744015385257633,0.3543108887428578
1.677172973,0.3735283487788295,-0.9847613769446254,2.540962254,0.4683091437569377,0.9462111119049282,0.3746473150055502,0.35449545250359754
1.675317014,0.37378747818182867,-0.9840678832327677,2.538607007,0.4686165242679038,0.9460827469903327,0.3748932194143231,0.3546800068515523
1.673462341,0.3740467874426663,-0.9833743892778909,2.536254474,0.4689240648651216,0.945954201808972,0.3751392518920973,0.3548645515908038
1.671608954,0.3743062765614612,-0.9826808954133606,2.533904654,0.46923176539210065,0.9458254761089278,0.37538541231368056,0.35504908632593307
1.669756851,0.37456594581841196,-0.9819874012241048,2.531557543,0.4695396260241197,0.9456965694993907,0.37563170081929576,0.35523361086002947
1.667906033,0.37482579507327046,-0.9812939074181456,2.529213139,0.4698476464376189,0.945567481798301,0.3758781171500951,0.3554181246967022
1.666056498,0.37508582460655715,-0.9806004135799806,2.526871439,0.47015582680753426,0.9454382126147457,0.3761246614460274,0.3556026276378585
1.664208245,0.3753460345589464,-0.9799069196680691,2.52453244,0.4704641671426104,0.9453087616272143,0.3763713337140884,0.35578711938524793
1.662361273,0.3756064250713731,-0.9792134256405223,2.52219614,0.47077266745152385,0.9451791285140708,0.3766181339612191,0.3559715996400607
1.660515582,0.37586699614375724,-0.9785199318309716,2.519862536,0.47108132757554866,0.945049313023962,0.37686506206043896,0.35615606800295063
1.65867117,0.3761277480584408,-0.9778264378214875,2.517531626,0.4713901476901543,0.9449193147648898,0.3771121181521235,0.35634052427384066
1.656828037,0.3763886808154758,-0.977132943945525,2.515203407,0.4716991276360753,0.9447891334855468,0.37735930210886026,0.3565249680521408
1.654986181,0.37664979469812165,-0.9764394497839347,2.512877877,0.4720082675890537,0.9446587687933897,0.37760661407124296,0.35670939913678107
1.653145603,0.37691108956450287,-0.9757459560469051,2.510555032,0.47231756722113943,0.9445282205081621,0.37785405377691156,0.35689381702570167
1.6513063,0.37717256584046893,-0.9750524619376738,2.50823487,0.4726270268760907,0.9443974881660689,0.37810162150087256,0.35707822161694175
1.649468273,0.3774342233838857,-0.9743589681667725,2.505917389,0.472936646225014,0.9442665715872026,0.37834931698001123,0.35726261240707496
1.64763152,0.37769606247926824,-0.9736654743133849,2.503602586,0.47324642544359574,0.9441354703783748,0.3785971403548766,0.357446989192859
1.64579604,0.3779580832693362,-0.9729719803332529,2.501290458,0.47355636453931266,0.9440041842172752,0.37884509163145014,0.35763135167026594
1.643961833,0.3782202857540266,-0.9722784865599848,2.498981003,0.4738664633504129,0.943872712853222,0.3790931706803303,0.3578156994341729
1.642128897,0.3784826702192493,-0.9715849925709175,2.496674218,0.47417672205300704,0.9437410558922061,0.37934137764240566,0.35800003227984806
1.640297232,0.37874523666508164,-0.9708914986994731,2.4943701,0.47448714048481183,0.9436092130836001,0.3795897123878495,0.3581843498009288
1.638466836,0.37900798537836916,-0.970198004521753,2.492068648,0.47479771882222516,0.9434771840328451,0.37983817505778017,0.3583686517916893
1.63663771,0.37927091621548564,-0.969504510750262,2.489769858,0.47510845673244834,0.9433449685617284,0.3800867653859587,0.35855293774374625
1.634809851,0.37953402960766447,-0.9688110165811158,2.487473728,0.47541935456174655,0.9432125662030846,0.3803354836493973,0.3587372075510393
1.63298326,0.37979732541102446,-0.9681175227271557,2.485180255,0.4757304119763823,0.9430799767790634,0.38058432958110583,0.3589214607038247
1.631157935,0.3800608039136959,-0.9674240287627883,2.482889437,0.4760416291527231,0.9429471998944609,0.38083330332217846,0.3591056969942061
1.629333876,0.3803244651155896,-0.9667305350216556,2.48060127,0.4763530059262853,0.9428142352992798,0.3810824047410283,0.3592899160119232
1.627511081,0.38058830930578297,-0.9660370410769172,2.478315754,0.4766645424737338,0.942681082597764,0.38133163397898706,0.3594741175480858
1.62568955,0.3808523364843342,-0.9653435472620214,2.476032884,0.47697623863005995,0.9425477415399778,0.38158099090404796,0.3596583011911972
1.623869281,0.38111654694127267,-0.964650053148877,2.473752659,0.4772880945722298,0.94241421172961,0.3818304756577839,0.35984246673137243
1.622050274,0.38138094067680717,-0.9639565590707345,2.471475075,0.4776001101347129,0.9422804929167872,0.38208008810777033,0.3600266137558793
1.620232529,0.38164551769061716,-0.9632630653615393,2.469200131,0.47791228515109785,0.9421465848521314,0.3823298281208783,0.3602107418511879
1.618416044,0.3819102782735623,-0.9625695715921107,2.466927823,0.47822461979818803,0.9420124871389631,0.38257969583855045,0.3603948508057409
1.616600817,0.38217522271758886,-0.9618760773318444,2.46465815,0.47853711425356193,0.9418781993798585,0.38282969140284956,0.36057894040766286
1.61478685,0.38244035073069155,-0.961182583678471,2.462391108,0.4788497680057252,0.941743721473495,0.38307981440458017,0.3607630100387451
1.612974139,0.3827056628974926,-0.9604890894363038,2.460126696,0.4791625815766641,0.9416090528740884,0.3833300652613313,0.36094705968888463
1.611162686,0.3829711589253309,-0.9597955957039305,2.457864909,0.4794755544535371,0.9414741934810086,0.3835804435628297,0.36113108873840266
1.609352488,0.383236839253739,-0.9591021016665741,2.455605747,0.4797886869863896,0.9413391428219682,0.3838309495891117,0.36131509707475645
1.607543545,0.38350270388293745,-0.9584086076574714,2.453349206,0.4801019790069981,0.9412039006478223,0.3840815832055985,0.3614990842801004
1.605735857,0.3837687528126148,-0.9577151140105532,2.451095284,0.48041543034625733,0.9410684667099343,0.3843323442770059,0.36168304993579653
1.603929421,0.38403498648437445,-0.9570216199083403,2.448843978,0.4807290413553152,0.9409328405347016,0.3845832330842522,0.36186699392798466
1.602124238,0.3843014047509902,-0.9563281260680581,2.446595286,0.4810428116912589,0.9407970219483996,0.38483424935300714,0.362050915735057
1.600320306,0.38456800790756124,-0.9556346320549874,2.444349206,0.4813567415318472,0.9406610105520213,0.3850853932254778,0.3622348151403005
1.598517625,0.3848347959540971,-0.9549411382026409,2.442105734,0.4816708307069509,0.9405248060970722,0.3853366645655607,0.36241869172261654
1.596716194,0.3851017690383765,-0.9542476444601228,2.439864868,0.4819850792201068,0.940388408259776,0.3855880633760855,0.36260254516220664
1.594916011,0.38536892745697426,-0.9535541503907957,2.437626606,0.4822994872495647,0.9402518166402771,0.38583958979965177,0.36278637524086194
1.593117076,0.38563627121014726,-0.9528606563278511,2.435390945,0.482614054624433,0.9401150309901893,0.38609124369954645,0.36297018153563987
1.591319389,0.38590380029761745,-0.9521671626051742,2.433157882,0.48292878117293797,0.939978051061644,0.3863430249383504,0.3631539636228107
1.589522947,0.38617151516595544,-0.9514736683988306,2.430927416,0.4832436672485868,0.9398408763779755,0.38659493379886944,0.3633377213848149
1.587727752,0.38643941551699984,-0.9507801748145644,2.428699543,0.48355871232853326,0.9397035068441096,0.38684696986282663,0.3635214541921158
1.5859338,0.3867075019476523,-0.9500866806407122,2.426474262,0.4838739169422203,0.9395659419062078,0.3870991335537763,0.36370516202853076
1.584141092,0.3869757743088433,-0.9493931865968942,2.424251569,0.48418928074147677,0.939428181392993,0.38735142459318145,0.3638888443655575
1.582349628,0.38724423260009466,-0.9486996930172529,2.422031462,0.4845048035526365,0.939290225057273,0.3876038428421092,0.3640725007762286
1.580559405,0.38751287727088773,-0.9480061990740879,2.419813938,0.4848204857304757,0.939152072420629,0.3878563885843806,0.36425613114060185
1.578770423,0.3877817083215399,-0.9473127051005142,2.417598996,0.4851363271001694,0.9390137232367726,0.38810906168013554,0.3644397350301943
1.576982681,0.3880507259024144,-0.9466192110422895,2.415386632,0.48545232765205437,0.9388751771924976,0.38836186212164353,0.3646233121142664
1.575196179,0.38831993001337867,-0.9459257172331094,2.413176845,0.4857684872084318,0.9387364340413267,0.38861478976674546,0.3648068619613545
1.573410915,0.3885893209557635,-0.945232223230186,2.41096963,0.48608480594820236,0.9385974933784008,0.3888678447585619,0.3649903843458473
1.571626889,0.3888588987296127,-0.9445387293669871,2.408764987,0.48640128369600705,0.9384583549543202,0.38912102695680567,0.36517387883601954
1.569844099,0.3891286636372723,-0.9438452351994187,2.406562913,0.4867179206309608,0.9383190183638359,0.38937433650476866,0.36535734520522445
1.568062546,0.3893986155273338,-0.9431517414501174,2.404363405,0.4870347163991454,0.938179483436222,0.38962777311931635,0.3655407829174857
1.566282228,0.38966875470253226,-0.9424582476744883,2.40216646,0.48735167117925615,0.9380397497663341,0.38988133694340493,0.36572419174495535
1.564503143,0.3899390814667448,-0.9417647534264701,2.399972076,0.487668785150736,0.9378998169483314,0.3901350281205888,0.36590757145943237
1.562725293,0.3902095955159405,-0.9410712598193707,2.397780251,0.487986057779518,0.937759684891292,0.3903888462236144,0.3660909214197317
1.560948674,0.3904802974587065,-0.9403777656264749,2.395590982,0.48830348960154696,0.9376193530318339,0.3906427916812376,0.36627424160271144
1.559173288,0.3907511869903512,-0.9396842719619373,2.393404267,0.48862108008127497,0.9374788212799691,0.39089686406502,0.36645753136571124
1.557399132,0.3910222645684389,-0.9389907779876627,2.391220103,0.48893882957652063,0.9373380891506516,0.39115106366121655,0.3666407905814496
1.555626206,0.3912935301932023,-0.9382972840368784,2.389038488,0.4892567379084539,0.9371971563961832,0.39140539032676314,0.3668240188123805
1.553854509,0.3915649840176546,-0.9376037900519398,2.386859419,0.48957480507692464,0.9370560226897587,0.39165984406153975,0.36700721572359757
1.55208404,0.39183662619511545,-0.9369102959748116,2.384682894,0.4898930310816848,0.9369146877045367,0.3919144248653479,0.36719038097962053
1.550314799,0.3921084567254633,-0.9362168021391731,2.38250891,0.4902114157423269,0.9367731511937217,0.39216913259386155,0.36737351414086017
1.548546784,0.3923804759159563,-0.9355233080946388,2.380337466,0.4905299592380431,0.936631412750654,0.3924239673904345,0.36755661497411923
1.546779995,0.39265268376666357,-0.934829814174645,2.378168557,0.4908486613878042,0.9364894721288024,0.3926789291102434,0.36773968303855525
1.545014431,0.3929250804314987,-0.9341363203203981,2.376002183,0.49116752219033355,0.936347329001684,0.3929340177522669,0.3679227179962354
1.543250091,0.39319766606468587,-0.9334428264727089,2.37383834,0.49148654164425987,0.9362049830427773,0.3931892333154079,0.36810571950865406
1.541486974,0.39347044082076027,-0.9327493325719924,2.371677026,0.49180571974811793,0.9360624339255217,0.39344457579849434,0.368288687236733
1.539725079,0.39374340485456927,-0.932055838558267,2.369518239,0.4921250565003493,0.9359196813233148,0.39370004520027946,0.3684716208408202
1.537964406,0.394016558166025,-0.9313623447651687,2.367361976,0.4924445517177339,0.9357767249907938,0.39395564137418715,0.3686545198767845
1.536204953,0.3942899010654207,-0.9306688507384491,2.365208235,0.4927642055796675,0.9356335645203371,0.394211364463734,0.3688373841076292
1.53444672,0.3945634335528663,-0.9299753568114936,2.363057013,0.4930840179023152,0.9354901996668414,0.39446721432185217,0.3690202130879722
1.532689706,0.3948371557838202,-0.9292818629235448,2.360908308,0.4934039886831051,0.9353466301040536,0.3947231909464841,0.3692030064757128
1.53093391,0.3951110679140571,-0.9285883690134441,2.358762118,0.49372411791937576,0.9352028555056762,0.3949792943355006,0.3693857639281771
1.529179331,0.3953851700996682,-0.9278948750196326,2.356618439,0.4940444056083762,0.9350588755453678,0.39523552448670096,0.3695684851021183
1.527425969,0.3956594623405169,-0.9272013812758079,2.354477271,0.49436485156439824,0.9349146899790621,0.39549188125151863,0.3697511695494996
1.525673822,0.39593394494944406,-0.9265078873244939,2.352338609,0.49468545596695057,0.9347702983983546,0.39574836477356046,0.36993381703004197
1.523922889,0.396208618083498,-0.9258143931029219,2.350202452,0.49500621881302,0.9346257004767649,0.396004975050416,0.37011642719877885
1.522173171,0.39648348158565044,-0.9251208993408847,2.348068797,0.4953271397324642,0.9344808960534573,0.39626171178597136,0.37029899950143136
1.520424666,0.3967585357697019,-0.9244274055796944,2.345937642,0.495648218904532,0.9343358847198866,0.3965185751236256,0.37048153369600156
1.518677372,0.3970337809506473,-0.9237339113591561,2.343808985,0.4959694565092588,0.9341906660667563,0.39677556520740703,0.3706640295401213
1.51693129,0.39730921697111565,-0.9230404174094948,2.341682822,0.4962908521749406,0.9340452399341395,0.39703268173995254,0.3708464864774888
1.515186419,0.39758484398845667,-0.9223469236675619,2.339559153,0.4966124058968327,0.9338996059963681,0.39728992471746616,0.3710289041599684
1.513442757,0.3978606623186366,-0.9216534296719402,2.337437973,0.49693411785471964,0.9337537638439953,0.3975472942837757,0.371211282343472
1.511700304,0.39813667196179947,-0.9209599357559731,2.335319282,0.4972559878595154,0.9336077132346268,0.39780479028761234,0.371393620574198
1.509959059,0.3984128730762696,-0.9202664418552856,2.333203075,0.4975780159062277,0.9334614538424422,0.39806241272498216,0.3715759185022921
1.508219021,0.398689265820698,-0.9195729479050921,2.331089352,0.49790020198978335,0.933314985341568,0.3983201615918267,0.3717581757773267
1.506480189,0.398965850354064,-0.9188794538401953,2.328978109,0.49822254610502936,0.9331683074060773,0.3985780368840235,0.3719403920483012
1.504742563,0.39924262667628097,-0.9181859599942286,2.326869345,0.4985450480610243,0.9330214197946106,0.39883603844881943,0.3721225668587754
1.503006142,0.3995195949463235,-0.9174924663020001,2.324763056,0.4988677078517981,0.9328743221816693,0.3990941662814385,0.37230469985645537
1.501270924,0.39979675548333365,-0.9167989722981075,2.322659241,0.49919052565745126,0.9327270141567164,0.39935242052596104,0.37248679079343705
1.499536909,0.40007410828755247,-0.916105478315774,2.320557897,0.4995135012861489,0.9325794954787643,0.39961080102891916,0.3726688392114143
1.497804096,0.4003516535189475,-0.9154119842885651,2.318459021,0.49983663473168843,0.9324317658221445,0.3998693077853508,0.3728508447563732
1.496072485,0.4006293911773159,-0.9147184905502588,2.316362612,0.5001599258009817,0.9322838249466571,0.4001279406407854,0.37303280696862035
1.494342074,0.40090732158335074,-0.9140249966335137,2.314268667,0.5004833746740436,0.9321356724413531,0.4003866997392349,0.37321472559800584
1.492612862,0.4011854448980212,-0.9133315024706449,2.312177183,0.5008069813444458,0.9319873079803872,0.40064558507555664,0.37339660028879523
1.49088485,0.40146376096028685,-0.9126380087964754,2.310088158,0.5011307454307414,0.9318387314099972,0.4009045963445932,0.3735784304741827
1.489158035,0.4017422702532425,-0.9119445147406678,2.30800159,0.5014546673004169,0.9316899422327991,0.40116373384033355,0.37376021600759435
1.487432417,0.4020209727772475,-0.9112510206362995,2.305917476,0.5017787467589098,0.9315409402091996,0.40142299740712784,0.37394195642623096
1.485707996,0.40229986853210414,-0.9105575268171411,2.303835814,0.5021029836107006,0.9313917251002748,0.4016823868885605,0.37412365126653235
1.48398477,0.4025789578411948,-0.9098640328125006,2.301756602,0.5024273780360297,0.9312422964941595,0.40194190242882377,0.3743053002750492
1.482262739,0.40285824070455095,-0.9091705389558636,2.299679837,0.5027519298387918,0.9310926541521696,0.40220154387103346,0.37448690298698084
1.480541902,0.4031377172841647,-0.9084770451782721,2.297605517,0.5030766390107274,0.9309427977491178,0.402461311208582,0.3746684590422957
1.478822257,0.40341738790511433,-0.9077835510069282,2.29553364,0.5034015057325334,0.9307927268723906,0.4027212045860267,0.3748499681859617
1.477103805,0.4036972524048099,-0.9070900571785806,2.293464203,0.5037265296179826,0.9306424413712052,0.4029812236943861,0.37503142984569926
1.475386544,0.4039773111087898,-0.9063965632198612,2.291397203,0.5040517108474136,0.9304919408329981,0.4032413686779309,0.37521284376528247
1.473670474,0.40425756401699287,-0.90570306946437,2.289332639,0.5043770492225997,0.9303412250202322,0.4035016393780798,0.37539420947667473
1.471955593,0.40453801145609825,-0.905009575437326,2.287270508,0.504702544924192,0.9301902935198341,0.4037620359393536,0.37557552672259314
1.470241901,0.40481865342628237,-0.9043160814720358,2.285210808,0.5050281977533855,0.9300391460944999,0.4040225582027084,0.3757567950337623
1.468529397,0.40509949009126583,-0.9036225874974001,2.283153536,0.5053540077007824,0.9298877824191216,0.40428320616062596,0.375938014045997
1.46681808,0.40538052161511645,-0.9029290934418908,2.28109869,0.505679974756921,0.929736202168519,0.4045439798055368,0.37611918339453787
1.46510795,0.40566174799768906,-0.9022355996392118,2.279046268,0.506006098721462,0.9295844051062976,0.4048048789771696,0.376300302608119
1.463399005,0.4059431695678548,-0.9015421056118749,2.276996267,0.5063323797751828,0.9294323908186491,0.40506590382014623,0.3764813714266755
1.461691245,0.40622478632571163,-0.9008486116932837,2.274948685,0.5066588177171715,0.9292801590694079,0.4053270541737372,0.376662389377705
1.459984669,0.4065065984360409,-0.9001551178110305,2.27290352,0.5069854125370434,0.9291277095336634,0.4055883300296348,0.37684335609401814
1.458279276,0.406788606063976,-0.899461623892274,2.270860769,0.5073121642243538,0.9289750418864295,0.40584973137948305,0.3770242712078514
1.456575066,0.4070708092092961,-0.89876813027081,2.268820431,0.5076390725766606,0.928822155892449,0.40611125806132853,0.37720513424471785
1.454872036,0.4073532083690247,-0.8980746360590693,2.266782502,0.5079661379670479,0.9286690510471582,0.4063729103736384,0.37738594504795864
1.453170188,0.40763580321154624,-0.8973811424049667,2.26474698,0.5082933598084075,0.9285157272953274,0.406634687846726,0.3775667029295112
1.451469519,0.40791859423482396,-0.8966876484197785,2.262713863,0.508620738473932,0.9283621841320433,0.4068965907791456,0.3777474077316098
1.449770029,0.4082015814391368,-0.895994154436688,2.260683149,0.5089482737600457,0.9282084213224946,0.40715861900803657,0.37792805897729664
1.448071717,0.4084847649910577,-0.8953006603810861,2.258654836,0.5092759656552788,0.9280544385417911,0.40742077252422304,0.3781086562952306
1.446374583,0.40876814489042623,-0.8946071665866943,2.25662892,0.5096038139548145,0.9279002355559176,0.4076830511638516,0.37828919920709314
1.444678625,0.40905172147116065,-0.8939136725698243,2.254605401,0.5099318188399105,0.9277458119492459,0.40794545507192836,0.3784696874467108
1.442983843,0.4093354947333559,-0.8932201786638849,2.252584274,0.5102599801051884,0.9275911674879788,0.4082079840841507,0.3786501205345316
1.441290236,0.4096194648443267,-0.8925266847933596,2.250565539,0.5105882977382802,0.92743630184747,0.4084706381906242,0.3788304980967884
1.439597803,0.4099036319717493,-0.8918331908822902,2.248549193,0.510916771726765,0.9272812147029873,0.408733417381412,0.3790108197591388
1.437906543,0.4101879962836623,-0.8911396968542761,2.246535233,0.5112454020581696,0.9271259057297114,0.4089963216465357,0.3791910851466648
1.436216456,0.4104725577799808,-0.8904462030429455,2.244523657,0.5115741885253178,0.9269703746948573,0.4092593508202542,0.3793712937772251
1.43452754,0.4107573167974925,-0.8897527089611071,2.242514463,0.5119031313098317,0.9268146211816948,0.40952250504786536,0.379551445381316
1.432839795,0.4110422733363748,-0.8890592149420694,2.240507649,0.5122322302039795,0.9266586449576506,0.40978578416318356,0.379731539475564
1.431153221,0.4113274273962349,-0.8883657213198349,2.238503212,0.5125614849990694,0.9265024457908442,0.41004918799925555,0.3799115755758599
1.429467815,0.41161277948438274,-0.8876722271942635,2.23650115,0.5128908960721378,0.9263460231713657,0.41031271685771026,0.3800915535177785
1.427783578,0.4118983294317349,-0.8869787333100774,2.234501461,0.5132204630188328,0.9261893769600588,0.4105763704150663,0.38027147270925254
1.426100508,0.41218407757738285,-0.8862852391772825,2.232504143,0.5135501860209889,0.9260325067393415,0.41084014881679115,0.3804513328779772
1.424418606,0.4124700237513357,-0.8855917455417032,2.230509192,0.5138800646725622,0.9258754123712506,0.41110405173804976,0.38063113343045873
1.422737869,0.41275616846355573,-0.8848982514999785,2.228516607,0.5142100993515427,0.9257180933445123,0.4113680794812342,0.3808108742001619
1.421058298,0.41304251154385047,-0.8842047577981765,2.226526386,0.5145402896508807,0.9255605495217646,0.4116322317207046,0.3809905545922857
1.41937989,0.41332905350387117,-0.8835112635308898,2.224538526,0.5148706359493925,0.9254027803907443,0.41189650875951406,0.38117017443929485
1.417702647,0.41361579400214804,-0.8828177698580443,2.222553025,0.515201137641859,0.9252447859089867,0.41216091011348727,0.3813497330380067
1.416026566,0.4139027335513164,-0.8821242758730417,2.220569881,0.5155317951072388,0.9250865655638315,0.4124254360857911,0.38152923021977
1.414351647,0.41418987215162695,-0.8814307819091034,2.218589091,0.5158626081334112,0.9249281191250142,0.412690086506729,0.38170866549420823
1.412677889,0.41447720997454707,-0.8807372878856683,2.216610654,0.5161935767051498,0.9247694462680699,0.41295486136411985,0.3818880384774047
1.411005292,0.41476474701989163,-0.8800437941364841,2.214634566,0.5165247006091022,0.9246105467635335,0.41321976048728176,0.3820673486776419
1.409333854,0.4150524836314362,-0.8793503001658888,2.212660826,0.5168559800275856,0.9244514201920339,0.4134847840220685,0.3822465958169976
1.407663575,0.41534041980927505,-0.8786568063072933,2.210689431,0.5171874147467074,0.924292066324301,0.4137499317973659,0.382425779402526
1.405994453,0.41562855589842046,-0.8779633120635452,2.20872038,0.5175190049491679,0.9241324847403487,0.41401520395933433,0.3826048991552219
1.404326489,0.41591689172626345,-0.8772698181836316,2.206753669,0.5178507502215295,0.9239726753070101,0.4142806001772236,0.38278395447354313
1.402659682,0.41620542746511197,-0.8765763245859769,2.204789297,0.518182650546947,0.9238126377004039,0.4145461204375576,0.3829629449698894
1.400994029,0.4164941636345902,-0.8758828303555575,2.202827261,0.5185147063074791,0.9236523714039007,0.41481176504598327,0.3831418704709601
1.399329532,0.41678309988808987,-0.8751893366584941,2.200867559,0.5188469168884903,0.9234918763817509,0.41507753351079224,0.3833207302657906
1.397666188,0.41707223674624383,-0.8744958425785521,2.198910189,0.5191792826722,0.9233311521169001,0.41534342613776004,0.3834995241799586
1.396003998,0.4173615740352366,-0.8738023488661681,2.196955149,0.519511803241984,0.923170198478282,0.41560944259358723,0.38367825160857005
1.394342959,0.41765111227743706,-0.8731088546030257,2.195002436,0.5198444789809208,0.9230090149477971,0.41587558318473666,0.3838569123761844
1.392683073,0.41794085112416396,-0.8724153609577313,2.193052048,0.5201773092707623,0.9228476014923191,0.41614184741660987,0.3840355057690011
1.391024337,0.41823079109880257,-0.8717218670107518,2.191103983,0.5205102944947532,0.9226859575933143,0.41640823559580253,0.3842140316104555
1.389366751,0.4185209322015882,-0.8710283730953299,2.189158238,0.5208434344346807,0.9225240830237609,0.4166747475477446,0.38439248940064014
1.387710314,0.4188112746075779,-0.8703348791265921,2.187214812,0.521176729072699,0.9223619774593801,0.4169413832581592,0.38457087874664503
1.386055025,0.4191018184922202,-0.8696413850191976,2.185273702,0.5215101783909323,0.9221996405757731,0.41720814271274587,0.3847491992549801
1.384400884,0.41939256385546625,-0.8689478911067294,2.183334905,0.521843782169681,0.9220370721468065,0.4174750257357448,0.38492745042379883
1.38274789,0.41968351087281835,-0.8682543973037823,2.181398421,0.5221775403903116,0.9218742718484655,0.4177420323122493,0.385105631858353
1.381096042,0.4199746597201726,-0.867560903524481,2.179464245,0.5225114530341629,0.921711239356615,0.4180091624273303,0.3852837431633152
1.379445338,0.42026601075044323,-0.8668674092622142,2.177532377,0.5228455202850414,0.9215479742479865,0.41827641622803313,0.38546178405065157
1.377795779,0.4205575637873146,-0.8661739152704062,2.175602814,0.5231797417150073,0.9213844764314707,0.4185437933720058,0.38563975391970723
1.376147364,0.42084931900713546,-0.8654804214626427,2.173675554,0.5235141172948348,0.921220745658778,0.41881129383586785,0.38581765239779575
1.374500092,0.4211412765866509,-0.8647869277520377,2.171750594,0.5238486470046463,0.9210567816051601,0.41907891760371707,0.3859954790866537
1.372853961,0.4214334368806105,-0.8640934336297977,2.169827932,0.5241833310282534,0.9208925838434575,0.41934666482260274,0.386173233694623
1.371208972,0.4217257997115912,-0.863399939850664,2.167907567,0.5245181689393149,0.9207281522460624,0.419614535151452,0.38635091560558676
1.369565123,0.4220183654348967,-0.8627064459051856,2.165989495,0.5248531609212321,0.9205634863864299,0.4198825287369857,0.3865285245268699
1.367922413,0.42231113422887306,-0.8620129517045767,2.164073715,0.5251883069541223,0.9203985859378536,0.4201506455632979,0.3867060600573357
1.366280843,0.4226041059150813,-0.8613194580047827,2.162160224,0.5255236066092703,0.9202334507752272,0.4204188852874163,0.3868835215791135
1.36464041,0.42289728102887325,-0.8606259638720256,2.16024902,0.5258590602744282,0.920068080371679,0.42068724821954256,0.38706090890619854
1.363001115,0.42319065939162703,-0.8599324700624674,2.158340102,0.5261946675197697,0.9199024746033388,0.4209557340158158,0.3872382214196139
1.361362956,0.4234842413611574,-0.8592389760636835,2.156433466,0.526530428528741,0.9197366330442055,0.4212243428229928,0.3874154588242776
1.359725933,0.42377802693750366,-0.8585454822091526,2.154529111,0.5268663430750152,0.9195705554707232,0.4214930744600122,0.38759262060825633
1.358090045,0.42407201629995434,-0.8578519884089741,2.152627034,0.5272024111367921,0.9194042415586064,0.4217619289094337,0.38776970636727276
1.356455291,0.4243662096282055,-0.8571584945727672,2.150727234,0.5275386326921898,0.919237690983752,0.4220309061537519,0.3879467156965554
1.35482167,0.4246606071023629,-0.8564650006096673,2.148829707,0.5278750077192454,0.9190709034222363,0.42230000617539637,0.3881236481908375
1.353189181,0.4249552089029428,-0.8557715064283278,2.146934453,0.5282115361959168,0.9189038785503121,0.42256922895673343,0.3883005034443572
1.351557825,0.42525001484919894,-0.8550780127874154,2.145041467,0.5285482176870828,0.9187366162496826,0.4228385741496663,0.38847728083410493
1.349927599,0.4255450254831447,-0.8543845187452923,2.14315075,0.5288850525825957,0.9185691159925388,0.42310804206607655,0.3886539801699698
1.348298503,0.42584024080519545,-0.8536910246349952,2.141262297,0.5292220406532037,0.9184013775587224,0.42337763252256294,0.38883060093627236
1.346670537,0.42613566081517645,-0.852997530790254,2.139376108,0.5295591816686294,0.9182334007291132,0.4236473453349035,0.3890071426167295
1.3450437,0.4264312856941643,-0.8523040371190621,2.137492179,0.5298964756050176,0.9180651851821201,0.4239171804840141,0.3891836048029386
1.34341799,0.4267271158057467,-0.8516105431021983,2.135610509,0.5302339226461257,0.9178967304925886,0.42418713811690056,0.38935998719451115
1.341793407,0.42702315115024153,-0.8509170490728147,2.133731096,0.5305715225607356,0.9177280364425442,0.4244572180485885,0.38953628927359596
1.34016995,0.4273193919099765,-0.8502235549374378,2.131853937,0.5309092753247675,0.9175591027108809,0.424727420259814,0.3897125106303022
1.338547619,0.4276158380848434,-0.849530061029719,2.12997903,0.5312471807056656,0.9173899290810361,0.4249977445645325,0.38988865074565676
1.336926413,0.4279124898572491,-0.8488365672560915,2.128106373,0.5315852386784882,0.9172205152328755,0.42526819094279056,0.39006470920869923
1.335306331,0.4282093474100208,-0.8481430735224971,2.126235964,0.5319234492182214,0.9170508608464171,0.4255387593745772,0.39024068560797237
1.333687371,0.42850641111002524,-0.8474495793058778,2.1243678,0.5322618125089004,0.9168809654967773,0.42580945000712034,0.39041657964018023
1.332069534,0.42880368077395414,-0.8467560853679036,2.12250188,0.5326003281073687,0.9167108290741534,0.426080262485895,0.39059239067557766
1.330452819,0.42910115658514003,-0.8460625916139255,2.120638201,0.5329389959876834,0.916540451259671,0.4263511967901467,0.39076811830114183
1.328837224,0.4293988389117229,-0.8453690975194006,2.118776762,0.5332778163336706,0.9163698316288806,0.42662225306693646,0.39094376221208227
1.32722275,0.4296967275693743,-0.8446756038471884,2.116917559,0.533616788699812,0.916198970074409,0.4268934309598496,0.39111932177694503
1.325609394,0.42999482311172676,-0.8439821096420557,2.115060591,0.5339559134798763,0.9160278660661417,0.42716473078390105,0.3912947967986948
1.323997157,0.4302931253542837,-0.8432886156670577,2.113205856,0.5342951902272516,0.9158565194978724,0.4274361521818013,0.39147018664478744
1.322386038,0.43059163448174326,-0.8425951218259541,2.111353351,0.5346346189149362,0.9156849300520908,0.427707695131949,0.39164549089963974
1.320776036,0.4308903506792329,-0.8419016280220047,2.109503075,0.5349741995158631,0.9155130974114181,0.4279793596126905,0.39182070914716943
1.31916715,0.4311892741323108,-0.84120813415797,2.107655025,0.5353139320028998,0.915341021258605,0.42825114560231986,0.391995840970795
1.317559379,0.43148840502696784,-0.8405146401361075,2.105809198,0.5356538163488506,0.9151687012765284,0.42852305307908045,0.3921708859534349
1.315952723,0.4317877433631878,-0.8398211462899611,2.103965594,0.5359938523146939,0.9149961372557072,0.42879508185175513,0.39234584356860075
1.31434718,0.43208728951375397,-0.8391276520895934,2.10212421,0.5363340400843893,0.9148233287721963,0.4290672320675115,0.39252071350707335
1.312742751,0.43238704329204486,-0.8384341583005264,2.100285043,0.5366743792060636,0.9146502757251819,0.42933950336485094,0.39269549513237356
1.311139434,0.43268700507145597,-0.8377406643921138,2.098448091,0.5370148698633125,0.9144769776911821,0.42961189589065,0.3928701881342604
1.309537229,0.4329871748519019,-0.837047170697979,2.096613353,0.537355511815179,0.914303434462779,0.42988440945214323,0.3930447919840981
1.307936134,0.43328755300817173,-0.836353676685865,2.094780827,0.5376963052456216,0.914129645616264,0.4301570441964973,0.3932193063706837
1.306336149,0.43358813954053843,-0.8356601826889811,2.092950509,0.5380372499130823,0.9139556109448966,0.4304297999304659,0.3933937307643386
1.304737273,0.43388893463693295,-0.8349666886073422,2.091122398,0.5383783457884315,0.913781330133844,0.4307026766307452,0.3935680647438492
1.303139506,0.4341899382972071,-0.834273194774644,2.089296492,0.5387195926287842,0.9136068029777242,0.4309756741030274,0.39374230777843644
1.301542847,0.434491150709392,-0.8335797010907853,2.087472789,0.5390609904041694,0.9134320291626027,0.4312487923233356,0.39391645944582626
1.299947294,0.4347925722510057,-0.8328862070203624,2.085651286,0.5394025392987447,0.913257008264837,0.4315220314389958,0.39409051943234225
1.298352847,0.43509420292244616,-0.8321927128964427,2.083831982,0.5397442390687291,0.9130817400800384,0.43179539125498334,0.39426448720564117
1.296759506,0.4353960427235084,-0.831499219052786,2.082014873,0.5400860894693162,0.9129062244048374,0.43206887157545304,0.3944383622328054
1.29516727,0.4356980918432145,-0.8308057253881506,2.08019996,0.5404280904695853,0.9127304609263834,0.43234247237566825,0.3946121440894959
1.293576137,0.43600035066113,-0.8301122313647793,2.078387238,0.5407702422537218,0.9125544492211808,0.4326161938029775,0.39478583246003973
1.291986107,0.43630281917760333,-0.8294187373157974,2.076576706,0.5411125445760295,0.9123781890868302,0.4328900356608236,0.3949594268099556
1.29039718,0.436605497392378,-0.8287252435750236,2.074768362,0.5414549971897853,0.9122016803219511,0.43316399775182823,0.3951329266041916
1.288809354,0.43690838568636853,-0.8280317496031543,2.072962204,0.5417976002790207,0.9120249225033065,0.43343808022321656,0.395306331525561
1.287222629,0.43721148405969185,-0.8273382557335803,2.071158229,0.5421403535964234,0.9118479154301491,0.43371228287713876,0.3954796410379701
1.285637003,0.43751479289469664,-0.8266447614253567,2.069356436,0.5424832573264148,0.9116706586789342,0.43398660586113186,0.3956528548232531
1.284052478,0.4378183118085083,-0.8259512678870793,2.067556822,0.5428263107878469,0.9114931522738235,0.4342610486302776,0.3958259721257479
1.28246905,0.438122041567223,-0.8252577737017343,2.065759386,0.5431695145978055,0.9113153955676088,0.4345356116782444,0.39599899284477214
1.28088672,0.43842598197949967,-0.8245642796402723,2.063964124,0.5435128682906939,0.9111373884733964,0.43481029463255516,0.39617191633285437
1.279305488,0.4387301330448075,-0.8238707860368238,2.062171036,0.5438563716162687,0.9109591307934011,0.4350850972930149,0.39634474205120723
1.277725351,0.43903449534025935,-0.8231772919091099,2.060380119,0.544200024976077,0.9107806219915867,0.4353600199808616,0.39651746978843877
1.27614631,0.4393390686734897,-0.8224837980292503,2.058591371,0.5445438279021789,0.91060186198339,0.43563506232174315,0.39669009889542944
1.274568364,0.4396438532370267,-0.8217903042919895,2.056804789,0.5448877803608202,0.9104228504590813,0.43591022428865617,0.39686262894113583
1.272991511,0.43994884941741436,-0.8210968101515974,2.055020373,0.5452318825365471,0.9102435869951889,0.43618550602923767,0.3970350596033649
1.271415752,0.44025405702126164,-0.8204033163813617,2.053238118,0.5455761339590771,0.9100640715094713,0.4364609071672617,0.3972073902313556
1.269841085,0.44055947643577,-0.8197098224348047,2.051458025,0.5459205348126267,0.9098843035788079,0.43673642785010136,0.39737962050188574
1.268267509,0.4408651078553186,-0.8190163282045673,2.04968009,0.5462650850632726,0.909704282893696,0.43701206805061815,0.39755174998187864
1.266695025,0.4411709510854907,-0.8183228344651007,2.047904311,0.5466097842383929,0.9095240093742064,0.43728782739071437,0.39772377801893843
1.265123631,0.441477006514882,-0.8176293406683454,2.046130687,0.5469546325220815,0.9093434825973724,0.43756370601766525,0.39789570428831655
1.263553326,0.44178327433846365,-0.8169358467062704,2.044359214,0.5472996298795572,0.909162702254556,0.43783970390364574,0.39806752835537323
1.26198411,0.44208975455623334,-0.8162423529124028,2.042589892,0.54764477605593,0.9089816681526466,0.438115820844744,0.39823924967552143
1.260415981,0.44239644755900354,-0.8155488587361718,2.040822718,0.5479900712359211,0.9088003798680853,0.43839205698873696,0.39841086792251545
1.25884894,0.44270335315118503,-0.8148553649533569,2.03905769,0.5483355149435047,0.9086188373242962,0.4386684119548038,0.39858238244126926
1.257282985,0.44301047172426194,-0.8141618710126278,2.037294806,0.5486811073630824,0.9084370400980373,0.43894488589046593,0.3987537929045056
1.255718115,0.4433178034747484,-0.8134683768042101,2.035534064,0.5490268484589491,0.9082549878815854,0.43922147876715933,0.39892509887499833
1.254154331,0.4436253482060275,-0.8127748831050435,2.033775461,0.5493727377527431,0.9080726806006542,0.4394981902021945,0.39909629969604293
1.25259163,0.4439331065080802,-0.8120813889182609,2.032018996,0.5497187756503223,0.9078901177151489,0.4397750205202579,0.399267395148319
1.251030013,0.44424107818414943,-0.8113878950209602,2.030264667,0.5500649616722652,0.9077072991518156,0.44005196933781215,0.39943838457406305
1.249469479,0.4445492634310154,-0.8106944013030665,2.028512471,0.5504112957812441,0.9075242246045071,0.44032903662499534,0.3996092675339485
1.247910026,0.444857662643834,-0.8100009072091098,2.026762407,0.5507577781622065,0.9073408936494153,0.4406062225297652,0.3997800436976503
1.246351655,0.4451662756248198,-0.8093074135173453,2.025014473,0.551104408333398,0.9071573062155578,0.44088352666671843,0.39995071240579533
1.244794364,0.44547510276981434,-0.8086139196715321,2.023268665,0.5514511864794562,0.9069734618794092,0.441160949183565,0.4001212733270241
1.243238152,0.4457841442775176,-0.8079204255594366,2.021524983,0.5517981125629327,0.9067893603348952,0.44143849005034613,0.4002917260199554
1.241683019,0.4460934001481144,-0.8072269315143763,2.019783425,0.5521451863230468,0.9066050013946241,0.4417161490584374,0.40046206993315264
1.240128965,0.44640287038117016,-0.8065334378703634,2.018043987,0.5524924074979911,0.9064203848722056,0.44199392599839293,0.40063230451464044
1.238575987,0.4467125555742862,-0.805839943621966,2.016306669,0.5528397764963454,0.9062355102247404,0.44227182119707636,0.4008024295405576
1.237024087,0.447022455328618,-0.8051464499958433,2.014571468,0.5531872926083903,0.9060503775044386,0.4425498340867122,0.4009724442387923
1.235473262,0.44733257024301637,-0.8044529559851648,2.012838382,0.5535349562429036,0.9058649861681599,0.4428279649943229,0.4011423483844567
1.233923512,0.44764290031788695,-0.8037594619230013,2.011107409,0.5538827671369752,0.9056793360305219,0.44310621370958014,0.4013121414234911
1.232374837,0.44795344555301486,-0.8030659681431179,2.009378548,0.5542307250266685,0.9054934269071396,0.4433845800213348,0.40148182280130135
1.230827235,0.4482642063494442,-0.8023724740834455,2.007651795,0.554578830097136,0.9053072583737849,0.44366306407770884,0.40165139218190343
1.229280706,0.44857518270738583,-0.8016789800772736,2.005927149,0.5549270820838945,0.9051208302465606,0.4439416656671156,0.40182084900966075
1.22773525,0.4488863746264283,-0.8009854864585858,2.004204608,0.5552754807214345,0.9049341423425661,0.44422038457714763,0.40199019272840597
1.226190864,0.44919778271087174,-0.8002919922144666,2.00248417,0.5556240264206547,0.9047471941163672,0.44449922113652374,0.40215942311018044
1.22464755,0.44950940655745664,-0.7995984985765047,2.000765832,0.5559727184641304,0.9045599856276412,0.4447781747713044,0.40232853937861957
1.223105305,0.44982124677175384,-0.79890500453037,1.999049594,0.5563215572629723,0.904372516330669,0.44505724581037787,0.4024975413047285
1.221564129,0.4501333033542153,-0.7982115104090851,1.997335452,0.5566705425505859,0.9041847860434946,0.44533643404046874,0.40266642833025407
1.220024022,0.45044557630466936,-0.7975180165463652,1.995623405,0.5570196740593519,0.9039967945851543,0.44561573924748155,0.40283519989641725
1.218484983,0.4507580658255013,-0.7968245228258622,1.993913451,0.5573689517476964,0.9038085416532301,0.44589516139815716,0.4030038555535001
1.21694701,0.4510707723230606,-0.7961310286796031,1.992205587,0.5577183758013521,0.9036200268225785,0.44617470064108167,0.4031723949608501
1.215410104,0.4513836955940867,-0.7954375348919561,1.990499813,0.5580679457243175,0.903431250035873,0.44645435657945404,0.40334081744853756
1.213874263,0.45169683604565214,-0.7947440408941465,1.988796124,0.5584176617020428,0.9032422108681624,0.44673412936163426,0.40350912267486616
1.212339487,0.45201019367783857,-0.7940505470196084,1.987094521,0.5587675234648103,0.9030529091403751,0.44701401877184826,0.4036773100784478
1.210805775,0.45232376869469687,-0.7933570531501467,1.985395,0.5591175309702127,0.9028633445507023,0.44729402477617014,0.4038453792069577
1.209273126,0.4526375613007841,-0.7926635591670063,1.98369756,0.5594676841758303,0.902673516797295,0.44757414734066425,0.4040133296075481
1.20774154,0.45295157149600046,-0.7919700654038215,1.982002198,0.5598179828103886,0.9024834257025054,0.4478543862483109,0.4041811607172687
1.206211015,0.453265799690516,-0.7912765712883916,1.980308913,0.560168427059781,0.9022930708406702,0.4481347416478248,0.4043488721918062
1.204681551,0.45358024588468104,-0.7905830771538542,1.978617703,0.5605190166522046,0.9021024520345652,0.4484152133217637,0.40451646346716563
1.203153148,0.45389491007821664,-0.7898895833340421,1.976928565,0.5608697513148314,0.9019115691079516,0.44869580105186513,0.40468393397883695
1.201625805,0.45420979247651944,-0.7891960897092724,1.975241498,0.561220631003667,0.901720421760298,0.44897650480293366,0.40485128327136577
1.20009952,0.45452489349209074,-0.7885025957047731,1.973556499,0.561571655904822,0.9015290095654784,0.44925732472385765,0.4050185109983359
1.198574293,0.45484021312533374,-0.7878091016536253,1.971873567,0.5619228257446813,0.9013373323478711,0.4495382605957451,0.40518561659367097
1.197050124,0.45515575137602093,-0.7871156078896036,1.9701927,0.5622741402486053,0.9011453899328364,0.44981931219888427,0.40535259949078384
1.195527011,0.45547150865820063,-0.786422113836235,1.968513895,0.5626255996001215,0.9009531819204672,0.4501004796800972,0.4055194593517122
1.194004954,0.4557874849721055,-0.7857286198267882,1.966837151,0.5629772035158547,0.9007607082181958,0.4503817628126838,0.4056861956397125
1.192483952,0.4561036805253661,-0.7850351257391237,1.965162465,0.5633289519503286,0.9005679685267513,0.4506631615602629,0.40585280789616907
1.190964005,0.4564200953178142,-0.7843416319069505,1.963489836,0.5636808446269838,0.9003749626680042,0.450944675701587,0.4060192955501517
1.189445112,0.45673672955725597,-0.7836481382079353,1.961819262,0.5640328815000843,0.9001816903379684,0.4512263052000675,0.4061856581399528
1.187927271,0.45705358366091686,-0.7829546440621201,1.96015074,0.5643850627559969,0.8999881511054779,0.4515080502047975,0.406351895313055
1.186410483,0.45737065742014194,-0.7822611502598171,1.958484269,0.5647373878848249,0.8997943449224846,0.4517899103078599,0.40651800638804886
1.184894746,0.4576879512529158,-0.7815676562202377,1.956819847,0.5650898570725755,0.899600271358997,0.45207188565806045,0.40668399101176467
1.18338006,0.45800546515937307,-0.7808741622767591,1.955157471,0.5654424700403825,0.8994059302412851,0.45235397603230604,0.4068498486116802
1.181866424,0.45832319934907256,-0.7801806683051304,1.95349714,0.5657952267414842,0.8992113212684234,0.4526361813931874,0.4070155787244618
1.180353838,0.45864115382174947,-0.7794871746391655,1.951838852,0.5661481268956327,0.899016444268896,0.45291850151650614,0.40718118077696597
1.1788423,0.45895932899778935,-0.7787936806954526,1.950182604,0.5665011706888936,0.8988212988142165,0.45320093655111493,0.4073466544146924
1.17733181,0.4592777248774039,-0.7781001868072862,1.948528396,0.5668543578404093,0.8986258847342706,0.45348348627232743,0.4075119990638517
1.175822367,0.45959634167139707,-0.777406692849057,1.946876224,0.567207688302456,0.8984302017306696,0.45376615064196485,0.40767721425980985
1.17431397,0.45991517959110567,-0.7767131986945754,1.945226087,0.5675611620272645,0.8982342495054458,0.4540489296218116,0.40784229953759893
1.172806619,0.46023423863658613,-0.7760197046773055,1.943577983,0.5679147787322962,0.8980380278913626,0.454331822985837,0.4080072543224887
1.171300314,0.4605535188072561,-0.7753262111314045,1.94193191,0.5682685381339384,0.897841536722673,0.45461483050715074,0.4081720780394577
1.169795052,0.4608730207391034,-0.7746327170091067,1.940287865,0.5686224406532199,0.8976447754425698,0.4548979525225759,0.4083367704414125
1.168290834,0.4611927442202156,-0.7739392231042764,1.938645848,0.5689764857712014,0.8974477440169751,0.45518118861696116,0.408501330843257
1.166787659,0.4615126894628488,-0.7732457292897255,1.937005856,0.5693306734383478,0.8972504421515929,0.4554645387506782,0.4086657587784173
1.165285526,0.46183285667979845,-0.772552235437681,1.935367886,0.569685003605082,0.8970528695525245,0.45574800288406564,0.40883005377998327
1.163784434,0.4621532460844017,-0.7718587414197834,1.933731938,0.5700394762217864,0.8968550259262661,0.45603158097742913,0.4089942153807083
1.162284383,0.4624738576766569,-0.7711652475695588,1.932098009,0.5703940910022723,0.8966569111119108,0.4563152728018179,0.40915824300366693
1.160785371,0.4627946918842778,-0.7704717532956391,1.930466097,0.5707488481328569,0.8964585246850638,0.4565990785062855,0.40932213629030434
1.159287399,0.46311574849328335,-0.7697782593941299,1.928836201,0.571103747089707,0.896259866618883,0.45688299767176566,0.40948589455373213
1.157790466,0.4634370277174077,-0.7690847657362415,1.927208318,0.5714587878214963,0.8960609366230333,0.45716703025719707,0.40964951732543464
1.15629457,0.4637585299860028,-0.7683912717288358,1.925582446,0.5718139705144282,0.8958617342742516,0.45745117641154254,0.4098130042458411
1.154799711,0.46408025529942165,-0.7676977777050569,1.923958583,0.5721692948800531,0.8956622594157002,0.4577354359040425,0.4099763547364451
1.153305889,0.46440220365737356,-0.7670042839987425,1.922336728,0.5725247606288478,0.8954625118920042,0.4580198085030783,0.4101395682184612
1.151813102,0.4647243754908599,-0.7663107900149764,1.920716879,0.5728803679469094,0.8952624912809931,0.45830429435752756,0.4103026443312977
1.15032135,0.4650467708000946,-0.7656172960870529,1.919099033,0.573236116544126,0.8950621974285597,0.45858889323530083,0.41046558249551957
1.148830632,0.46536938980121534,-0.7649238020835908,1.917483188,0.5735920063681796,0.8948616300473711,0.4588736050945437,0.41062838224061704
1.147340948,0.46569223249404545,-0.7642303083383045,1.915869343,0.5739480371275927,0.8946607889854004,0.45915842970207416,0.41079104298655517
1.145852296,0.46601529931210134,-0.763536814253573,1.914257496,0.5743042090085897,0.8944596738216003,0.4594433672068718,0.4109535643713563
1.144364676,0.4663385902557183,-0.7628433201625608,1.912647645,0.5746605217191096,0.8942582844051813,0.45972841737528775,0.41111594581433397
1.142878088,0.4666621053245844,-0.7621498263991275,1.911039788,0.5750169749660174,0.8940566205868017,0.460013579972814,0.41127818673453054
1.14139253,0.4669858449538908,-0.7614563323638552,1.909433923,0.5753735689354471,0.8938546819464188,0.4602988551483577,0.411440286768936
1.139908002,0.4673098091438418,-0.7607628383900497,1.907830047,0.5757303033336837,0.8936524683359064,0.460584242666947,0.41160224533594125
1.138424503,0.46763399811267503,-0.7600693443440762,1.90622816,0.5760871781066336,0.893449979471945,0.4608697424853069,0.411764061962738
1.136942033,0.46795841186020604,-0.7593758505596575,1.904628259,0.5764441929592196,0.8932472152084491,0.46115535436737565,0.4119257360671238
1.135460591,0.46828305060488934,-0.7586823569029264,1.903030342,0.5768013478365093,0.8930441752635737,0.46144107826920744,0.4120872671756585
1.133980175,0.4686079147853377,-0.7579888627708041,1.901434408,0.5771586429250231,0.8928408592183068,0.46172691434001845,0.4122486549235596
1.132500786,0.468933004182255,-0.7572953689651063,1.899840454,0.577516077687081,0.8926372670660951,0.46201286214966486,0.4124098986186614
1.131022422,0.469258319235085,-0.7566018748818676,1.898248478,0.5778736523088924,0.8924333983888149,0.46229892184711396,0.41257099789550505
1.129545083,0.4695838599440442,-0.7559083808543818,1.896658479,0.5782313664931611,0.8922292530441612,0.4625850931945289,0.4127319521703182
1.128068769,0.46990962630869754,-0.7552148872166374,1.895070454,0.5785892199415185,0.8920248308912547,0.4628713759532148,0.41289276085906884
1.126593478,0.47023561877019915,-0.7545213933628461,1.893484403,0.5789472128401048,0.8918201315128537,0.4631577702720838,0.4130534235952499
1.125119209,0.4705618375500741,-0.7538278991558677,1.891900322,0.579305345133036,0.8916151546300427,0.4634442761064288,0.4132139399030417
1.123645963,0.4708882824269518,-0.7531344053997271,1.89031821,0.5796636162777759,0.8914099002431131,0.4637308930222207,0.41337430908858747
1.122173738,0.4712149538437084,-0.7524409114868053,1.888738065,0.5800220264604022,0.8912043679356665,0.4640176211683218,0.4135345307843258
1.120702533,0.47154185202267584,-0.7517474172791057,1.887159885,0.5803805756241837,0.8909985574304708,0.4643044604993469,0.41369460451345114
1.119232349,0.47186897674144557,-0.7510539235817549,1.885583668,0.5807392632241589,0.8907924687312039,0.4645914105793272,0.4138545295812712
1.117763184,0.4721963284446255,-0.7503604297852957,1.884009413,0.5810980894463497,0.8905861014222758,0.46487847155707973,0.41401430561916597
1.116295037,0.4725239073553618,-0.7496669357508685,1.882437117,0.5814570542331827,0.8903794552281038,0.4651656433865462,0.4141739321493434
1.114827908,0.47285171347379434,-0.7489734418118503,1.880866778,0.5818161572821704,0.8901725300145465,0.46545292582573633,0.41433340858496875
1.113361796,0.4731797470233062,-0.7482799478291315,1.879298395,0.5821753985349166,0.8899653255073919,0.4657403188279333,0.4144927344476182
1.1118967,0.47350800822786454,-0.7475864536629854,1.877731966,0.5825347779330102,0.8897578414326766,0.4660278223464082,0.41465190925851103
1.110432621,0.4738364968629813,-0.7468929601207384,1.876167488,0.5828942949266456,0.8895500778007827,0.46631543594131647,0.41481093232130395
1.108969556,0.4741652136015946,-0.7461994661150652,1.874604961,0.5832539499477091,0.8893420340552823,0.46660315995816726,0.4149698033738187
1.107507505,0.4744941584442898,-0.7455059719788734,1.873044381,0.583613742691531,0.8891337100655601,0.4668909941532248,0.41512852182765453
1.106046468,0.47482333139099575,-0.7448124780457623,1.871485747,0.5839736728523727,0.8889251057023917,0.46717893828189816,0.41528708709416745
1.104586444,0.475152732666751,-0.7441189841748749,1.869929058,0.5843337403701737,0.8887162206947302,0.467466992296139,0.4154454986929572
1.103127432,0.47548236249718606,-0.7434254902247297,1.868374311,0.5846939451848644,0.8885070547717512,0.46775515614789154,0.41560375614326367
1.101669432,0.47581222088212777,-0.7427319965290337,1.866821505,0.5850542869890846,0.8882976078066491,0.46804342959126766,0.4157618588555429
1.100212442,0.47614230827416454,-0.7420385024699035,1.865270637,0.5854147659694966,0.888087879385818,0.4683318127755973,0.41591980645679616
1.098756462,0.47647262467368645,-0.7413450083804541,1.863721705,0.5857753818181938,0.8878778693834621,0.468620305454555,0.4160775983568175
1.097301492,0.4768031700804226,-0.7406515145944949,1.862174709,0.5861361342261993,0.8876675776751652,0.4689089073809594,0.41623523396516465
1.09584753,0.47713394494875305,-0.7399580204922613,1.860629645,0.5864970233801542,0.8874570038479415,0.46919761870412335,0.41639271290775015
1.094394577,0.477464949051002,-0.739264526884432,1.859086513,0.5868580487219286,0.8872461479236329,0.4694864389775429,0.41655003448520866
1.09294263,0.47779618307072275,-0.7385710326725191,1.85754531,0.5872192106867633,0.8870350093443756,0.46977536854941065,0.41670719843098397
1.09149169,0.4781276467801792,-0.7378775386672646,1.856006034,0.5875805087154544,0.8868235881335771,0.47006440697236357,0.41686420404511354
1.090041756,0.4784593404075512,-0.7371840447245114,1.854468683,0.5879419427454825,0.8866118840248808,0.470353554196386,0.4170210508438567
1.088592828,0.47879126395238203,-0.7364905511782619,1.852933256,0.5883035124646487,0.8863998968985684,0.47064280997171903,0.4171777382349843
1.087144903,0.47912341810222653,-0.7357970569258424,1.851399751,0.5886652183095151,0.8861876261960313,0.4709321746476121,0.4173342659503022
1.085697983,0.479455802398405,-0.7351035632585665,1.849868165,0.5890270594677265,0.8859750720917043,0.4712216475741812,0.4174906331807069
1.084252065,0.4797884175300073,-0.7344100690721589,1.848338498,0.5893890363761102,0.8857622340270251,0.47151122910088816,0.41764683965723115
1.08280715,0.48012126326722093,-0.7337165751795315,1.846810746,0.5897511484706527,0.8855491120317974,0.4718009187765222,0.41780288467833543
1.081363237,0.4804543398399614,-0.7330230814347143,1.845284909,0.5901133956872266,0.8853357058424854,0.47209071654978135,0.4179587677582854
1.079920325,0.48078764747875624,-0.7323295876910987,1.843760985,0.5904757779617074,0.88512201519571,0.4723806223693659,0.4181144884109768
1.078478412,0.4811211866462244,-0.7316360933203164,1.84223897,0.5908382954815201,0.8849080396797006,0.4726706363852161,0.4182700462577981
1.0770375,0.48145495687969037,-0.7309425996178439,1.840718865,0.5912009474279016,0.8846937794770212,0.47296075794232134,0.4184254404883088
1.075597586,0.48178895887384215,-0.730249105473577,1.839200666,0.591563734239298,0.8844792340282479,0.4732509873914384,0.41858067083109146
1.074158671,0.4821231923967884,-0.7295556117025918,1.837684372,0.5919266553468946,0.8842644033694903,0.4735413242775157,0.4187357365830558
1.072720753,0.48245765791297596,-0.7288621176746214,1.836169981,0.5922897109375999,0.88404928709015,0.47383176875007993,0.418890637364173
1.071283832,0.4827923554225861,-0.7281686237230026,1.834657492,0.5926529006936226,0.8838338850786646,0.4741223205548981,0.41904537257854757
1.069847908,0.4831272849251299,-0.7274751301817667,1.833146902,0.5930162242961045,0.8836181972248118,0.4744129794368836,0.4191999416300708
1.068412978,0.4834624471206543,-0.726781635935252,1.831638209,0.5933796821854023,0.8834022229677173,0.47470374574832186,0.4193543442451696
1.066979044,0.4837978415421226,-0.7260881422834577,1.830131412,0.5937432735355501,0.8831859624990361,0.47499461882844013,0.41950857961185867
1.065546103,0.4841334688911565,-0.7253946481090935,1.828626509,0.5941069987871919,0.8829694152578275,0.47528559902975354,0.4196626474557677
1.064114156,0.4844693289337627,-0.7247011542294124,1.827123498,0.5944708573661946,0.8827525812871371,0.47557668589295576,0.4198165470719887
1.062683202,0.4848054219040467,-0.7240076604940947,1.825622377,0.594834849205291,0.8825354603287935,0.4758678793642328,0.4199702779704
1.061253239,0.48514174827210543,-0.7233141662670289,1.824123145,0.5951989744919992,0.8823180519725398,0.4761591795935994,0.4201238397678673
1.059824268,0.48547830780290624,-0.7226206723665415,1.822625799,0.5955632326497965,0.8821003562644854,0.4764505861198372,0.4202772317587313
1.058396288,0.4858151007314681,-0.7219271786413695,1.821130338,0.5959276236106428,0.8818823729476815,0.47674209888851427,0.4204304534518612
1.056969297,0.4861521275297868,-0.7212336844534452,1.819636759,0.5962921475620963,0.881664101612159,0.47703371804967704,0.4205835044629765
1.055543296,0.4864893879617898,-0.7205401906221661,1.818145062,0.5966568039252464,0.881445542307069,0.4773254431401972,0.42073638408567315
1.054118284,0.48682688226341686,-0.7198466969953207,1.816655244,0.5970215926312861,0.881226694776653,0.47761727410502886,0.4208890918278093
1.052694259,0.4871646109085747,-0.7191532029328759,1.815167303,0.5973865138678199,0.8810075586111946,0.477909211094256,0.4210416273039525
1.051271221,0.4875025738978083,-0.7184597087677972,1.813681237,0.5977515673102186,0.8807881337085138,0.4782012538481749,0.42119398991400525
1.04984917,0.48784077123098774,-0.7177662148337427,1.812197046,0.5981167526327885,0.8805684199677407,0.4784934021062308,0.42134617905767247
1.048428105,0.4881792031456237,-0.7170727209768865,1.810714726,0.5984820697659788,0.880348417134345,0.4787856558127831,0.4214981942414129
1.047008025,0.4885178698798701,-0.7163792270427429,1.809234276,0.5988475186402578,0.8801281249538603,0.47907801491220625,0.4216500349712976
1.04558893,0.48885677143354506,-0.715685733365023,1.807755694,0.5992130989283625,0.8799075433274751,0.47937047914269004,0.4218017006461591
1.044170818,0.4891959082844123,-0.7149922392997403,1.806278979,0.5995788108180101,0.8796866718458684,0.4796630486544081,0.4219531908782391
1.042753689,0.48953528043292155,-0.71429874517996,1.804804128,0.5999446539814371,0.8794655104109591,0.47995572318514973,0.4221045050656887
1.041337543,0.48987488787884403,-0.7136052513394404,1.803331141,0.6003106280898164,0.8792440589259652,0.48024850247185313,0.4222556426064686
1.039922379,0.49021473086158046,-0.7129117576224202,1.801860014,0.6006767330720938,0.8790223171385554,0.4805413864576751,0.42240660300499955
1.038508195,0.4905548098618265,-0.7122182633819184,1.800390746,0.6010429691163477,0.8788002846392791,0.48083437529307815,0.422557385871907
1.037094992,0.49089512463933244,-0.7115247694416126,1.798923335,0.6014093356336246,0.8785779614898889,0.48112746850689975,0.4227079904975827
1.035682769,0.4912356754344566,-0.7108312756447637,1.797457781,0.6017758325521271,0.8783553474391066,0.4814206660417017,0.422858416385425
1.034271525,0.4915764624882118,-0.7101377818339658,1.795994079,0.6021424598000823,0.8781324422356823,0.48171396784006587,0.423008663038438
1.032861259,0.49191748604226815,-0.7094442878511439,1.79453223,0.6025092173057449,0.8779092456283897,0.48200737384459597,0.42315872995923043
1.031451971,0.4922587460966361,-0.7087507940298122,1.793072231,0.6028761047369241,0.877685757524763,0.4823008837895393,0.42330861654368446
1.03004366,0.4926002428932982,-0.708057300211578,1.79161408,0.6032431220211119,0.8774619776745612,0.4825944976168895,0.42345832229377717
1.028636325,0.49294197667489764,-0.7073638062373774,1.790157775,0.6036102690858282,0.8772379058275556,0.48288821526866255,0.42360784671108737
1.027229965,0.4932839476847413,-0.7066703119474738,1.788703315,0.6039775458560416,0.8770135417811797,0.4831820366848333,0.42375718931800954
1.025824581,0.49362615567946844,-0.705976818168708,1.787250699,0.6043449517334244,0.8767888856529367,0.48347596138673954,0.4239063494242616
1.024420171,0.49396860114569563,-0.705283324248079,1.785799923,0.6047124869057031,0.8765639370303454,0.4837699895245625,0.42405532663477946
1.023016735,0.4943112840833717,-0.7045898305191631,1.784350986,0.6050801510374832,0.8763386958216212,0.4840641208299866,0.4242041203421901
1.021614271,0.4946542049811243,-0.703896336326923,1.782903887,0.6054479443170531,0.8761131616149842,0.4843583554536425,0.424352730151125
1.02021278,0.4949973635945418,-0.7032028424992631,1.781458624,0.6058158661458286,0.87588733448192,0.4846526929166629,0.4245011553482604
1.01881226,0.49534076041325414,-0.7025093483801328,1.780015194,0.6061839167118425,0.8756612140122944,0.484947133369474,0.4246493955380956
1.017412712,0.49568439519181534,-0.701815854798482,1.778573597,0.6065520954146122,0.8754348002811532,0.4852416763316898,0.42479745000752483
1.016014133,0.4960282686669042,-0.701122360601216,1.77713383,0.6069204027053972,0.875208092717728,0.48553632216431775,0.4249453184666129
1.014616524,0.49637238059306216,-0.7004288666172978,1.775695892,0.6072888379826407,0.8749810913996405,0.48583107038611256,0.42509300020229634
1.013219884,0.49671673121623117,-0.6997353726843264,1.77425978,0.6076574011706631,0.8747537960819202,0.4861259209365305,0.4252404947130495
1.011824213,0.49706132053596086,-0.6990418791362801,1.772825493,0.6080260919294925,0.8745262066834549,0.48642087354359403,0.4253878013917318
1.010429508,0.4974061492933479,-0.6983483848156137,1.77139303,0.6083949107118103,0.8742983226343908,0.48671592856944823,0.42553491994770853
1.009035771,0.4977512169941349,-0.6976548910500924,1.769962387,0.6087638566482385,0.8740701441822899,0.48701108531859083,0.4256818495627942
1.007643,0.4980965241330257,-0.696961397178551,1.768533565,0.6091329299266335,0.873841670922406,0.4873063439413068,0.4258285898407602
1.006251194,0.49844207095833887,-0.6962679030361987,1.76710656,0.6095021304705621,0.8736129026138283,0.48760170437644973,0.4259751402797601
1.004860354,0.49878785722150104,-0.6955744094551313,1.765681372,0.609871457672248,0.8733838393459576,0.48789716613779843,0.42612150016744293
1.003470477,0.49913388366840405,-0.6948809152729875,1.764257997,0.6102409119855517,0.8731544805506642,0.4881927295884414,0.42626766921240644
1.002081564,0.49948015005047014,-0.6941874213218676,1.762836436,0.6106104928016304,0.8729248263198364,0.4884883942413043,0.4264136467023463
1.000693614,0.4998266566166987,-0.6934939274362982,1.761416685,0.610980200042469,0.8726948764168827,0.48878416003397523,0.42655943213537983
0.9993066263,0.5001734035417277,-0.6928004336001661,1.759998743,0.6113500335500374,0.8724646306556382,0.48908002684002994,0.4267050249780363
0.9979205999,0.5005203910756273,-0.6921069396469257,1.758582608,0.6117199932461117,0.872234088800952,0.4893759945968894,0.42685042472827744
0.9965355345,0.5008676192935548,-0.6914134457599445,1.757168278,0.6120900788653545,0.8720032507350158,0.4896720630922836,0.4269956308105931
0.9951514292,0.5012150884211191,-0.6907199518221387,1.755755753,0.6124602903022436,0.8717721162412065,0.48996823224179487,0.4271406427123925
0.9937682834,0.5015627986090171,-0.690026457866337,1.754345029,0.6128306273708024,0.8715406851538295,0.49026450189664195,0.42728545988960026
0.9923860966,0.5019107499828956,-0.689332963975418,1.752936105,0.6132010898578185,0.8713089573250477,0.49056087188625486,0.427430081787679
0.9910048679,0.5022589427693082,-0.6886394700313556,1.75152898,0.613571677656927,0.8710769325409637,0.4908573421255416,0.42757450789392715
0.9896245968,0.502607377094324,-0.6879459761166076,1.750123652,0.6139423905541891,0.8708446106557407,0.49115391244335127,0.427718737653774
0.9882452825,0.5029560531599049,-0.6872524821627415,1.748720118,0.6143132284158368,0.8706119914740875,0.49145058273266945,0.42786277054399013
0.9868669245,0.5033049710924411,-0.686558988251896,1.747318377,0.6146841910271239,0.8703790748522455,0.4917473528216991,0.42800660600999124
0.985489522,0.5036541310944274,-0.6858654943151085,1.745918428,0.6150552782536429,0.8701458605967931,0.49204422260291436,0.42815024352849296
0.9841130744,0.50400353331798,-0.6851720003837947,1.744520268,0.6154264899068257,0.8699123485490488,0.49234119192546055,0.42829368255531536
0.9827375811,0.5043531779153606,-0.6844785064892264,1.743123896,0.6157978257976886,0.869678538551369,0.4926382606381509,0.4284369225462755
0.9813630413,0.5047030650899221,-0.6837850125615893,1.741729311,0.6161692857909095,0.8694444304130469,0.4929354286327276,0.42857996297799295
0.9799894544,0.5050531949944309,-0.6830915186316542,1.740336509,0.6165408696968422,0.8692100239782986,0.49323269575747375,0.42872280330623463
0.9786168197,0.5054035678073439,-0.682398024679506,1.738945491,0.6169125773525195,0.8689753190752494,0.4935300618820156,0.42886544299715207
0.9772451366,0.5057541836818292,-0.6817045307355177,1.737556253,0.617284408567551,0.8687403155500558,0.4938275268540408,0.42900788150648306
0.9758744045,0.5061050427712042,-0.6810110368299149,1.736168794,0.6176563631511329,0.8685050132498883,0.49412509052090636,0.429150118289962
0.9745046226,0.5064561452802344,-0.6803175428914847,1.734783112,0.6180284409664036,0.8682694119884911,0.4944227527731229,0.42929215282405053
0.9731357903,0.5068074913627499,-0.679624048949946,1.733399207,0.6184006418219018,0.8680335116148432,0.49472051345752144,0.42943398456443066
0.971767907,0.5071590811727316,-0.6789305550348687,1.732017075,0.618772965525755,0.8677973119789205,0.49501837242060404,0.4295756129667804
0.970400972,0.5075109148900684,-0.678237061124922,1.730636715,0.6191454119129404,0.8675608129143738,0.4953163295303523,0.4297170374971163
0.9690349846,0.5078629926949445,-0.6775435671984846,1.729258126,0.6195179808181362,0.8673240142557064,0.495614384654509,0.42985825762142055
0.9676699442,0.508215314742012,-0.6768500732844643,1.727881305,0.6198906720484063,0.8670869158556543,0.49591253763872506,0.4299992727953132
0.9663058501,0.5085678812119403,-0.6761565793607619,1.726506251,0.6202634854377488,0.8668495175505112,0.49621078835019905,0.43014008248472885
0.9649427016,0.5089206922856971,-0.6754630854049841,1.725132962,0.6206364208198651,0.866611819177407,0.49650913665589214,0.43028068615556647
0.9635804982,0.509273748092677,-0.6747695914962993,1.723761437,0.6210094779733595,0.8663738206092808,0.4968075823786876,0.4304210832530836
0.9622192391,0.5096270488402022,-0.6740760975609758,1.722391674,0.621382656758601,0.8661355216676018,0.49710612540688087,0.430561273253449
0.9608589237,0.5099805946840233,-0.6733826036268414,1.721023671,0.6217559569808631,0.8658969222096383,0.4974047655846905,0.43070125561219014
0.9594995514,0.5103343857800487,-0.6726891097215698,1.719657425,0.622129378445012,0.8656580220936106,0.49770350275600966,0.43084102978482924
0.9581411214,0.5106884223365047,-0.6719956157705423,1.718292937,0.6225029210105325,0.8654188211434364,0.49800233680842604,0.4309805952474246
0.9567836332,0.5110427044837161,-0.6713021218520143,1.716930203,0.6228765844541063,0.8651793192366816,0.4983012675632851,0.4311199514451785
0.955427086,0.511397232430481,-0.6706086278908071,1.715569223,0.6232503686346035,0.8649395161989027,0.4986002949076828,0.4312590978540814
0.9540714793,0.5117520063074799,-0.669915133964828,1.714209993,0.6236242733279243,0.8646994119095025,0.49889941866233944,0.4313980339193176
0.9527168124,0.51210702629786,-0.6692216400495472,1.712852514,0.623998298364701,0.8644590062134218,0.49919863869176084,0.4315367591065726
0.9513630846,0.5124622925850751,-0.6685281461201353,1.711496782,0.6243724435752749,0.8642182989563866,0.4994979548602199,0.4316752728814932
0.9500102953,0.5128178053265892,-0.6678346522027437,1.710142797,0.6247467087620158,0.8639772900027356,0.49979736700961264,0.4318135746994678
0.9486584438,0.5131735647063631,-0.6671411582720481,1.708790556,0.6251210937545993,0.863735979199853,0.5000968750036795,0.4319516640260896
0.9473075295,0.5135295708822966,-0.6664476643537748,1.707440058,0.6254955983546747,0.8634943664137957,0.5003964786837398,0.4320895403167104
0.9459575517,0.5138858240388616,-0.6657541704221013,1.7060913,0.6258702223912546,0.863252451493586,0.5006961779130037,0.4322272030368691
0.9446085098,0.514242324334397,-0.6650606765023265,1.704744283,0.6262449656652697,0.8630102343069782,0.5009959725322157,0.4323646516418799
0.9432604031,0.5145990719538889,-0.6643671825681271,1.703399003,0.6266198280050715,0.8627677147046134,0.5012958624040572,0.4325018855972268
0.941913231,0.5149560670561186,-0.6636736886443716,1.702055459,0.6269948092108752,0.8625248925559238,0.5015958473687002,0.4326389043581857
0.9405669928,0.5153133098265897,-0.6629801947042342,1.700713649,0.6273699091103732,0.8622817677131486,0.5018959272882986,0.43277570739018395
0.9392216879,0.5156708004245294,-0.6622867007721502,1.699373571,0.6277451275030663,0.862038340047378,0.5021961020024531,0.43291229414845844
0.9378773157,0.5160285390093335,-0.661593206872391,1.698035225,0.6281204641880574,0.8617946094305768,0.502496371350446,0.4330486640882397
0.9365338754,0.5163865257938983,-0.6608997129257865,1.696698607,0.6284959190199739,0.8615505756992148,0.5027967352159791,0.43318481668501246
0.9351913665,0.5167447609114786,-0.6602062190077387,1.695363718,0.6288714917693028,0.8613062387449971,0.5030971934154422,0.43332075138381887
0.9338497883,0.517103244548831,-0.6595127250902066,1.694030553,0.6292471822620568,0.8610615984241242,0.5033977458096455,0.4334564676499543
0.9325091401,0.5174619768930323,-0.6588192311448399,1.692699113,0.6296229903239651,0.8608166545935108,0.5036983922591721,0.43359196494867047
0.9311694213,0.5178209581046663,-0.6581257371947594,1.691369395,0.6299989157524,0.8605714071291032,0.50399913260192,0.43372724273508173
0.9298306314,0.5181801883176389,-0.6574322433147376,1.690041398,0.630374958316236,0.8603258559260522,0.5042999666529888,0.43386230045421215
0.9284927695,0.5185396677734342,-0.6567387493721062,1.688715119,0.6307511178963624,0.8600800008069138,0.50460089431709,0.4339971375914122
0.9271558351,0.5188993966064556,-0.656045255441157,1.687390558,0.6311273942609779,0.859833841668373,0.5049019154087823,0.4341317535916531
0.9258198275,0.5192593750050587,-0.6553517614923047,1.686067712,0.6315037872341482,0.8595873783711577,0.5052030297873186,0.4342661479200471
0.9244847462,0.519619603103924,-0.654658267599574,1.684746581,0.6318802965832291,0.8593406108136805,0.5055042372665833,0.4344003200215694
0.9231505903,0.5199800811459107,-0.6539647736289713,1.683427161,0.6322569221880443,0.8590935388211719,0.5058055377504355,0.43453426938136747
0.9218173594,0.520340809239128,-0.6532712797060704,1.682109452,0.6326336637870057,0.858846162312113,0.5061069310296046,0.43466799543433715
0.9204850528,0.5207017875729024,-0.652577785800351,1.680793451,0.6330105212028075,0.8585984811502578,0.506408416962246,0.4348014976454909
0.9191536698,0.5210630163368901,-0.6518842918809764,1.679479158,0.6333874942578667,0.858350495200024,0.5067099954062934,0.4349347754797938
0.9178232098,0.5214244956938888,-0.6511907979689355,1.67816657,0.6337645827459655,0.8581022043451687,0.5070116661967724,0.43506782839216723
0.9164936721,0.5217862258341031,-0.6504973040328652,1.676855686,0.6341417864888813,0.8578536084515306,0.5073134291911051,0.43520065584750955
0.9151650561,0.5221482069208061,-0.6498038100932981,1.675546504,0.6345191052797027,0.8576047074043489,0.5076152842237621,0.43533325730069494
0.9138373612,0.5225104391174532,-0.6491103161705928,1.674239022,0.634896538911128,0.8573555010896515,0.5079172311289024,0.43546563220658846
0.9125105867,0.5228729226150224,-0.6484168222326445,1.672933239,0.6352740872039386,0.8571059893754253,0.5082192697631509,0.4355977800300016
0.911184732,0.5232356575774486,-0.647723328299353,1.671629153,0.6356517499501418,0.8568561721491516,0.5085213999601135,0.4357297002257505
0.9098597965,0.5235986441688522,-0.6470298343904397,1.670326762,0.6360295269413582,0.8566060492990861,0.5088236215530866,0.43586139224864284
0.9085357795,0.5239618825809914,-0.6463363404730542,1.669026065,0.6364074179973765,0.8563556206953203,0.5091259343979012,0.4359928555633996
0.9072126803,0.524325373005963,-0.6456428465140229,1.66772706,0.636785422937713,0.856104886208567,0.5094283383501704,0.436124089634692
0.9058904984,0.5246891155811431,-0.6449493525847866,1.666429745,0.637163541524387,0.8558538457481618,0.5097308332195096,0.4362550939073322
0.9045692331,0.5250531104990788,-0.6442558586517417,1.665134119,0.6375417735762005,0.8556024991862593,0.5100334188609604,0.43638586784594996
0.9032488838,0.5254173579250518,-0.6435623647335019,1.66384018,0.6379201188830147,0.8553508464146967,0.5103360951064118,0.43651641090524046
0.9019294498,0.5257818580521777,-0.6428688707959226,1.662547926,0.6382985772630051,0.8550988873069422,0.5106388618104041,0.43664672254975995
0.9006109306,0.5261466110185486,-0.6421753769097619,1.661257356,0.6386771484766245,0.8548466217753613,0.5109417187812996,0.4367768022242906
0.8992933253,0.5265116170731798,-0.6414818829351382,1.659968467,0.6390558323988468,0.8545940496564525,0.5112446659190775,0.4369066494130445
0.8979766336,0.5268768762991793,-0.6407883890476761,1.658681259,0.6394346287319073,0.8543411709023508,0.5115477029855259,0.4370362635410622
0.8966608546,0.5272423889461761,-0.640094895106911,1.65739573,0.6398135373501855,0.854087985350795,0.5118508298801484,0.43716564409246844
0.8953459878,0.5276081551531063,-0.6394014011827994,1.656111878,0.6401925580126621,0.8538344929169945,0.5121540464101296,0.4372947905119799
0.8940320325,0.5279741751146968,-0.6387079072396659,1.654829701,0.6405716905355593,0.8535806934783559,0.5124573524284475,0.4374237022639564
0.8927189882,0.5283404489701944,-0.6380144133471727,1.653549197,0.6409509346770382,0.8533265869515945,0.5127607477416306,0.43755237879311315
0.8914068541,0.5287069769427458,-0.6373209194163313,1.652270366,0.6413302902815438,0.8530721731960562,0.513064232225235,0.43768081957354726
0.8900956296,0.5290737592000196,-0.6366274254634897,1.650993205,0.64170975713546,0.8528174521103877,0.513367805708368,0.437809024059711
0.8887853142,0.529440795881851,-0.6359339315577531,1.649717712,0.6420893349958102,0.8525624236134153,0.5136714679966482,0.43793699169628325
0.8874759071,0.5298080872123255,-0.6352404376092453,1.648443887,0.6424690237061584,0.8523070875662524,0.5139752189649268,0.4380647219572236
0.8861674078,0.5301756333317128,-0.6345469436866611,1.647171727,0.6428488230227996,0.8520514438890742,0.5142790584182396,0.4381922142871746
0.8848598156,0.5305434344366209,-0.6338534497525461,1.645901231,0.6432287327596741,0.8517954924637027,0.5145829862077392,0.43831946815026396
0.8835531299,0.5309114906958271,-0.633159955822201,1.644632396,0.6436087527013626,0.851539233192124,0.5148870021610902,0.4384464830008462
0.8822473501,0.5312798022783095,-0.6324664619107375,1.643365223,0.6439888826320692,0.8512826659770005,0.5151911061056554,0.4385732582932621
0.8809424755,0.5316483693815123,-0.6317729679799132,1.642099708,0.6443691223647765,0.8510257907019614,0.5154952978918212,0.4386997934915303
0.8796385055,0.5320171921749344,-0.6310794740443495,1.64083585,0.6447494716830233,0.8507686072708964,0.5157995773464187,0.4388260880499296
0.8783354395,0.5323862708282782,-0.6303859801184761,1.639573648,0.6451299303700403,0.8505111155945158,0.5161039442960322,0.4389521414259482
0.8770332769,0.5327556055114496,-0.6296924862165317,1.638313099,0.6455104982099202,0.8502533156987551,0.5164083985679362,0.439077953137072
0.8757320169,0.5331251964514035,-0.6289989922459382,1.637054203,0.6458911750440912,0.8499952074941358,0.516712940035273,0.43920352268018686
0.8744316591,0.5334950437617691,-0.628305498327026,1.635796957,0.6462719605961458,0.849736790924298,0.5170175684769166,0.4393288494890586
0.8731322028,0.5338651476415693,-0.6276120044200694,1.63454136,0.6466528546770649,0.8494780658748837,0.5173222837416519,0.4394539330268363
0.8718336473,0.5342355082901923,-0.6269185104849998,1.633287411,0.6470338570975854,0.8492190322328664,0.5176270856780684,0.43957877275704826
0.870535992,0.5346061258788117,-0.6262250165348673,1.632035107,0.6474149676388162,0.8489596899065476,0.517931974111053,0.43970336813400557
0.8692392364,0.5349770005501903,-0.6255315226360235,1.630784447,0.6477961860520959,0.8487000388257389,0.5182369488416767,0.43982771860286346
0.8679433797,0.5353481325331202,-0.6248380286941688,1.62953543,0.6481775121766131,0.8484400788616236,0.5185420097412905,0.4399518236379653
0.8666484214,0.5357195219708234,-0.6241445347752255,1.628288053,0.6485589457630203,0.8481798099468899,0.5188471566104162,0.44007568268530706
0.8653543608,0.5360911690640523,-0.6234510408378495,1.627042316,0.6489404866204947,0.847919231975513,0.5191523892963958,0.4401992952104525
0.8640611973,0.5364630739851516,-0.6227575468939961,1.625798216,0.6493221345284454,0.8476583448629503,0.5194577076227563,0.440322660669808
0.8627689304,0.536835236877859,-0.6220640530091067,1.624555752,0.6497038892363698,0.8473971485463232,0.5197631113890958,0.4404457785106847
0.8614775593,0.5372076579725438,-0.621370559087409,1.623314922,0.6500857505820493,0.8471356429035233,0.5200686004656395,0.4405686482093951
0.8601870834,0.5375803374423108,-0.6206770651401504,1.622075724,0.6504677183439134,0.8468738278541725,0.5203741746751307,0.44069126922358376
0.8588975022,0.5379532754315409,-0.6199835712321726,1.620838158,0.6508497922703959,0.8466117033396507,0.5206798338163167,0.4408136410018381
0.8576088149,0.5383264721716088,-0.6192900772667684,1.619602221,0.6512319721984743,0.846349269241745,0.5209855777587794,0.4409357630216313
0.8563210211,0.5386999277783485,-0.6185965833622098,1.618367911,0.6516142578462052,0.8460865255250222,0.5212914062769641,0.4410576347229293
0.85503412,0.5390736424837296,-0.617903089421237,1.617135228,0.651996649049975,0.8458234720739086,0.52159731923998,0.4411792555840028
0.8537481111,0.5394476164329617,-0.6172095955079212,1.61590417,0.6523791455567782,0.8455601088354033,0.5219033164454226,0.4413006250551495
0.8524629937,0.5398218498295931,-0.6165161015783174,1.614674734,0.6527617471727136,0.845296435716964,0.5222093977381709,0.4414217426059782
0.8511787672,0.5401963428483731,-0.6158226076421452,1.613446919,0.6531444536738299,0.8450324526478425,0.522515562939064,0.4415426076970654
0.849895431,0.5405710956642716,-0.6151291137089204,1.612220724,0.653527264835825,0.8447681595586547,0.5228218118686601,0.44166321978940914
0.8486129845,0.5409461084524801,-0.6144356197879532,1.610996147,0.6539101804340475,0.8445035563813746,0.523128144347238,0.4417835783444316
0.847331427,0.5413213814177157,-0.613742125834216,1.609773187,0.6542932002733977,0.8442386430286378,0.5234345602187181,0.4419036828333424
0.846050758,0.541696914706394,-0.6130486319106639,1.608551841,0.6546763240986815,0.8439734194557288,0.5237410592789452,0.44202353270901695
0.8447709769,0.5420727084943766,-0.6123551380259881,1.607332109,0.6550595516842006,0.8437078855986557,0.5240476413473605,0.4421431274341442
0.8434920829,0.5424487630165997,-0.6116616440801824,1.606113988,0.655442882863885,0.8434420413531465,0.524354306291108,0.4422624664904852
0.8422140755,0.5428250784201545,-0.6109681501355786,1.604897477,0.6558263173814973,0.8431758866784789,0.5246610539051979,0.44238154933218043
0.8409369541,0.543201654881702,-0.6102746562001301,1.603682574,0.656209855010384,0.8429094215145199,0.5249678840083072,0.4425003754231438
0.8396607181,0.543578492578131,-0.6095811622815808,1.602469278,0.6565934955235448,0.8426426458024476,0.5252747964188359,0.4426189442277099
0.8383853669,0.5439555916865583,-0.6088876683874641,1.601257587,0.6569772386936344,0.8423755594847454,0.5255817909549075,0.44273725521063473
0.8371108997,0.5443329524435895,-0.6081941744162368,1.6000475,0.6573610843532267,0.8421081624631932,0.5258888674825813,0.4428553078556063
0.8358373161,0.5447105749677053,-0.6075006804837259,1.598839015,0.6577450322141366,0.8418404547247089,0.5261960257713093,0.4429731016096537
0.8345646155,0.5450884594367126,-0.6068071865968302,1.59763213,0.6581290820479847,0.8415724362156503,0.5265032656383878,0.44309063593879366
0.8332927971,0.5454666060881563,-0.6061136926531437,1.596426844,0.6585132336864855,0.8413041068414185,0.5268105869491885,0.4432079103278905
0.8320218604,0.5458450150707601,-0.6054201987134975,1.595223155,0.6588974868704984,0.8410354665718434,0.5271179894963988,0.44332492423451575
0.8307518048,0.546223686563152,-0.6047267047840374,1.594021061,0.6592818413707004,0.8407665153569807,0.5274254730965604,0.44344167712590205
0.8294826297,0.5466026207441941,-0.6040332108706953,1.592820562,0.6596662969574273,0.8404972531481447,0.5277330375659418,0.44355816846970075
0.8282143344,0.5469818178229026,-0.603339716924489,1.591621655,0.6600508534310082,0.8402276798766274,0.5280406827448066,0.44367439774313916
0.8269469184,0.5473612779487748,-0.602646223005541,1.590424338,0.6604355105308188,0.8399577955174363,0.5283484084246551,0.4437903644055194
0.825680381,0.5477410013313826,-0.6019527290643616,1.589228611,0.6608202680565646,0.8396876000042697,0.5286562144452517,0.4439060679348759
0.8244147217,0.5481209881206146,-0.6012592351607158,1.588034471,0.6612051257468823,0.8394170933146856,0.5289641005975059,0.44402150779137534
0.8231499398,0.548501238526602,-0.6005657412446028,1.586841918,0.6615900834008563,0.839146275384761,0.529272066720685,0.4441366834538576
0.8218860347,0.5488817527297555,-0.599872247320539,1.585650948,0.6619751407868676,0.8388751461731072,0.5295801126294941,0.44425159439243744
0.8206230058,0.5492625309107253,-0.5991787533928227,1.584461562,0.6623602976729581,0.8386037056395481,0.5298882381383665,0.44436624007764547
0.8193608525,0.5496435732504034,-0.5984852594655315,1.583273756,0.6627455538268328,0.8383319537451135,0.5301964430614662,0.44448061998042876
0.8180995742,0.5500248799299234,-0.5977917655425237,1.582087531,0.6631309090158586,0.838059890452034,0.5305047272126869,0.44459473357215057
0.8168391702,0.550406451160957,-0.597098271572395,1.580902883,0.6635163630376618,0.8377875157021041,0.5308130904301295,0.4447085803336145
0.8155796401,0.5507882870645769,-0.596404777668604,1.579719812,0.6639019155977733,0.8375148295031548,0.5311215324782187,0.4448221597189496
0.8143209831,0.5511703878832795,-0.5957112837242245,1.578538316,0.6642875665237723,0.8372418317776794,0.5314300532190178,0.4449354712188001
0.8130631987,0.5515527537688805,-0.5950177897972676,1.577358393,0.6646733155510852,0.8369685225142744,0.5317386524408682,0.4450485142971647
0.8118062863,0.5519353849037366,-0.5943242958904795,1.576180041,0.6650591624454004,0.8366949016810744,0.5320473299563203,0.4451612884274816
0.8105502452,0.5523182815009569,-0.593630801951152,1.57500326,0.6654451070028123,0.8364209692255478,0.5323560856022499,0.44527379309255255
0.8092950749,0.552701443712972,-0.5929373080367384,1.573828048,0.6658311489576578,0.8361467251398953,0.5326649191661262,0.4453860277576635
0.8080407747,0.5530848717534733,-0.5922438140940023,1.572654402,0.6662172881054232,0.8358721693738094,0.5329738304843387,0.4454979919064131
0.8067873441,0.5534685657753053,-0.5915503201800227,1.571482322,0.6666035241797206,0.8355973019218632,0.5332828193437765,0.4456096850049441
0.8055347824,0.5538525259927443,-0.590856826241035,1.570311805,0.6669898569754297,0.8353221227359472,0.5335918855803438,0.4457211065376494
0.8042830891,0.5542367525590527,-0.5901633323337399,1.569142851,0.6673762862254403,0.8350466318129819,0.5339010289803523,0.4458322559715284
0.8030322635,0.5546212456890958,-0.5894698384038405,1.567975458,0.6677628117240278,0.8347708291070313,0.5342102493792223,0.4459431327917674
0.801782305,0.5550060055673596,-0.5887763444521581,1.566809624,0.6681494332343075,0.834494714595227,0.534519546587446,0.4460537364750609
0.8005332131,0.5553910323477387,-0.5880828505348237,1.565645347,0.6685361504880899,0.8342182882779616,0.5348289203904719,0.4461640664896897
0.7992849871,0.5557763262459892,-0.5873893565967371,1.564482626,0.6689229632787472,0.8339415501125124,0.5351383706229978,0.44627412232202696
0.7980376265,0.5561618874164311,-0.586695862693646,1.56332146,0.6693098713373732,0.8336645001015568,0.5354478970698986,0.4463839034412068
0.7967911306,0.5565477160754191,-0.5860023687699119,1.562161847,0.6696968744567402,0.8333871382044825,0.5357574995653922,0.44649340933439147
0.7955454988,0.5569338124087195,-0.5853088748252032,1.561003784,0.670083972398318,0.8331094644039143,0.5360671779186544,0.446602639480328
0.7943007306,0.5573201765712975,-0.5846153809146878,1.559847272,0.6704711648921292,0.8328314787059087,0.5363769319137034,0.4467115933494281
0.7930568253,0.5577068087804122,-0.5839218869819142,1.558692308,0.6708584517300508,0.8325531810729728,0.5366867613840406,0.4468202704300345
0.7918137823,0.5580937092226094,-0.5832283930258517,1.55753889,0.6712458326725714,0.8322745714909521,0.5369966661380572,0.4469286702021214
0.7905716011,0.558480878053506,-0.582534899101083,1.556387018,0.6716333074486466,0.8319956499692283,0.5373066459589173,0.4470367921373754
0.7893302811,0.5588683154600418,-0.5818414052062244,1.555236689,0.6720208758180259,0.8317164164958855,0.5376167006544208,0.44714463571663604
0.7880898216,0.5592560216606962,-0.5811479112837306,1.554087901,0.6724085375714005,0.8314368710375013,0.5379268300571204,0.4472522004298139
0.786850222,0.5596439968430661,-0.5804544173316295,1.552940655,0.6727962924679578,0.8311570135841309,0.5382370339743663,0.44735948575851464
0.7856114818,0.56003224116365,-0.579760923403715,1.551794947,0.673184140235238,0.8308768441495018,0.5385473121881904,0.4474664911761202
0.7843736004,0.5604207548104454,-0.5790674294976571,1.550650776,0.6735720806316938,0.8305963627258591,0.5388576645053551,0.4475732161650992
0.7831365771,0.5608095380031672,-0.5783739355548065,1.549508141,0.6739601134468379,0.830315569283752,0.5391680907574704,0.44767966021692274
0.7819004114,0.561198590898984,-0.577680441628359,1.54836704,0.6743482384071539,0.8300344638401058,0.5394785907257231,0.44778582280624146
0.7806651027,0.5615879136866964,-0.5769869477152678,1.547227472,0.6747364552701273,0.8297530463902208,0.5397891642161018,0.44789170341674167
0.7794306503,0.5619775065869561,-0.5762934537560485,1.546089435,0.6751247638243931,0.8294713169075604,0.5400998110595145,0.44799730154106004
0.7781970538,0.562367369725984,-0.5755999598595294,1.544952927,0.6755131637638832,0.8291892754350759,0.5404105310111066,0.4481026166465841
0.7769643124,0.5627575033565991,-0.5749064659095077,1.543817948,0.6759016549080906,0.8289069219253419,0.5407213239264725,0.4482076482352881
0.7757324257,0.5631479076053908,-0.5742129720144838,1.542684494,0.6762902369501905,0.8286242564234563,0.5410321895601524,0.44831239577543575
0.7745013929,0.5635385827258992,-0.573519478057614,1.541552566,0.6766789097091536,0.8283412788838,0.5413431277673229,0.4484168587697406
0.7732712136,0.563929528845085,-0.5728259841470691,1.540422161,0.6770676728773996,0.8280579893535942,0.5416541383019197,0.4485210366873412
0.7720418871,0.5643207461853682,-0.572132490221793,1.539293278,0.6774565262417337,0.8277743878120905,0.541965220993387,0.4486249290232452
0.7708134128,0.5647122349377317,-0.5714389962767993,1.538165915,0.677845469557085,0.827490474262471,0.542276375645668,0.4487285352643677
0.7695857902,0.5651039952615009,-0.570745502363367,1.537040071,0.678234502546361,0.827206248732049,0.5425876020370888,0.4488318548896181
0.7683590186,0.5654960273800591,-0.5700520084195865,1.535915743,0.6786236249955026,0.8269217112028268,0.5428988999964021,0.44893488739515713
0.7671330975,0.5658883314532,-0.5693585144963221,1.534792932,0.6790128366267256,0.8266368617040993,0.5432102693013805,0.44903763226073184
0.7659080263,0.5662809076728867,-0.5686650205877201,1.533671635,0.6794021371936054,0.8263517002429699,0.5435217097548843,0.44914008897491464
0.7646838043,0.5666737562634749,-0.5679715266310108,1.53255185,0.6797915264812238,0.8260662268041375,0.543833221184979,0.4492422570350156
0.7634604311,0.5670668773533106,-0.5672780327331393,1.531433576,0.6801810041789121,0.825780441443206,0.5441448033431298,0.4493441359137162
0.7622379059,0.56746027119947,-0.5665845387741317,1.530316812,0.6805705701029742,0.8254943441233434,0.5444564560823794,0.4494457251174437
0.7610162283,0.5678539379306866,-0.5658910448605912,1.529201556,0.6809602239419961,0.8252079349021603,0.5447681791535969,0.4495470241197497
0.7597953976,0.5682478777724926,-0.5651975509287107,1.528087806,0.6813499654798328,0.8249212137679923,0.5450799723838663,0.4496480324195227
0.7585754133,0.568642090886214,-0.5645040570280025,1.526975561,0.6817397944362082,0.8246341807570092,0.5453918355489666,0.4497487494994836
0.7573562747,0.5690365774980437,-0.5638105630940781,1.525864819,0.6821297105944114,0.8243468358592663,0.5457037684755291,0.44984917485928005
0.7561379813,0.5694313377697915,-0.563117069176024,1.52475558,0.682519713673483,0.8240591791128107,0.5460157709387864,0.4499493079824648
0.7549205324,0.5698263719283156,-0.5624235752088672,1.52364784,0.682909803456148,0.823771210509394,0.5463278427649184,0.4500491483694427
0.7537039276,0.570221680103398,-0.5617300812982887,1.5225416,0.6832999796286809,0.8234829301126326,0.5466399837029448,0.45014869549642267
0.7524881662,0.5706172625224315,-0.5610365873788454,1.521436856,0.6836902419731572,0.8231943379160771,0.5469521935785258,0.45024794886462055
0.7512732476,0.5710131193806743,-0.5603430934417831,1.520333609,0.6840805902393151,0.8229054339377823,0.5472644721914521,0.4503469079674383
0.7500591713,0.5714092508410261,-0.5596495995352326,1.519231855,0.6844710241444096,0.8226162182205093,0.5475768193155277,0.45044557229055454
0.7488459366,0.5718056571318908,-0.558956105592865,1.518131595,0.6848615434696765,0.8223266907602761,0.5478892347757413,0.45054394133631526
0.747633543,0.5722023384166642,-0.5582626116623767,1.517032825,0.685252147931696,0.8220368516016389,0.5482017183453568,0.4506420145912255
0.7464219899,0.572599294891643,-0.5575691177341042,1.515935546,0.6856428372788849,0.8217467007662004,0.5485142698231079,0.45073979155032035
0.7452112767,0.5729965267534189,-0.5568756237981264,1.514839754,0.6860336112593527,0.821456238276404,0.5488268890074822,0.4508372717090279
0.7440014029,0.5733940341660032,-0.5561821299016019,1.513745449,0.6864244695885824,0.8211654641795835,0.5491395756708659,0.4509344545551461
0.7427923677,0.5737918173922928,-0.5554886359194514,1.512652629,0.6868154120786821,0.8208743784517804,0.5494523296629458,0.4510313396009533
0.7415841708,0.5741898765310023,-0.5547951420131114,1.511561293,0.6872064383797944,0.8205829811902182,0.5497651507038356,0.45112792631904297
0.7403768115,0.5745882118126577,-0.5541016481144,1.510471439,0.6875975482710377,0.8202912723967203,0.5500780386168301,0.4512242142144918
0.7391702891,0.5749868234682689,-0.5534081541547139,1.509383065,0.6879887415313435,0.8199992520737523,0.5503909932250748,0.451320202792691
0.7379646032,0.5753857116300101,-0.5527146602376435,1.508296171,0.6883800178420553,0.8197069202972186,0.5507040142736442,0.45141589153556444
0.7367597531,0.5757848765294491,-0.5520211662941006,1.507210754,0.6887713769814674,0.8194142770712349,0.5510171015851739,0.4515112799493025
0.7355557383,0.576184318332244,-0.5513276723698092,1.506126813,0.689162818662637,0.8191213224492478,0.5513302549301096,0.4516063675246323
0.7343525582,0.576584037237418,-0.5506341784527311,1.505044346,0.6895543426307562,0.818828056461269,0.551643474104605,0.4517011537606161
0.7331502122,0.5769840334442997,-0.5499406845305627,1.503963353,0.6899459486307152,0.8185344791380943,0.5519567589045722,0.4517956381567047
0.7319486997,0.5773843071525244,-0.5492471905907343,1.502883831,0.6903376364071031,0.8182405905112977,0.5522701091256825,0.4518898202127373
0.7307480202,0.5777848585286511,-0.5485536966781891,1.50180578,0.6907294056718152,0.8179463906419143,0.5525835245374522,0.45198369942359673
0.729548173,0.5781856878062223,-0.5478602027221253,1.500729196,0.6911212562109383,0.8176518796955977,0.5528970049687507,0.45207727539076525
0.7283491577,0.578586795118846,-0.5471667088248897,1.49965408,0.6915131877075984,0.8173570578341318,0.5532105501660788,0.4521705476465475
0.7271509736,0.5789881807006382,-0.5464732149151849,1.498580429,0.691905199937789,0.8170619250668686,0.5535241599502312,0.45226351569995715
0.7259536201,0.5793898447526423,-0.5457797209792224,1.497508243,0.6922972926446276,0.816766481429357,0.5538378341157021,0.4523561790531379
0.7247570967,0.5797917874425987,-0.5450862270609239,1.496437519,0.6926894655382083,0.816470726983552,0.5541515724305667,0.4524485372014633
0.7235614027,0.5801940090056995,-0.5443927330880624,1.495368256,0.6930817183939157,0.8161746617436741,0.5544653747151326,0.45254058965670285
0.7223665377,0.5805965095765109,-0.5436992391621569,1.494300452,0.6934740508884727,0.8158782857998975,0.5547792407107782,0.45263233590847846
0.7211725011,0.5809992893570521,-0.5430057452685777,1.493234106,0.6938664627638936,0.8155815991946461,0.5550931702111149,0.452723775462807
0.7199792922,0.5814023485834616,-0.5423122513342826,1.492169217,0.6942589537948702,0.8152846019470664,0.5554071630358962,0.4528149078342701
0.7187869105,0.5818056874246832,-0.5416187574021556,1.491105783,0.6946515236901073,0.8149872941276686,0.5557212189520858,0.4529057325230901
0.7175953554,0.5822093060836884,-0.5409252634567472,1.490043803,0.6950441721909295,0.8146896757837546,0.5560353377527436,0.45299624903809316
0.7164046264,0.5826132047298238,-0.5402317695405956,1.488983275,0.6954368990054354,0.8143917469892805,0.5563495192043483,0.4530864568814755
0.7152147229,0.58301738356656,-0.5395382756378224,1.487924197,0.6958297038744047,0.8140935077948905,0.5566637630995238,0.45317635556399527
0.7140256442,0.5834218428317258,-0.5388447816739327,1.486866568,0.6962225865714433,0.8137949582276967,0.5569780692571547,0.4532659446048693
0.7128373899,0.5838265826614064,-0.5381512877491399,1.485810387,0.6966155467707938,0.8134960983917394,0.5572924374166351,0.4533552235016553
0.7116499594,0.5842316032598973,-0.5374577938468583,1.484755652,0.6970085842124644,0.8131969283425556,0.5576068673699716,0.4534441917679757
0.710463352,0.584636904865998,-0.5367642998917614,1.483702362,0.6974016986693811,0.8128974481119917,0.5579213589355049,0.4535328489258465
0.7092775673,0.5850424876163411,-0.5360708059835935,1.482650514,0.6977948898148418,0.8125976578091945,0.5582359118518735,0.45362119447581234
0.7080926046,0.585448351750331,-0.5353773120465103,1.481600109,0.6981881574212918,0.8122975574691731,0.5585505259370335,0.4537092279417743
0.7069084634,0.5858544974392444,-0.5346838181213963,1.480551143,0.6985815011946044,0.8119971471790923,0.5588652009556835,0.45379694883368515
0.7057251431,0.5862609248888664,-0.5339903241903918,1.479503616,0.6989749208735729,0.8116964270023959,0.5591799366988583,0.4538843566698892
0.7045426432,0.5866676342708937,-0.5332968302940223,1.478457527,0.6993684161634751,0.8113953970295394,0.5594947329307801,0.45397145096230646
0.703360963,0.5870746258260939,-0.53260333635528,1.477412873,0.699761986835889,0.8110940573016325,0.5598095894687112,0.4540582312385382
0.702180102,0.5874818997267306,-0.531909842414207,1.476369653,0.700155632595587,0.8107924079122598,0.5601245060764696,0.45414469701240595
0.7010000597,0.5878894561452084,-0.5312163485107259,1.475327867,0.7005493531470018,0.8104904489566894,0.5604394825176015,0.4542308477987455
0.6998208354,0.5882972953232928,-0.5305228545669785,1.474287511,0.7009431482610436,0.8101881804805589,0.560754518608835,0.45431668312794365
0.6986424286,0.5887054174339609,-0.5298293606224,1.473248585,0.7013370176416428,0.8098856025822201,0.5610696141133142,0.4544022025167352
0.6974648388,0.5891138226503334,-0.5291358667163041,1.472211088,0.70173096099239,0.8095827153616874,0.561384768793912,0.4544874054828683
0.6962880653,0.5895225112151827,-0.5284423727699766,1.471175017,0.7021249780835328,0.8092795188690568,0.5616999824668263,0.45457229155951084
0.6951121076,0.589931483302208,-0.5277488788222396,1.470140372,0.7025190686181635,0.8089760132073798,0.5620152548945309,0.4546568602663069
0.6939369652,0.5903407390852539,-0.5270553849117923,1.469107151,0.7029132322990356,0.8086721984813493,0.5623305858392285,0.45474111112391397
0.6927626375,0.5907502787732105,-0.5263618910181334,1.468075352,0.7033074688621528,0.8083680747713701,0.5626459750897223,0.454825043661139
0.6915891238,0.5911601026102554,-0.525668397061358,1.467044974,0.7037017780769148,0.8080636421333324,0.5629614224615319,0.45490865741482706
0.6904164237,0.5915702107361157,-0.5249749031385783,1.466016016,0.704096159611687,0.8077589007024145,0.5632769276893497,0.45499195190138253
0.6892445366,0.5919806033605615,-0.5242814092285486,1.464988476,0.7044906132017303,0.8074538505634768,0.5635924905613843,0.4550749266524497
0.6880734619,0.5923912806937066,-0.5235879153097325,1.463962352,0.7048851385820879,0.8071484918028069,0.5639081108656704,0.45515758120059585
0.686903199,0.5928022429460102,-0.5228944213603021,1.462937644,0.705279735487587,0.8068428245081088,0.5642237883900697,0.45523991507930933
0.6857337474,0.5932134902930876,-0.5222009274174586,1.461914349,0.7056744036190756,0.8065368487946851,0.5645395228952605,0.45532192781599845
0.6845651066,0.5936250229107055,-0.5215074335182753,1.460892466,0.7060691426770681,0.8062305647794198,0.5648553141416545,0.45540361893908266
0.6833972759,0.5940368410453598,-0.5208139395808893,1.459871994,0.7064639524293898,0.805923972528219,0.5651711619435118,0.4554849879919044
0.6822302548,0.5944489448734174,-0.520120445641868,1.458852932,0.7068588325760661,0.805617072160841,0.5654870660608529,0.45556603450476835
0.6810640428,0.5948613345713993,-0.5194269517376496,1.457835277,0.7072537828167906,0.8053098637986028,0.5658030262534325,0.455646758008989
0.6798986392,0.5952740103868523,-0.5187334577854863,1.456819028,0.7076488029187463,0.8050023475115552,0.5661190423349971,0.45572715805066616
0.6787340436,0.5956869724614191,-0.5180399638808754,1.455804185,0.708043892547201,0.8046945234502995,0.5664351140377608,0.45580723415613195
0.6775702553,0.5961002210433028,-0.5173464699405175,1.454790744,0.7084390514688819,0.8043863916876572,0.5667512411751056,0.45588698587334436
0.6764072738,0.5965137563100926,-0.5166529759999533,1.453778706,0.7088342793824242,0.8040779523507107,0.5670674235059393,0.4559664127374489
0.6752450986,0.5969275784395361,-0.5159594820945902,1.452768068,0.7092295759861339,0.8037692055680652,0.5673836607889071,0.45604551428460044
0.674083729,0.5973416876809033,-0.5152659881402343,1.45175883,0.7096249410461029,0.8034601514165768,0.5676999528368823,0.456124290065505
0.6729231646,0.5977560841768261,-0.5145724942315532,1.450750989,0.7100203742260682,0.8031507900542871,0.5680162993808546,0.45620273961144586
0.6717634047,0.5981707681772417,-0.5138790002837939,1.449744544,0.7104158752916718,0.8028411215607495,0.5683327002333375,0.4562808624749819
0.6706044489,0.5985857398251538,-0.5131855063913128,1.448739493,0.7108114439060242,0.8025311460969587,0.5686491551248194,0.4563586581893886
0.6694462965,0.5990009993711709,-0.5124920124687958,1.447735837,0.7112070798343184,0.8022208637451375,0.5689656638674547,0.4564361263090751
0.6682889469,0.5994165470305317,-0.5117985184904028,1.446733571,0.7116027828074506,0.8019102746154886,0.5692822262459605,0.45651326638261486
0.6671323998,0.5998323829108992,-0.5111050246099395,1.445732697,0.7119985524534053,0.8015993789002197,0.5695988419627243,0.45659007793960416
0.6659766544,0.6002485072998511,-0.5104115306812824,1.444733211,0.7123943885709255,0.8012881766586222,0.5699155108567404,0.45666656054386473
0.6648217102,0.6006649203774902,-0.5097180367378707,1.443735112,0.7127902908559022,0.8009766680318886,0.5702322326847218,0.45674271374019304
0.6636675667,0.6010816223240857,-0.5090245428130049,1.4427384,0.713186259003901,0.8006648531626653,0.5705490072031209,0.45681853707439124
0.6625142233,0.6014986133562542,-0.5083310488796963,1.441743072,0.7135822927445158,0.80035273216796,0.5708658341956127,0.45689403009980023
0.6613616795,0.6019158936547506,-0.5076375549708411,1.440749128,0.7139783917727526,0.8000403051931692,0.571182713418202,0.45696919236416084
0.6602099346,0.6023334634730597,-0.5069440609987282,1.439756565,0.7143745558521174,0.7997275723307702,0.5714996446816939,0.4570440234291888
0.6590589883,0.6027513229199145,-0.506250567116273,1.438765382,0.7147707846082637,0.7994145337831887,0.571816627686611,0.45711852283156734
0.6579088398,0.6031694722857222,-0.5055570731749983,1.437775578,0.7151670778386404,0.7991011896182992,0.5721336622709123,0.45719269014136027
0.6567594887,0.6035879117159391,-0.504863579267218,1.436787151,0.7155634352027278,0.7987875400140906,0.5724507481621822,0.45726652490369524
0.6556109343,0.6040066414654387,-0.504170085304069,1.435800101,0.7159598564631549,0.7984735850680673,0.5727678851705239,0.45734002668396334
0.6544631762,0.6044256616800728,-0.5034765913775382,1.434814425,0.7163563412787883,0.7981593249609766,0.5730850730230307,0.4574131950292742
0.6533162138,0.6048449725788323,-0.5027830974586662,1.433830122,0.7167528893772337,0.7978447598202423,0.573402311501787,0.457486029500515
0.6521700465,0.605264574381085,-0.5020896035181819,1.43284719,0.7171495004858943,0.7975298897744898,0.5737196003887155,0.45755852965947663
0.6510246738,0.6056844672698919,-0.5013961095870701,1.431865629,0.717546174297324,0.7972147149810809,0.5740369394378593,0.457630695062565
0.6498800952,0.6061046514284901,-0.50070261569617,1.430885437,0.7179429105037572,0.7968992355987485,0.5743543284030058,0.4577025252671879
0.64873631,0.6065251271138682,-0.5000091217548696,1.429906612,0.718339708866523,0.7965834517323266,0.5746717670932184,0.4577740198442316
0.6475933177,0.6069458945099241,-0.4993156277934624,1.428929152,0.7187365690773958,0.7962673635429955,0.5749892552619167,0.4578451783529569
0.6464511179,0.6073669537638449,-0.49862213390283205,1.427953057,0.719133490793067,0.7959509712210097,0.5753067926344536,0.45791600034743735
0.6453097099,0.6077883051336145,-0.49792863999154574,1.426978326,0.7195304737741772,0.7956342748748443,0.5756243790193418,0.4579864854013366
0.6441690931,0.6082099488408149,-0.4972351460285061,1.426004956,0.7199275177464622,0.7953172746417593,0.5759420141971698,0.45805663308297856
0.6430292671,0.6086318850333278,-0.4965416521040249,1.425032946,0.720324622365751,0.7949999707158847,0.5762596978926008,0.45812644294936217
0.6418902313,0.609054113933201,-0.49584815818662165,1.424062294,0.7207217873572054,0.7946823632370444,0.5765774298857643,0.4581959145707605
0.6407519851,0.6094766357628708,-0.49515466424449667,1.423093001,0.7211190124457902,0.7943644523461955,0.5768952099566322,0.4582650475183436
0.639614528,0.6098994507079654,-0.494461170306521,1.422125063,0.7215162973213305,0.7940462382134214,0.5772130378570645,0.4583338413581432
0.6384778595,0.6103225589542975,-0.4937676764014134,1.421158479,0.7219136416733369,0.7937277210101096,0.5775309133386696,0.4584022956571893
0.637341979,0.6107459607251663,-0.4930741824966669,1.420193249,0.7223110452260074,0.7934089008808546,0.577848836180806,0.45847040998949423
0.6362068859,0.6111696562442636,-0.49238068855945233,1.41922937,0.7227085077033439,0.793089777971357,0.5781668061626751,0.45853818392996465
0.6350725797,0.6115936456982711,-0.4916871946177768,1.418266841,0.7231060287940934,0.7927703524566018,0.5784848230352747,0.45860561704846964
0.6339390599,0.6120179292740586,-0.49099370069949405,1.417305662,0.7235036081866899,0.7924506245128505,0.578802886549352,0.4586727089158745
0.6328063259,0.612442507196193,-0.490300206771059,1.416345829,0.7239012456043745,0.7921305942893614,0.5791209964834997,0.45873945910992175
0.6316743772,0.6128673796520778,-0.48960671285988905,1.415387343,0.7242989407350462,0.7918102619647945,0.579439152588037,0.45880586720339217
0.6305432132,0.6132925468669205,-0.48891321893191597,1.414430201,0.7246966933014701,0.7914896276907,0.5797573546411762,0.4588719327758896
0.6294128333,0.6137180090663277,-0.4882197249527461,1.413474402,0.7250945030262191,0.7911686916196938,0.5800756024209753,0.45893765540790876
0.6282832372,0.6141437663631559,-0.48752623107190146,1.412519945,0.7254923695259625,0.7908474539908374,0.58039389562077,0.45900303466350983
0.6271544241,0.6145698190588842,-0.48683273713180286,1.411566828,0.7258902925931559,0.7905259149022625,0.5807122340745247,0.4590680701367004
0.6260263936,0.6149961673045256,-0.4861392432202,1.41061505,0.726288271879116,0.7902040745669933,0.5810306175032929,0.45913276139927817
0.624899145,0.6154228113647016,-0.48544574924022843,1.40966461,0.7266863071407085,0.7898819331136641,0.5813490457125668,0.45919710804122615
0.623772678,0.6158497513529416,-0.48475225534086214,1.408715506,0.7270843979933078,0.7895594907863458,0.5816675183946463,0.4592611096306343
0.6226469919,0.616276987534469,-0.4840587614247478,1.407767736,0.7274825441932803,0.7892367477159202,0.5819860353546242,0.4593247657593662
0.6215220861,0.6167045201370939,-0.4833652674556991,1.4068213,0.7278807454615078,0.7889137040628429,0.5823045963692063,0.4593880760144492
0.6203979603,0.6171323492747796,-0.48267177358233787,1.405876195,0.728279001412354,0.7885903600749465,0.5826232011298832,0.45945103996703257
0.6192746137,0.6175604752519563,-0.48197827964468704,1.404932421,0.7286773118370019,0.7882667158574602,0.5829418494696016,0.45951365721727677
0.6181520459,0.6179888982211248,-0.481284785729289,1.403989976,0.7290756763846746,0.7879427716317648,0.5832605411077397,0.45957592734387537
0.6170302563,0.6184176184112629,-0.4805912917990112,1.403048858,0.7294740947752345,0.7876185275627541,0.5835792758201876,0.4596378499376345
0.6159092443,0.618846636051762,-0.4798977978163867,1.402109067,0.7298725667283562,0.78729398381631,0.583898053382685,0.4596994245902425
0.6147890096,0.6192759512573784,-0.47920430392939534,1.4011706,0.7302710918567579,0.7869691406463601,0.5842168734854063,0.4597606508779135
0.6136695514,0.6197055643346633,-0.4785108099763439,1.400233457,0.7306696699507144,0.7866439981630291,0.5845357359605715,0.4598215284051927
0.6125508693,0.6201354754371841,-0.4778173160429122,1.399297636,0.7310683006579549,0.7863185565934961,0.5848546405263639,0.45988205675569854
0.6114329628,0.6205656847570103,-0.4771238221527303,1.398363136,0.7314669836614662,0.7859928161371154,0.585173586929173,0.45994223551951774
0.6103158312,0.6209961925635449,-0.4764303282050627,1.397429954,0.7318657187153467,0.7856667769359683,0.5854925749722774,0.46000206429840995
0.6091994741,0.6214269990109736,-0.4757368342850907,1.396498091,0.7322645054664173,0.7853404392206657,0.5858116043731338,0.46006154267895977
0.6080838909,0.621858104330818,-0.47504334035362905,1.395567544,0.732663343632612,0.785013803164532,0.5861306749060896,0.4601206702594233
0.6069690811,0.6222895087162982,-0.4743498464333805,1.394638312,0.7330622328958849,0.7846868689711795,0.586449786316708,0.4601794466336748
0.6058550441,0.6227212123996216,-0.47365635248460836,1.393710394,0.7334611729737143,0.7843596368159421,0.5867689383789715,0.460237871401806
0.6047417795,0.6231532155357584,-0.47296285859186277,1.392783787,0.733860163511687,0.7840321069339673,0.5870881308093496,0.46029594415437897
0.6036292866,0.6235855183963314,-0.472269364652623,1.391858492,0.7342592042626231,0.7837042794732242,0.5874073634100986,0.4603536644985777
0.6025175649,0.6240181211757276,-0.4715758706886547,1.390934506,0.734658294907452,0.7833761546414821,0.5877266359259616,0.4604110320320542
0.601406614,0.6244510240295535,-0.4708823767839983,1.390011828,0.7350574350908614,0.7830477326771913,0.5880459480726892,0.4604680463483286
0.6002964332,0.6248842272305578,-0.4701888828352297,1.389090457,0.7354566245650384,0.7827190137311805,0.5883652996520307,0.4605247070572879
0.5991870221,0.6253177309348301,-0.4694953889260019,1.388170391,0.735855862974103,0.7823899980440236,0.5886846903792824,0.4605810137543934
0.5980783801,0.6257515353767722,-0.4688018950148183,1.387251629,0.7362551500338215,0.7820606857981057,0.5890041200270572,0.4606369660462701
0.5969705066,0.6261856407912199,-0.46810840105983503,1.386334169,0.7366544854597801,0.781731077176692,0.5893235883678241,0.46069256354041255
0.5958634012,0.6266200473349135,-0.4674149071441848,1.385418011,0.7370538688952066,0.7814011724235689,0.5896430951161653,0.4607478058352335
0.5947570633,0.627054755243234,-0.4667214132255887,1.384503152,0.7374533000551529,0.7810709717240302,0.5899626400441224,0.4608026925401369
0.5936514924,0.6274897647126252,-0.4660279193241674,1.383589591,0.7378527786183436,0.7807404752941502,0.5902822228946749,0.460857223260476
0.5925466879,0.6279250759791806,-0.46533442539707337,1.382677328,0.7382523042993858,0.7804096833210848,0.5906018434395087,0.46091139760747596
0.5914426493,0.6283606892399499,-0.4646409314639446,1.38176636,0.7386518767765019,0.7800785960228528,0.5909215014212016,0.46096521518836714
0.5903393761,0.6287966046922052,-0.463947437544242,1.380856686,0.7390514957276197,0.7797472136185076,0.5912411965820958,0.46101867561136156
0.5892368677,0.629232822573035,-0.4632539435943258,1.379948305,0.7394511608666383,0.7794155362980234,0.5915609286933107,0.4610717784904535
0.5881351236,0.6296693430803233,-0.4625604496331704,1.379041215,0.739850871875237,0.7790835643070493,0.5918806975001897,0.4611245234529902
0.5870341434,0.6301061663724759,-0.4618669557425816,1.378135416,0.7402506284176666,0.7787512980335832,0.5922005027341334,0.4611769102003469
0.5859339264,0.6305432927271792,-0.461173461815198,1.377230905,0.74065043024724,0.7784187376619395,0.592520344197792,0.4612289383694631
0.5848344721,0.6309807223431609,-0.4604799678693241,1.376327681,0.7410502770410301,0.778085883417786,0.5928402216328241,0.46128060757477196
0.58373578,0.6314184554193756,-0.4597864739230846,1.375425744,0.7414501684759446,0.7777527355285272,0.5931601347807557,0.46133191743220264
0.5826378496,0.6318564921550073,-0.4590929799944219,1.37452509,0.7418501042287269,0.7774192942232969,0.5934800833829815,0.4613828675591809
0.5815406804,0.6322948327494694,-0.4583994861010971,1.37362572,0.7422500839759564,0.7770855597329498,0.5938000671807652,0.4614334575746281
0.5804442717,0.6327334774824759,-0.45770599213414237,1.372727632,0.7426501074670474,0.7767515322290759,0.594120085973638,0.46148368710809357
0.5793486232,0.6331724264740537,-0.45701249823732426,1.371830824,0.7430501743053709,0.7764172120067384,0.5944401394442967,0.4615335557722377
0.5782537342,0.6336116800046029,-0.45631900430113254,1.370935295,0.7434502842401326,0.7760825992407409,0.5947602273921061,0.4615830631994798
0.5771596043,0.6340512382345957,-0.4556255104057365,1.370041044,0.7438504369108482,0.7757476941990954,0.5950803495286786,0.4616322090100642
0.5760662328,0.6344911014452894,-0.45493201644094944,1.369148069,0.744250632066604,0.7754124970596463,0.5954005056532833,0.46168099283918845
0.5749736194,0.6349312697573681,-0.45423852255001906,1.368256369,0.7446508693099763,0.7750770081244472,0.595720695447981,0.46172941430563613
0.5738817634,0.6353717434527839,-0.45354502862221063,1.367365942,0.7450511483898463,0.7747412275744961,0.596040918711877,0.4617774730474701
0.5727906643,0.6358125227333218,-0.4528515346734131,1.366476788,0.74545146898176,0.7744051556537198,0.596361175185408,0.46182516869529117
0.5717003216,0.6362536078010051,-0.4521580407193278,1.365588904,0.7458518307611033,0.7740687926076988,0.5966814646088826,0.46187250088119114
0.5706107349,0.6366949988175584,-0.45146454683913767,1.36470229,0.74625223336634,0.7737321387145828,0.597001786693072,0.46191946923445776
0.5695219035,0.6371366960665038,-0.4507710529208727,1.363816944,0.7466526765460334,0.773395194161445,0.5973221412368267,0.46196607339878565
0.5684338269,0.6375786997507532,-0.450077558979536,1.362932865,0.7470531599751798,0.7730579591986415,0.597642527980144,0.4620123130106471
0.5673465046,0.6380210100734607,-0.44938406502994066,1.362050051,0.7474536833286175,0.7727204340781533,0.5979629466628941,0.4620581877080031
0.5662599361,0.6384636272380229,-0.44869057108670996,1.361168501,0.7478542462810258,0.7723826190535802,0.5982833970248207,0.46210369713030397
0.5651741209,0.6389065514480805,-0.4479970771642752,1.360288214,0.7482548485069279,0.7720445143801321,0.5986038788055423,0.4621488409184884
0.5640890585,0.6393497829075185,-0.4473035832768771,1.359409187,0.7486554896806894,0.7717061203146229,0.5989243917445516,0.46219361871498327
0.5630047482,0.6397933219023346,-0.44661008931060486,1.358531421,0.7490561695504535,0.7713674370529449,0.5992449356403629,0.4622380301718636
0.5619211897,0.6402371685552657,-0.4459165954070951,1.357654914,0.7494568877164561,0.7710284649174224,0.599565510173165,0.46228207492624657
0.5608383823,0.6406813231530307,-0.44522310145187327,1.356779663,0.7498576439266456,0.7706892041069255,0.5998861151413165,0.4623257526330567
0.5597563256,0.6411257858597397,-0.4445296075222533,1.355905668,0.7502584378178847,0.7703496549157246,0.6002067502543078,0.46236906293649455
0.5586750191,0.6415705568806855,-0.4438361136313749,1.355032928,0.7506592690638488,0.770009817608399,0.6005274152510791,0.4624120054863267
0.5575944621,0.6420156365038479,-0.44314261966377994,1.354161441,0.7510601374122841,0.7696696923880872,0.6008481099298273,0.4624545799416538
0.5565146543,0.6424610248528131,-0.4424491257604419,1.353291206,0.7514610424624487,0.7693292795852906,0.601168833969959,0.46249678594723775
0.555435595,0.6429067222162933,-0.44175563180533206,1.352422221,0.7518619839618985,0.7689885794060538,0.6014895871695188,0.46253862316502203
0.5543572838,0.6433527287595421,-0.44106213787487286,1.351554485,0.7522629615466686,0.7686475921525121,0.6018103692373349,0.4625800912466917
0.5532797202,0.6437990446892851,-0.4403686439810883,1.350687997,0.7526639748897545,0.7683063180968324,0.6021311799118036,0.4626211898493392
0.5522029036,0.6442456702540084,-0.43967515007137925,1.349822755,0.7530650237012576,0.7679647574809636,0.6024520189610061,0.4626619186353059
0.5511268334,0.6446926057026846,-0.4389816560927685,1.348958758,0.7534661076912451,0.7676229105481782,0.6027728861529962,0.4627022772682886
0.5500515093,0.6451398511599127,-0.4382881621854426,1.348096005,0.7538672264577985,0.7672807776385892,0.6030937811662388,0.4627422654022288
0.5489769307,0.645587406875123,-0.43759466829606947,1.347234494,0.754268379710653,0.7669383589985344,0.6034147037685225,0.4627818827038173
0.547903097,0.6460352730982358,-0.43690117437093706,1.346374224,0.7546695671595102,0.7665956548756538,0.6037356537276082,0.4628211288410968
0.5468300077,0.6464834500378693,-0.43620768042060104,1.345515194,0.7550707884766339,0.7662526655508713,0.6040566307813071,0.4628600034798551
0.5457576623,0.6469319379029029,-0.43551418645541473,1.344657401,0.7554720433341384,0.7659093913065944,0.6043776346673108,0.4628985062873593
0.5446860604,0.6473807368605681,-0.4348206925502669,1.343800846,0.7558733313665269,0.7655658324587923,0.6046986650932216,0.4629366369288126
0.5436152014,0.6478298471620636,-0.43412719865045635,1.342945527,0.75627465228302,0.7652219892608317,0.6050197218264161,0.46297439507804516
0.5425450847,0.6482792690590848,-0.4334337047008985,1.342091441,0.7566760057928061,0.7648778619673485,0.605340804634245,0.4630117804102357
0.5414757099,0.6487290027196555,-0.43274021077587016,1.341238589,0.7570773915299438,0.7645334508987016,0.6056619132239551,0.46304879259502035
0.5404070764,0.6491790483961192,-0.43204671681978657,1.340386968,0.7574788092033845,0.7641887563123348,0.6059830473627077,0.4630854313104663
0.5393391838,0.6496294062569161,-0.4313532229066035,1.339536577,0.757880258446834,0.763843778531598,0.6063042067574673,0.4631216962292271
0.5382720315,0.650080076555042,-0.4306597289802336,1.338687415,0.758281738969009,0.7634985178167153,0.6066253911752072,0.4631575870322558
0.537205619,0.6505310595016762,-0.42996623504925585,1.337839481,0.75868325044093,0.763152974461573,0.6069466003527441,0.46319310339853625
0.5361399458,0.6509823553082685,-0.42927274112204167,1.336992772,0.7590847925334719,0.7628071487614798,0.6072678340267776,0.46322824500852583
0.5350750114,0.65143396418654,-0.42857924720675333,1.336147289,0.759486364917365,0.7624610410131598,0.607589091933892,0.4632630115441557
0.5340108153,0.6518858863484833,-0.4278857533113448,1.335303029,0.7598879672631941,0.7621146515147472,0.6079103738105553,0.46329740268883113
0.5329473569,0.6523381220489191,-0.4271922593783263,1.334459991,0.7602895992791814,0.7617679805331549,0.6082316794233451,0.46333141813061085
0.5318846357,0.6527906715005641,-0.426498765415096,1.333618174,0.7606912606357104,0.7614210283691687,0.6085530085085683,0.46336505755574553
0.5308226513,0.6532435348737383,-0.42580527149416547,1.332777577,0.7610929509651825,0.761073795357684,0.6088743607721461,0.463398320648841
0.5297614031,0.6536967124242644,-0.4251117775572768,1.331938198,0.7614946699754755,0.7607262817696357,0.6091957359803805,0.46343120710227154
0.5287008907,0.6541502043228972,-0.4244182836766082,1.331100036,0.7618964172986475,0.7603784879427763,0.609517133838918,0.4634637166036513
0.5276411134,0.6546040108689837,-0.4237247897279258,1.330263089,0.7622981926802753,0.7600304141178192,0.6098385541442203,0.4634958488512439
0.5265820708,0.6550581322338952,-0.42303129578293663,1.329427356,0.7626999957521614,0.7596820606352008,0.6101599966017291,0.4635276035355687
0.5255237624,0.6555125686320151,-0.4223378018477639,1.328592836,0.7631018261838345,0.7593334278039442,0.6104814609470677,0.46355898035169657
0.5244661877,0.6559673202780082,-0.42164430792831625,1.327759528,0.7635036836446829,0.7589845159344213,0.6108029469157463,0.4635899789961658
0.5234093462,0.6564223873868209,-0.4209508140302873,1.32692743,0.7639055678039537,0.7586353253383489,0.611124454243163,0.46362059916698284
0.5223532373,0.6568777702168322,-0.4202573200934663,1.32609654,0.7643074783688247,0.7582858562956651,0.6114459826950598,0.4636508405664679
0.5212978605,0.6573334689837356,-0.41956382612297805,1.325266859,0.76470941500835,0.7579361091206063,0.61176753200668,0.463680702895459
0.5202432155,0.6577894838169729,-0.4188703322552872,1.324438383,0.7651113773151889,0.7575860841951586,0.6120891018521512,0.4637101858507028
0.5191893015,0.6582458150624358,-0.418176838297883,1.323611113,0.7655133650724142,0.7572357817367079,0.6124106920579314,0.463739289144406
0.5181361182,0.6587024628500798,-0.41748334438684004,1.322785046,0.7659153778723787,0.7568852021299195,0.612732302297903,0.46376801247627925
0.517083665,0.6591594274400153,-0.41678985046063044,1.321960181,0.7663174154217104,0.7565343456610732,0.6130539323373684,0.46379635555579884
0.5160319414,0.6596167090493731,-0.4160963565232865,1.321136517,0.7667194773887706,0.7561832126509621,0.6133755819110165,0.4638243180911258
0.5149809469,0.6600743078955748,-0.41540286257861975,1.320314053,0.767121563441784,0.7558318034216701,0.6136972507534272,0.46385189979188374
0.513930681,0.6605322241963336,-0.41470936863022045,1.319492787,0.7675236732488385,0.7554801182965677,0.6140189385990709,0.46387910036915897
0.5128811433,0.6609904581259646,-0.4140158747475567,1.318672717,0.7679258064395557,0.7551281576338645,0.6143406451516445,0.46390591953296106
0.5118323331,0.661449009990088,-0.4133223808016228,1.317853844,0.7683279627583817,0.7547759216924136,0.6146623702067053,0.46393235700240953
0.51078425,0.661907879963668,-0.41262888686139565,1.317036165,0.7687301418346953,0.7544234108329155,0.6149841134677563,0.46395841249040143
0.5097368935,0.6623670682655938,-0.4119353929295757,1.316219679,0.7691323433360413,0.7540706253838209,0.6153058746688331,0.4639840857138659
0.5086902631,0.6628265751150522,-0.41124189900863867,1.315404384,0.7695345669298297,0.7537175656748348,0.6156276535438638,0.46400937639119166
0.5076443583,0.6632864007315272,-0.41054840510083596,1.31459028,0.7699368122833362,0.7533642320369107,0.615949449826669,0.46403428424222615
0.5065991785,0.6637465453788577,-0.40985491114181893,1.313777366,0.7703390791022044,0.7530106247683874,0.6162712632817636,0.4640588089906042
0.5055547234,0.6642070091890756,-0.40916141726609057,1.312965638,0.7707413669764674,0.7526567442703601,0.616593093581174,0.4640829503543959
0.5045109923,0.6646677924707377,-0.4084679233424286,1.312155098,0.7711436756500332,0.7523025908097266,0.6169149405200266,0.4641067080624444
0.5034679847,0.6651288954447133,-0.40777442937204067,1.311345742,0.7715460047897301,0.7519481647222221,0.6172368038317841,0.46413008184032034
0.5024257003,0.6655903182435731,-0.4070809354890243,1.31053757,0.7719483539850206,0.7515934664129111,0.6175586831880165,0.46415307141067413
0.5013841384,0.6660520611771504,-0.4063874415611968,1.309730581,0.7723507229795884,0.7512384961520447,0.6178805783836707,0.4641756765065044
0.5003432985,0.6665141244672277,-0.4056939475890797,1.308924773,0.7727531114398659,0.7508832542789927,0.6182024891518928,0.464197896857747
0.4993031803,0.6669765082469225,-0.4050004537063593,1.308120144,0.7731555189547495,0.7505277412027322,0.6185244151637996,0.46421973219162754
0.498263783,0.6674392128719032,-0.40430695971314257,1.307316695,0.7735579453064328,0.7501719571625595,0.6188463562451463,0.4642411822473399
0.4972251064,0.6679022384312323,-0.40361346580949076,1.306514422,0.773960390044762,0.7498159026041863,0.6191683120358097,0.4642622467530411
0.4961871498,0.6683655852368958,-0.40291997186160605,1.305713326,0.774362852913054,0.7494595778033317,0.6194902823304432,0.46428292544864075
0.4951499128,0.6688292534674855,-0.402226477935737,1.304913404,0.7747653335382723,0.7491029831397042,0.6198122668306179,0.46430321806939817
0.4941133949,0.6692932433464525,-0.40153298403115434,1.304114656,0.7751678315859839,0.7487461189599254,0.6201342652687871,0.4643231243540692
0.4930775955,0.669757555142418,-0.4008394900799195,1.303317079,0.7755703467605015,0.7483889855772762,0.6204562774084013,0.46434264404472647
0.4920425142,0.6702221890347259,-0.40014599614771873,1.302520674,0.7759728786883168,0.7480315833751036,0.6207783029506535,0.46436177688108704
0.4910081505,0.6706871452477684,-0.3994525022331197,1.301725438,0.776375427034612,0.7476739127035001,0.6211003416276897,0.46438052260625534
0.4899745039,0.6711524240062534,-0.3987590083344548,1.30093137,0.7767779914644413,0.7473159739137045,0.621422393171553,0.46439888096478416
0.4889415738,0.671618025580313,-0.39806551438265797,1.300138468,0.777180571681721,0.7469577673233901,0.6217444573453769,0.4644168517043955
0.4879093598,0.6720839501503081,-0.39737202044265696,1.299346733,0.77758316731232,0.7465992933206719,0.6220665338498561,0.4644344345707424
0.4868778614,0.6725501979419007,-0.39667852651207314,1.298556162,0.7779857780209128,0.7462405522601874,0.6223886224167303,0.46445162931271805
0.4858470781,0.6730167691810734,-0.39598503258828954,1.297766753,0.7783884034720477,0.7458815444976971,0.6227107227776383,0.4644684356806621
0.4848170094,0.6734836640941299,-0.3952915386684504,1.296978506,0.7787910433301481,0.7455222703900759,0.6230328346641185,0.4644848534263584
0.4837876548,0.6739508829076962,-0.3945980447494603,1.29619142,0.779193697259512,0.7451627302953094,0.6233549578076096,0.4645008823030358
0.4827590138,0.6744184258487224,-0.3939045508279835,1.295405493,0.7795963649243126,0.7448029245724873,0.6236770919394501,0.4645165220653665
0.4817310859,0.6748862931444827,-0.3932110569004435,1.294620723,0.7799990459885994,0.7444428535817971,0.6239992367908795,0.46453177246946586
0.4807038706,0.6753544850225773,-0.3925175629630225,1.29383711,0.780401740116297,0.7440825176845193,0.6243213920930377,0.4645466332728914
0.4796773675,0.67582300166526,-0.3918240690792422,1.293054652,0.7808044469319623,0.7437219172781752,0.6246435575455699,0.46456110423325137
0.4786515759,0.6762918433920697,-0.39113057510968224,1.292273348,0.7812071661777358,0.7433610526559545,0.6249657329421887,0.4645751851138056
0.4776264955,0.6767610103401803,-0.3904370811850072,1.291493197,0.7816098974386543,0.7429999242527395,0.6252879179509234,0.46458887567368934
0.4766021258,0.677230502738316,-0.3897435873005671,1.290714197,0.7820126403780665,0.7426385324342731,0.6256101123024532,0.46460217567633466
0.4755784661,0.6777003209073871,-0.38905009331592766,1.289936347,0.7824153947379158,0.7422768774966543,0.6259323157903327,0.4646150848890979
0.4745555162,0.6781704649391891,-0.3883565994291178,1.289159646,0.7828181600633162,0.7419149599136617,0.626254528050653,0.46462760307444934
0.4735332754,0.6786409351553624,-0.38766310549916416,1.288384092,0.7832209360959975,0.7415527799834543,0.626576748876798,0.4646397300025843
0.4725117433,0.6791117317400344,-0.3869696115882047,1.287609684,0.7836237224594632,0.7411903381113526,0.6268989779675707,0.4646514654414451
0.4714909193,0.67958285496978,-0.3862761176224002,1.286836422,0.7840265188559287,0.7408276346328074,0.6272212150847429,0.46466280916274544
0.4704708031,0.6800543049830242,-0.38558262373149294,1.286064303,0.7844293248691,0.7404646699909229,0.62754345989528,0.46467376093632046
0.469451394,0.6805260821032642,-0.38488912977314177,1.285293326,0.7848321402404529,0.7401014444876096,0.6278657121923623,0.4646843205378091
0.4684326917,0.6809981864693458,-0.38419563587677874,1.28452349,0.785234964553342,0.7397379585682274,0.6281879716426736,0.4646944877400669
0.4674146955,0.6814706184057021,-0.38350214189937554,1.283754794,0.7856377975491176,0.7393742125365301,0.6285102380392941,0.4647042623214502
0.4663974051,0.6819433780516038,-0.38280864797005215,1.282987236,0.7860406388107839,0.7390102068401109,0.6288325110486271,0.4647136440578323
0.46538082,0.6824164656392868,-0.38211515408157243,1.282220816,0.7864434880002843,0.7386459418562585,0.6291547904002275,0.46472263272855296
0.4643649396,0.6828898814479647,-0.3814216601581591,1.281455531,0.7868463448191144,0.7382814179273571,0.6294770758552916,0.46473122811521117
0.4633497634,0.6833636257107553,-0.3807281661919296,1.280691381,0.7872492089290678,0.7379166354325437,0.6297993671432542,0.4647394299998955
0.4623352911,0.6838376985675962,-0.38003467231151516,1.279928365,0.7876520799123674,0.7375515948239645,0.630121663929894,0.4647472381646235
0.461321522,0.6843121003455666,-0.3793411783719478,1.27916648,0.788054957509913,0.737186296410919,0.6304439660079304,0.46475465239599756
0.4603084557,0.6847868312319326,-0.3786476844330617,1.278405727,0.788457841343365,0.7368207406116123,0.6307662730746921,0.4647616724797211
0.4592960917,0.685261891461009,-0.37795419048609896,1.277646103,0.7888607310739664,0.7364549278092666,0.6310885848591732,0.46476829820371457
0.4582844296,0.6857372812204372,-0.37726069659061984,1.276887607,0.7892636263230052,0.7360888584242841,0.6314109010584041,0.4647745293567293
0.4572734688,0.686213000792127,-0.37656720266887544,1.276130238,0.789666526791277,0.7357225328057116,0.6317332214330217,0.4647803657302142
0.4562632088,0.6866890504114478,-0.37587370871133857,1.275373995,0.7900694321525917,0.7353559513761555,0.6320555457220735,0.4647858071470305
0.4552536492,0.6871654302669039,-0.37518021477693997,1.274618876,0.7904723420592803,0.7349891146483816,0.6323778736474243,0.4647908534753465
0.4542447895,0.6876421405943774,-0.3744867208557792,1.27386488,0.7908752561739838,0.734622023017066,0.6327002049391871,0.4647955045157379
0.4532366292,0.6881191816301074,-0.37379322693769546,1.273112006,0.791278174158033,0.734254676874339,0.6330225393264265,0.46479976006729884
0.4522291678,0.6885965536106896,-0.3730997330122691,1.272360253,0.7916810956728234,0.7338870766136576,0.6333448765382588,0.46480361993090064
0.4512224048,0.6890742567730788,-0.37240623906881914,1.271609619,0.7920840203798162,0.7335192226297995,0.633667216303853,0.4648070839091913
0.4502163398,0.6895522913070408,-0.3717127451653595,1.270860103,0.7924869479004739,0.7331511153554726,0.6339895583203792,0.46481015180630947
0.4492109722,0.6900306574976676,-0.3710192512218266,1.270111704,0.7928898779363971,0.7327827551515663,0.6343119023491177,0.4648128234288178
0.4482063016,0.6905093555353163,-0.3703257572958052,1.269364421,0.7932928101091252,0.732414142453502,0.6346342480873002,0.464815098584483
0.4472023275,0.6909883856581899,-0.3696322633757092,1.268618252,0.7936957440803005,0.7320452776614348,0.6349565952642404,0.46481697708317016
0.4461990494,0.691467748104855,-0.3689387694496891,1.267873196,0.794098679511632,0.7316761611768128,0.6352789436093057,0.4648184587365177
0.4451964668,0.6919474431142444,-0.36824527550563063,1.267129251,0.7945016160648967,0.7313067934023693,0.6356012928519174,0.4648195433579359
0.4441945793,0.6924274708777118,-0.3675517816003969,1.266386417,0.7949045533617076,0.7309371747790363,0.6359236426893662,0.4648202307625587
0.4431933863,0.6929078316827373,-0.3668582876521962,1.265644693,0.7953074911041537,0.7305673056752865,0.636245992883323,0.46482052076746677
0.4421928874,0.6933885257212786,-0.3661647937174553,1.264904076,0.795710428913929,0.730197186534697,0.6365683431311432,0.46482041319141437
0.4411930821,0.693869553233543,-0.3654712997831394,1.264164566,0.7961133664530005,0.729826817765241,0.6368906931624004,0.46481990785501326
0.44019397,0.6943509144118969,-0.36477780590538067,1.263426161,0.7965163033430611,0.7294561998132703,0.6372130426744489,0.4648190045807547
0.4391955504,0.694832609593649,-0.36408431193178603,1.262688861,0.7969192393268762,0.729085333015078,0.6375353914615011,0.4648177031926067
0.4381978231,0.6953146388752868,-0.3633908180569647,1.261952663,0.797322173945508,0.728714217893907,0.6378577391564064,0.46481600351693647
0.4372007874,0.6957970025949346,-0.3626973241279367,1.261217567,0.7977251069418899,0.7283428547884877,0.638180085553512,0.46481390538120626
0.4362044429,0.696279700946189,-0.3620038301999484,1.260483572,0.7981280379378849,0.7279712441503489,0.638502430350308,0.46481140861513515
0.4352087891,0.6967627341713023,-0.3613103362584928,1.259750675,0.798530966595798,0.727599386395079,0.6388247732766384,0.4648085130500576
0.4342138255,0.6972461025129059,-0.3606168422887908,1.259018877,0.7989338925780058,0.72722728193949,0.6391471140624048,0.4648052185190718
0.4332195518,0.6977298061166458,-0.35992334841533613,1.258288175,0.7993368154658808,0.7268549312765625,0.6394694523727047,0.46480152485782333
0.4322259673,0.6982138453230096,-0.3592298544834517,1.257558568,0.7997397350029086,0.7264823347507942,0.6397917880023269,0.4647974319023156
0.4312330716,0.6986982203269541,-0.3585363605474081,1.256830056,0.8001426508110895,0.7261094928202129,0.6401141206488716,0.4647929394914087
0.4302408642,0.6991829313724345,-0.3578428665914773,1.256102636,0.8005455625530059,0.7257364059066251,0.6404364500424048,0.4647880474653727
0.4292493447,0.6996679786548374,-0.3571493726696223,1.255376309,0.8009484698506656,0.7253630744707116,0.6407587758805325,0.4647827556667927
0.4282585126,0.7001533624186851,-0.3564558787657095,1.254651071,0.8013513723667149,0.7249894989368195,0.641081097893372,0.4647770639395819
0.4272683673,0.7006390829579763,-0.3557623847932642,1.253926923,0.8017542698045799,0.7246156796927015,0.6414034158436639,0.46477097212877694
0.4262789085,0.701125140419897,-0.3550688908756785,1.253203862,0.8021571617456739,0.7242416172405794,0.6417257293965392,0.46476448008304
0.4252901357,0.7016115350499299,-0.3543753969961326,1.252481888,0.8025600478527841,0.7238673120084937,0.6420480382822273,0.4647575876516824
0.4243020483,0.7020982671432419,-0.35368190306731817,1.251761,0.8029629278295604,0.7234927643877229,0.6423703422636483,0.4647502946850146
0.4233146459,0.7025853368969397,-0.35298840914197066,1.251041195,0.8033658012982074,0.7231179748464729,0.642692641038566,0.464742601036539
0.422327928,0.7030727445576812,-0.3522949152024326,1.250322474,0.8037686679217391,0.7227429438162774,0.6430149343373913,0.4647345065608365
0.4213418941,0.7035604903725183,-0.3516014212307661,1.249604834,0.8041715273632444,0.7223676717298244,0.6433372218905955,0.4647260111142429
0.4203565439,0.7040485744897619,-0.3509079273495617,1.248888275,0.8045743792040931,0.7219921590972207,0.6436595033632746,0.4647171145566954
0.4193718767,0.7045369972561187,-0.3502144333997034,1.248172794,0.8049772231892138,0.7216164062773789,0.6439817785513711,0.4647078167463552
0.4183878922,0.7050257588204193,-0.34952093950341245,1.247458392,0.80538005890002,0.7212404137828903,0.644304047120016,0.46469811754683116
0.4174045898,0.7055148594806674,-0.3488274455713635,1.246745066,0.8057828860407235,0.720864182013023,0.6446263088325788,0.4646880168206713
0.416421969,0.7060042994856994,-0.34813395158435145,1.246032816,0.806185704274717,0.7204877114063077,0.6449485634197737,0.4646775144330987
0.4154400295,0.7064940789849267,-0.3474404576641859,1.24532164,0.8065885131833997,0.7201110024791757,0.6452708105467199,0.4646666102533487
0.4144587708,0.7069841982275755,-0.3467469637913854,1.244611536,0.8069913124301554,0.7197340556727018,0.6455930499441244,0.46465530415039374
0.4134781922,0.7074746575633798,-0.3460534698046882,1.243902505,0.807394101760628,0.7193568713520914,0.6459152814085024,0.46464359599252597
0.4124982935,0.7079654570924265,-0.34535997589613626,1.243194544,0.8077968807151701,0.7189794500759592,0.6462375045721361,0.4646314856557346
0.4115190741,0.7084565971151405,-0.34466648197468985,1.242487652,0.8081996489984663,0.7186017922502606,0.6465597191987731,0.46461897301306354
0.4105405335,0.7089480778823716,-0.3439729880197198,1.241781828,0.8086024062742179,0.7182238983204878,0.6468819250193744,0.46460605794047655
0.4095626714,0.7094398995447178,-0.3432794941521964,1.241077071,0.809005152123806,0.7178457688106141,0.6472041216990448,0.4645927403184491
0.4085854871,0.7099320624542307,-0.3425860002092209,1.24037338,0.8094078862933834,0.7174674040911238,0.6475263090347068,0.46457902002383783
0.4076089802,0.7104245668125214,-0.3418925062403386,1.239670752,0.8098106084056377,0.7170888046495655,0.6478484867245102,0.4645648969393089
0.4066331504,0.7109174127707946,-0.34119901236609196,1.238969188,0.8102133180419464,0.7167099710136138,0.6481706544335571,0.4645503709509498
0.405657997,0.7114106006825499,-0.34050551842256227,1.238268686,0.8106160149487878,0.7163309035568297,0.6484928119590303,0.46453544194072144
0.4046835196,0.7119041307502216,-0.3398120244587156,1.237569244,0.81101869874893,0.7159516027702808,0.648814958999144,0.46452010979677116
0.4037097179,0.712398003125629,-0.339118530594662,1.236870862,0.8114213690237504,0.7155720691852986,0.6491370952190003,0.46450437441079423
0.4027365912,0.7128922181637318,-0.3384250366654567,1.236173537,0.8118240255200552,0.7151923031784762,0.6494592204160442,0.46448823566984826
0.4017641391,0.7133867760677971,-0.33773154271948086,1.23547727,0.8122266678606966,0.7148123052443546,0.6497813342885573,0.46447169346755623
0.4007923612,0.7138816770412297,-0.3370380488050191,1.234782058,0.8126292956685004,0.714432075878726,0.6501034365348004,0.46445474769945105
0.3998212569,0.7143769213896413,-0.33634455482738235,1.234087901,0.8130319086492135,0.7140516155002198,0.6504255269193708,0.4644373982593584
0.3988508259,0.7148725092660362,-0.3356510609058495,1.233394797,0.8134345063842744,0.7136709246460623,0.6507476051074196,0.46441964504822275
0.3978810677,0.7153684409256271,-0.33495756701672497,1.232702745,0.8138370885380427,0.7132900037763081,0.6510696708304342,0.46440148796528014
0.3969119817,0.7158647166752983,-0.33426407306442907,1.232011744,0.8142396548165176,0.712908853312682,0.6513917238532141,0.464382926909566
0.3959435676,0.716361336668693,-0.33357057916779365,1.231321792,0.8146422048011467,0.7125274737959488,0.6517137638409174,0.46436396178761846
0.3949758248,0.7168583012134793,-0.3328770852306914,1.230632888,0.8150447381980712,0.7121458656499239,0.6520357905584571,0.46434459250198484
0.3940087529,0.7173556105151195,-0.33218359129996816,1.229945032,0.8154472546303548,0.7117640293782491,0.6523578037042839,0.464324818960906
0.3930423514,0.7178532648307536,-0.33149009735058177,1.229258222,0.8158497537627021,0.7113819654462172,0.6526798030101617,0.4643046410724187
0.3920766199,0.7183512643663501,-0.33079660342902506,1.228572456,0.8162522352182124,0.7109996743597357,0.65300178817457,0.46428405874844436
0.3911115579,0.7188496093796993,-0.33010310950980293,1.227887733,0.8166546986616814,0.7106171565862505,0.6533237589293451,0.4642630719006122
0.3901471649,0.7193483001290261,-0.32940961556711806,1.227204053,0.8170571437579907,0.7102344125942018,0.6536457150063926,0.4642416804422823
0.3891834405,0.7198473368211734,-0.32871612164685415,1.226521414,0.8174595701303382,0.7098514428927817,0.6539676561042707,0.46421988429082695
0.3882203842,0.7203467197150237,-0.3280226277227568,1.225839815,0.817861977443699,0.7094682479525553,0.6542895819549592,0.4641976833631947
0.3872579955,0.7208464490698984,-0.3273291337682663,1.225159254,0.8182643653631358,0.7090848282450662,0.6546114922905087,0.4641750775780619
0.386296274,0.7213465250935241,-0.3266356398286528,1.224479731,0.8186667335119472,0.7087011842827499,0.6549333868095578,0.46415206685824595
0.3853352193,0.7218469479937808,-0.3259421459490803,1.223801243,0.8190690815134124,0.7083173165792149,0.65525526521073,0.4641286511284661
0.3843748308,0.7223477180830583,-0.32524865203013703,1.223123791,0.8194714090746028,0.7079332255692012,0.6555771272596823,0.4641048303103376
0.3834151081,0.7228488355699779,-0.324555158116473,1.222447372,0.8198737158189213,0.7075489117683449,0.6558989726551371,0.4640806043321176
0.3824560507,0.7233503007156392,-0.32386166418029644,1.221771986,0.8202760014117113,0.7071643756533211,0.6562208011293691,0.4640559731213725
0.3814976581,0.723852113781589,-0.32316817019350585,1.221097631,0.8206782655184063,0.706779617701756,0.6565426124147251,0.4640309366073916
0.38053993,0.7243542749248839,-0.3224746762725613,1.220424306,0.8210805077205032,0.7063946384726671,0.6568644061764026,0.4640054947265431
0.3795828659,0.724856784407531,-0.32178118238904374,1.21975201,0.8214827276834539,0.7060094384458753,0.6571861821467632,0.46397964741182496
0.3786264652,0.7253596425446018,-0.321087688441687,1.219080741,0.8218849251148672,0.7056240180618143,0.6575079400918938,0.4639533945951888
0.3776707276,0.7258628494938488,-0.32039419454647095,1.218410499,0.8222870995962703,0.7052383778827728,0.6578296796770163,0.463926736218563
0.3767156525,0.7263664055711752,-0.3197007006015563,1.217741283,0.8226892508354268,0.7048525183510966,0.6581514006683414,0.4638996722173821
0.3757612395,0.7268703109875628,-0.3190072066499634,1.21707309,0.823091378456005,0.704466439990807,0.6584731027648041,0.4638722025344224
0.3748074882,0.7273745659541571,-0.31831371273460013,1.21640592,0.8234934820816584,0.7040801433270476,0.6587947856653268,0.4638443271143549
0.3738543981,0.7278791707352471,-0.3176202188254741,1.215739772,0.8238955613782255,0.7036936288455015,0.6591164491025805,0.46381604590075615
0.3729019687,0.7283841255955802,-0.31692672489227824,1.215074644,0.8242976160116366,0.7033068970327632,0.6594380928093093,0.46378735883891864
0.3719501996,0.7288894307472353,-0.31623323097727885,1.214410535,0.8246996456056613,0.7029199484170139,0.6597597164845291,0.46375826587892893
0.3709990903,0.7293950864556602,-0.31553973704968735,1.213747444,0.8251016498263359,0.7025327834868078,0.6600813198610688,0.46372876696964255
0.3700486403,0.7299010929867641,-0.31484624307839926,1.21308537,0.8255036283397892,0.7021454027315968,0.6604029026718314,0.4636988620616286
0.3690988493,0.7304074505002215,-0.31415274917807323,1.212424312,0.8259055807275766,0.7017578067233938,0.6607244645820614,0.46366855111359606
0.3681497167,0.7309141593158508,-0.3134592552441802,1.211764268,0.8263075066982146,0.7013699959128524,0.6610460053585717,0.46363783407654885
0.3672012421,0.7314212196472375,-0.31276576131795364,1.211105237,0.8267094058756469,0.7009819708331789,0.6613675247005175,0.4636067109096299
0.366253425,0.73192863176171,-0.3120722673673172,1.210447218,0.8271112779262182,0.7005937319776758,0.6616890223409746,0.46357518157052313
0.365306265,0.7324363958734196,-0.3113787734331173,1.20979021,0.827513122473928,0.700205279881559,0.6620104979791425,0.4635432460220157
0.3643597617,0.7329445121966909,-0.31068527955608205,1.209134211,0.8279149391427653,0.6998166150811191,0.6623319513142123,0.46351090422878466
0.3634139145,0.7334529810536125,-0.3099917856301304,1.208479221,0.8283167276416925,0.6994277380314388,0.662653382113354,0.46347815615042587
0.362468723,0.733961802659304,-0.30929829169544815,1.207825238,0.8287184875948354,0.69903864927064,0.6629747900758683,0.4634450017551211
0.3615241867,0.7344709772830067,-0.30860479771865296,1.207172261,0.8291202186688559,0.6986493492966651,0.6632961749350847,0.46341144100936393
0.3605803053,0.7349805050863982,-0.3079113038130349,1.206520289,0.8295219204453672,0.698259838690896,0.6636175363562938,0.46337747388859557
0.3596370782,0.7354903863933181,-0.3072178098713198,1.20586932,0.829923592633663,0.6978701179119413,0.6639388741069304,0.4633431003593251
0.358694505,0.7360006214200447,-0.3065243159329043,1.205219354,0.8303252348579896,0.6974801875018402,0.6642601878863917,0.4633083203970081
0.3577525853,0.7365112103830365,-0.30583082203706263,1.204570389,0.8307268467425843,0.6970900480036771,0.6645814773940675,0.4632731339789852
0.3568113185,0.7370221536075726,-0.3051373280755416,1.203922424,0.8311284279970312,0.6966996998785853,0.664902742397625,0.46323754107687365
0.3558707043,0.7375334512565292,-0.3044438341608168,1.203275458,0.8315299782030062,0.6963091437129679,0.665223982562405,0.46320154167535854
0.3549307422,0.738045103601606,-0.3037503402578346,1.20262949,0.8319314970275324,0.6959183800112689,0.665545197622026,0.4631651357534002
0.3539914317,0.7385571109149879,-0.3030568463312125,1.201984518,0.8323329841377307,0.6955274092787568,0.6658663873101847,0.463128323291658
0.3530527724,0.7390694734147237,-0.30236335241914586,1.201340541,0.8327344391580374,0.6951362320632208,0.6661875513264299,0.46309110427647804
0.3521147638,0.7395821913737468,-0.30166985848574535,1.200697558,0.8331358617556917,0.6947448488717196,0.6665086894045533,0.4630534786920543
0.3511774055,0.7400952650107054,-0.30097636456880056,1.200055568,0.8335372515551963,0.6943532602539254,0.6668298012441571,0.4630154465283576
0.350240697,0.7406086945992859,-0.3002828706319128,1.19941457,0.8339386082239096,0.6939614667186704,0.6671508865791278,0.46297700777311285
0.3493046379,0.7411224803587404,-0.2995893767124635,1.198774563,0.834339931386402,0.6935694688174943,0.6674719451091216,0.46293816241991315
0.3483692277,0.7416366225635126,-0.298895882773543,1.198135545,0.8347412207101516,0.6931772670609865,0.6677929765681213,0.4628989104600117
0.347434466,0.7421511214334635,-0.29820238885212136,1.197497514,0.8351424758197981,0.6927848620025375,0.6681139806558385,0.4628592518906211
0.3465003523,0.7426659772437996,-0.29750889491077465,1.196860471,0.8355436963829412,0.6923922541544785,0.668434957106353,0.4628191867065199
0.3455668862,0.7431811902149945,-0.29681540098606,1.196224414,0.8359448820242908,0.691999444072034,0.6687559056194328,0.46277871490853706
0.3446340672,0.7436967606230229,-0.29612190704003605,1.195589341,0.8363460324115697,0.6916064322692604,0.6690768259292558,0.4627378364949736
0.3437018949,0.7442126886889753,-0.2954284131088453,1.194955252,0.8367471471695583,0.691213219303202,0.6693977177356467,0.4626965514702725
0.3427703689,0.7447289746341378,-0.2947349192284983,1.194322145,0.8371482259230353,0.6908198057318822,0.6697185807384283,0.4626548598407529
0.3418394886,0.7452456187910701,-0.2940414252858256,1.193690019,0.8375492683829658,0.6904261920296818,0.6700394147063727,0.46261276160551773
0.3409092536,0.7457626213819127,-0.29334793131626447,1.193058872,0.8379502741742793,0.6900323787562678,0.6703602193394235,0.4625702567743558
0.3399796636,0.7462799825733117,-0.29265443742974645,1.192428705,0.8383512428787562,0.6896383665146851,0.670680994303005,0.4625273453635692
0.339050718,0.7467977026991146,-0.29196094351223806,1.191799515,0.8387521742075902,0.6892441557817613,0.6710017393660722,0.4624840273774619
0.3381224163,0.74731578203814,-0.2912674495238882,1.191171301,0.8391530678289828,0.6888497470773899,0.6713224542631863,0.4624403028265685
0.3371947583,0.7478342207019404,-0.2905739556488547,1.190544063,0.8395539232815645,0.6884551410499072,0.6716431386252517,0.46239617173745007
0.3362677433,0.7483530190816662,-0.2898804616973983,1.189917798,0.8399547403200104,0.6880603381359379,0.6719637922560083,0.46235163411477626
0.335341371,0.748872177345279,-0.2891869677785696,1.189292507,0.8403555185262008,0.6876653389431054,0.6722844148209607,0.46230668998402324
0.3344156409,0.7493916957729507,-0.28849347385161317,1.188668186,0.8407562575685169,0.6872701439947498,0.6726050060548135,0.4622613393628813
0.3334905526,0.7499115745891337,-0.28779997995041856,1.188044837,0.8411569570721166,0.6868747538577142,0.6729255656576933,0.46221558227569126
0.3325661055,0.7504318141311151,-0.2871064859586528,1.187422457,0.8415576167593595,0.6864791690180252,0.6732460934074876,0.4621694187470039
0.3316422994,0.7509524145114431,-0.28641299205980825,1.186801045,0.8419582362078911,0.686083390144506,0.6735665889663129,0.462122848846079
0.3307191337,0.7514733760681328,-0.28571949813706654,1.186180599,0.8423588151347227,0.6856874177232549,0.6738870521077782,0.46207587259691896
0.329796608,0.7519946990269356,-0.28502600422345176,1.18556112,0.8427593531668895,0.6852912523254703,0.6742074825335117,0.4620284900325929
0.3288747218,0.7525163836704414,-0.28433251027659634,1.184942605,0.8431598499750839,0.684894894480184,0.6745278799800671,0.4619807011828903
0.3279534747,0.7530384302250585,-0.2836390163290876,1.184325054,0.8435603051868198,0.6844983447601455,0.6748482441494559,0.4619325060845931
0.3270328663,0.7535608389174077,-0.2829455224133717,1.183708465,0.8439607184298122,0.6841016037389517,0.6751685747438498,0.46188390477640995
0.3261128961,0.7540836100311867,-0.28225202848634506,1.183092837,0.8443610893755111,0.6837046719478715,0.6754888715004089,0.46183489729362504
0.3251935637,0.7546067437936802,-0.28155853458001334,1.182478169,0.8447614176521124,0.6833075499620341,0.67580913412169,0.4617854836786557
0.3242748686,0.7551302404894102,-0.2808650406507257,1.18186446,0.8451617029315985,0.6829102383141337,0.6761293623452789,0.4617356639703976
0.3233568104,0.7556541003463294,-0.2801715467300454,1.181251708,0.8455619448426465,0.6825127375808206,0.6764495558741173,0.46168543821497404
0.3224393886,0.7561783236497892,-0.27947805277377225,1.180639913,0.8459621430577724,0.6821150482962021,0.6767697144462179,0.4616348064548888
0.3215226029,0.756702910571156,-0.27878455888869375,1.180029073,0.846362297162476,0.6817171710818614,0.6770898377299809,0.4615837687455591
0.3206064527,0.7572278614537169,-0.27809106495449276,1.179419188,0.846762406873417,0.6813191064299842,0.6774099254987336,0.4615323251275993
0.3196909376,0.7577531765267765,-0.2773975710018379,1.178810255,0.8471624718202397,0.6809208549202256,0.6777299774561918,0.4614804756545353
0.3187760572,0.7582788560198619,-0.2767040770612509,1.178202274,0.8475624916327934,0.6805224171330602,0.6780499933062347,0.46142822038181414
0.3178618111,0.7588049001627224,-0.2760105831631066,1.177595244,0.8479624659411319,0.6801237936497793,0.6783699727529056,0.4613755593668035
0.3169481988,0.7593313092429889,-0.2753170892616999,1.176989163,0.8483623944193011,0.6797249850088112,0.6786899155354409,0.4613224926629589
0.3160352198,0.7598580835488367,-0.2746235953109665,1.176384031,0.8487622767416537,0.679325991749193,0.679009821393323,0.4612690203254615
0.3151228737,0.7603852233111684,-0.2739301013405215,1.175779846,0.8491621125390121,0.6789268144543447,0.6793296900312097,0.46121514241714656
0.3142111602,0.760912728703215,-0.273236607455922,1.175176607,0.8495619013985409,0.6785274537523213,0.6796495211188328,0.46116085900874615
0.3133000787,0.7614406000720512,-0.2725431135343542,1.174574312,0.8499616430391759,0.6781279101405435,0.6799693144313408,0.46110617015502325
0.3123896288,0.761968837649504,-0.27184961960482534,1.173972962,0.8503613370924334,0.6777281842046872,0.6802890696739468,0.46105107592441985
0.3114798101,0.7624974416676306,-0.27115612569619174,1.173372554,0.8507609831900377,0.6773282765312243,0.6806087865520302,0.4609955763872945
0.3105706221,0.7630264124169398,-0.27046263176085544,1.172773087,0.851160581007884,0.6769281876633895,0.6809284648063073,0.4609396716097477
0.3096620644,0.7635557501301937,-0.26976913782721035,1.172174561,0.8515601301781869,0.6765279181890874,0.6812481041425495,0.46088336166582167
0.3087541365,0.7640854550987698,-0.26907564384708943,1.171576974,0.8519596303773829,0.6761274686528795,0.6815677043019064,0.4608266466252023
0.3078468381,0.7646155274976766,-0.26838214992488285,1.170980324,0.8523590811941394,0.6757268396882734,0.6818872649553116,0.46076952657193304
0.3069401687,0.7651459676189231,-0.2676886560120099,1.170384612,0.8527584823053604,0.675326031841296,0.6822067858442884,0.46071200157942815
0.3060341278,0.7656767757550783,-0.266995162059524,1.169789835,0.8531578333882589,0.674925045658553,0.6825262667106071,0.46065407172281825
0.3051287151,0.7662079520818598,-0.26630166817135154,1.169195993,0.8535571340321297,0.6745238817758894,0.6828457072257038,0.4605957370918842
0.30422393,0.7667394969512635,-0.26560817422145494,1.168603084,0.8539563839587937,0.6741225406969776,0.683165107167035,0.4605369977589647
0.3033197722,0.767271410539566,-0.264914680313396,1.168011107,0.8543555827579904,0.6737210230591567,0.6834844662063924,0.4604778538176123
0.3024162412,0.7678036931408623,-0.2642211863972315,1.167420061,0.854754730107947,0.6733193294117695,0.6838037840863577,0.4604183053502568
0.3015133365,0.768336345049815,-0.26352769242264884,1.166829946,0.8551538256872013,0.6729174603047227,0.6841230605497611,0.4603583524410393
0.3006110579,0.76886936638431,-0.26283419856962364,1.166240759,0.855552869041886,0.6725154164222356,0.6844422952335089,0.4602979951959539
0.2997094047,0.7694027575578103,-0.26214070463369965,1.165652499,0.8559518599394627,0.6721131982265202,0.6847614879515702,0.4602372336894806
0.2988083765,0.7699365188071683,-0.26144721064060095,1.165065167,0.8563507980150388,0.6717108063139948,0.685080638412031,0.4601760680178517
0.2979079731,0.7704706502507577,-0.2607537167699864,1.164478759,0.8567496828153068,0.6713082413713023,0.6853997462522455,0.4601144982929318
0.2970081938,0.7710051523037649,-0.26006022281627905,1.163893276,0.8571485141086629,0.670905503862315,0.6857188112869304,0.46005252459432566
0.2961090383,0.7715400251445033,-0.25936672888171597,1.163308715,0.8575472914865621,0.6705025944303916,0.6860378331892497,0.45999014703079616
0.2952105062,0.7720752690108158,-0.25867323499137873,1.162725077,0.8579460145849604,0.6700995136749541,0.6863568116679684,0.4599273657061977
0.2943125969,0.7726108842601809,-0.2579797410156644,1.16214236,0.8583446831288521,0.6696962621062966,0.6866757465030817,0.4598641807121647
0.2934153102,0.7731468710118877,-0.257286247133638,1.161560562,0.858743296665895,0.6692928404149959,0.686994637332716,0.4598005921702835
0.2925186455,0.7736832296242492,-0.2565927532151566,1.160979682,0.8591418549216081,0.6688892491126263,0.6873134839372865,0.4597366001757947
0.2916226024,0.7742199603366123,-0.2558992592843279,1.16039972,0.859540357532951,0.6684854888012683,0.6876322860263608,0.4596722048398654
0.2907271805,0.7747570633885787,-0.25520576536509515,1.159820675,0.859938804137097,0.6680815600837363,0.6879510433096776,0.45960740627556346
0.2898323793,0.7752945390801138,-0.25451227140370714,1.159242544,0.8603371944159691,0.6676774635183893,0.6882697555327754,0.45954220459054534
0.2889381985,0.7758323875913901,-0.25381877750119824,1.158665327,0.8607355279626848,0.6672731997545864,0.688588422370148,0.4594765999088913
0.2880446375,0.7763706092833292,-0.2531252835257406,1.158089023,0.8611338045042306,0.6668687693067556,0.6889070436033845,0.45941059233454445
0.2871516961,0.7769092042763459,-0.25243178965567215,1.157513631,0.8615320235895706,0.6664641728709904,0.6892256188716566,0.45934418200279503
0.2862593736,0.7774481729926573,-0.2517382956808707,1.15693915,0.8619301849908542,0.666059410917577,0.6895441479926834,0.4592773690136692
0.2853676698,0.777987515553116,-0.25104480177939215,1.156365578,0.8623282882574531,0.6656544841440978,0.6898626306059625,0.4592101535063023
0.2844765841,0.7785272323206066,-0.2503513078181449,1.155792914,0.8627263331174877,0.6652493930673089,0.6901810664939902,0.459142535591675
0.2835861162,0.7790673234768664,-0.24965781389715608,1.155221157,0.8631243191653716,0.664844138340886,0.6904994553322973,0.45907451540525224
0.2826962656,0.7796077893251177,-0.2489643199605776,1.154650306,0.8635222460850992,0.6644387205282445,0.6908177968680794,0.4590060930691674
0.2818070319,0.7801486301083226,-0.2482708260301893,1.154080361,0.8639201135162247,0.6640331402389439,0.6911360908129798,0.45893726871501084
0.2809184147,0.7806898460697101,-0.24757733212759972,1.153511319,0.8643179210985209,0.6636273980832488,0.6914543368788167,0.45886804247626733
0.2800304135,0.7812314375138087,-0.24688383819612345,1.15294318,0.8647156685167805,0.6632214946263937,0.6917725348134245,0.45879841448044834
0.2791430279,0.7817734046846381,-0.24619034425686234,1.152375942,0.8651133554112854,0.6628154304798977,0.6920906843290284,0.45872838486467193
0.2782562575,0.7823157478264877,-0.24549685033074586,1.151809605,0.8655109814225357,0.662409206255979,0.6924087851380286,0.4586579537679482
0.2773701019,0.7828584671839187,-0.24480335643852966,1.151244167,0.8659085461912501,0.6620028225675515,0.6927268369530002,0.4585871213311782
0.2764845606,0.7834015630631358,-0.24410986252245556,1.150679627,0.8663060494032672,0.6615962799822894,0.6930448395226138,0.458515887689084
0.2755996331,0.7839450357709576,-0.2434163685243733,1.150115984,0.8667034907447413,0.6611895790683587,0.693362792595793,0.4584442529780741
0.2747153192,0.7844888854301925,-0.24272287462108583,1.149553237,0.8671008697672978,0.6607827205325155,0.6936806958138383,0.4583722173607564
0.2738316183,0.7850331124097518,-0.24202938067564284,1.148991385,0.8674981862024798,0.6603757048982677,0.6939985489619839,0.45829978096914503
0.2729485301,0.7855777168943683,-0.2413358867861549,1.148430427,0.8678954396472535,0.6599685328278079,0.6943163517178028,0.45822694396155456
0.272066054,0.7861226992541065,-0.24064239281493685,1.147870361,0.8682926298337711,0.6595612048456624,0.694634103867017,0.4581537064734167
0.2711841898,0.7866680596124576,-0.2399488989383567,1.147311187,0.8686897563144198,0.6591537216615674,0.6949518050515359,0.4580800686751439
0.2703029369,0.7872137983403885,-0.23925540501815507,1.146752903,0.8690868188218908,0.6587460838012068,0.6952694550575127,0.45800603070573565
0.2694222949,0.7877599156857222,-0.23856191107300867,1.146195508,0.8694838169991028,0.6583382918832051,0.6955870535992823,0.45793159272262296
0.2685422634,0.7883064118965639,-0.2378684171214154,1.145639001,0.8698807504891969,0.6579303465268591,0.6959046003913576,0.45785675488512134
0.267662842,0.7888532872213035,-0.2371749231816919,1.145083381,0.870277618935536,0.6575222483521357,0.6962220951484288,0.45778151735442946
0.2667840303,0.7894005419086155,-0.23648142927197466,1.144528647,0.8706744219817054,0.6571139979796699,0.6965395375853644,0.4577058802936293
0.2659058278,0.789948176269862,-0.23578793533122408,1.143974798,0.8710711593167014,0.656705595984233,0.6968569274533611,0.4576298438590009
0.2650282342,0.7904961904920621,-0.2350944414560982,1.143421833,0.8714678305394149,0.6562970430342188,0.697174264431532,0.45755340822597096
0.2641512489,0.7910445849499014,-0.23440094750597923,1.14286975,0.8718644353845708,0.655888339658997,0.6974915483076567,0.45747657354569204
0.2632748716,0.791593359831064,-0.23370745357710426,1.142318548,0.8722609734515313,0.6554794865282314,0.697808778761225,0.45739933999730004
0.2623991019,0.7921425153859261,-0.23301395968653274,1.141768227,0.8726574443850692,0.6550704842657147,0.6981259555080555,0.45732170775312664
0.2615239392,0.7926920519908276,-0.23232046569260079,1.141218785,0.8730538479207953,0.6546613334023412,0.6984430783366363,0.4572436769694982
0.2606493833,0.7932419697714058,-0.23162697177031683,1.140670221,0.8734501836134128,0.6542520346565643,0.6987601468907303,0.4571652478401801
0.2597754337,0.7937922690419265,-0.23093347785680568,1.140122533,0.873846451153722,0.6538425886072585,0.6990771609229776,0.4570864205340927
0.25890209,0.7943429500542016,-0.23023998396822018,1.139575722,0.8742426501874652,0.6534329958806726,0.6993941201499722,0.4570071952309234
0.2580293517,0.7948940131235254,-0.22954649004103733,1.139029786,0.8746387804060112,0.6530232570567278,0.699711024324809,0.4569275721030861
0.2571572184,0.7954454585025672,-0.22885299609086993,1.138484723,0.8750348414556243,0.652613372762814,0.7000278731644994,0.4568475513338633
0.2562856897,0.7959972864442953,-0.22815950213314337,1.137940533,0.8754308329827934,0.6522033436269636,0.7003446663862348,0.4567671331084127
0.2554147653,0.7965494971385294,-0.22746600826274901,1.137397214,0.8758267545887626,0.6517931703249688,0.7006614036710102,0.4566863176230704
0.2545444446,0.79710209096565,-0.22677251433547888,1.136854765,0.8762226060113937,0.6513828533919447,0.7009780848091149,0.45660510504818186
0.2536747272,0.7976550681797935,-0.2260790203660247,1.136313186,0.8766183868979253,0.6509723934576878,0.7012947095183403,0.45652349557436783
0.2528056128,0.7982084289716873,-0.2253855264487078,1.135772475,0.8770140968502811,0.6505617911998951,0.7016112774802249,0.45644148940358176
0.2519371009,0.7987621736596144,-0.22469203251812747,1.135232631,0.8774097355616489,0.6501510472024566,0.7019277884493191,0.4563590867208293
0.2510691911,0.7993163024986268,-0.22399853858840157,1.134693653,0.8778053026799486,0.6497401620970613,0.702244242143959,0.45627628772234385
0.250201883,0.7998708157440841,-0.2233050446734552,1.134155539,0.878200797853328,0.6493291365160244,0.7025606382826625,0.4561930926062282
0.2493351761,0.8004257137157222,-0.22261155070697822,1.13361829,0.8785962207757978,0.648917971044822,0.7028769766206383,0.45610950156278335
0.2484690701,0.8009809966056283,-0.22191805678244092,1.133081903,0.8789915710503731,0.6485066663643834,0.7031932568402985,0.45602551480341563
0.2476035646,0.8015366646700908,-0.22122456291318757,1.132546377,0.8793868483258863,0.6480952231088917,0.7035094786607091,0.4559411325318323
0.246738659,0.8020927182943799,-0.22053106895194996,1.132011712,0.879782052342808,0.6476836418179269,0.7038256418742465,0.45585635493395193
0.245874353,0.80264915767152,-0.2198375749916131,1.131477906,0.8801771827048396,0.647271923174274,0.7041417461638717,0.4557711822267807
0.2450106463,0.8032059829944926,-0.21914408112508907,1.130944959,0.8805722390158186,0.6468600678615284,0.704457791212655,0.4556856146294004
0.2441475383,0.8037631946500472,-0.21845058720418745,1.130412869,0.8809672210170426,0.6464480764208201,0.7047737768136342,0.4555996523330102
0.2432850286,0.8043207928965808,-0.21775709324093795,1.129881634,0.8813621283586289,0.6460359494891124,0.7050897026869032,0.45551329555032943
0.2424231169,0.8048787779280252,-0.21706359932766114,1.129351255,0.8817569606451047,0.6456236877518321,0.7054055685160838,0.4554265445060317
0.2415618027,0.805437150068019,-0.21637010539561394,1.12882173,0.8821517175728218,0.6452112917994004,0.7057213740582575,0.4553393994065762
0.2407010856,0.8059959095759173,-0.21567661145623104,1.128293057,0.8825463987925881,0.644798762270601,0.7060371190340705,0.4552518604702696
0.2398409652,0.8065550567113977,-0.2149831175207467,1.127765236,0.882941003955443,0.6443860998048192,0.7063528031643544,0.4551639279172795
0.2389814411,0.8071145917344605,-0.21428962360019527,1.127238266,0.8833355327126557,0.6439733050420431,0.7066684261701246,0.45507560196963415
0.2381225129,0.8076745149054304,-0.21359612970540987,1.126712145,0.8837299847157281,0.6435603786228584,0.7069839877725825,0.4549868828512215
0.2372641801,0.8082348265502818,-0.2129026357661983,1.126186872,0.8841243596623506,0.6431473211403005,0.7072994877298805,0.4548977707773795
0.2364064423,0.8087955269302627,-0.21220914179282213,1.125662447,0.8845186572045565,0.6427341332360027,0.7076149257636453,0.45480826597555496
0.2355492992,0.8093566162414444,-0.2115156478762746,1.125138868,0.8849128769486073,0.6423208156004349,0.7079303015588859,0.4547183686855654
0.2346927503,0.8099180948110569,-0.2108221539455871,1.124616135,0.8853070185929588,0.641907368828267,0.7082456148743671,0.45462807912816317
0.2338367952,0.8104799629013366,-0.21012866001041,1.124094245,0.8857010817903405,0.6414937935629066,0.7085608654322724,0.4545373975363646
0.2329814335,0.8110422207748516,-0.20943516608018906,1.123573198,0.8860950661937155,0.6410800904483478,0.7088760529549725,0.45444632414504155
0.2321266648,0.8116048686945031,-0.20874167216416417,1.123052994,0.8864889714562795,0.6406662601291714,0.7091911771650237,0.45435485919092033
0.2312724887,0.8121679069235261,-0.20804817827136987,1.12253363,0.8868827972314616,0.6402523032505424,0.7095062377851693,0.45426300291258165
0.2304189047,0.8127313357915444,-0.20735468432936044,1.122015105,0.8872765432190646,0.639838220409672,0.7098212345752517,0.4541707555396254
0.2295659125,0.8132951554965948,-0.20666119042791684,1.12149742,0.8876702090268903,0.6394240123013262,0.7101361672215123,0.4540781173250649
0.2287135116,0.8138593663691587,-0.20596769649406566,1.120980572,0.8880637943552541,0.6390096795237791,0.7104510354842033,0.45398508850209773
0.2278617016,0.8144239686740955,-0.20527420253584142,1.120464561,0.8884572988585888,0.6385952227243682,0.7107658390868711,0.4538916693165529
0.2270104822,0.8149889626101843,-0.20458070864256886,1.119949385,0.8888507221453313,0.6381806425997354,0.7110805777162651,0.45379786002715716
0.2261598528,0.8155543485757162,-0.20388721465892223,1.119435043,0.8892440639633366,0.6377659396994012,0.7113952511706693,0.4537036608605534
0.2253098132,0.8161201267036421,-0.20319372075536135,1.118921534,0.8896373239022622,0.6373511146890974,0.7117098591218098,0.453609072046506
0.2244603629,0.8166862973266116,-0.20250022685758148,1.118408858,0.8900305016801332,0.6369361681229633,0.7120244013441066,0.4535140938021622
0.2236115014,0.8172528607779888,-0.20180673289084036,1.117897013,0.890423597000624,0.6365211006002675,0.7123388776004993,0.453418726370629
0.2227632284,0.8178198172580898,-0.20111323894352,1.117385998,0.8908166094752267,0.6361059128181278,0.7126532875801814,0.45332297001903105
0.2219155435,0.8183871670341838,-0.20041974502217788,1.116875812,0.8912095387621203,0.6356906054249409,0.7129676310096963,0.4532268250049397
0.2210684463,0.8189549103738888,-0.1997262511331579,1.116366454,0.8916023845198954,0.6352751790692075,0.7132819076159164,0.4531302915875272
0.2202219363,0.8195230476123346,-0.19903275720063796,1.115857922,0.891995146453964,0.6348596343504184,0.7135961171631713,0.45303337001608923
0.2193760132,0.8200915789508659,-0.19833926331237167,1.115350217,0.8923878241773785,0.6344439719662962,0.7139102593419029,0.4529360605643655
0.2185306764,0.8206605047928526,-0.19764576930992636,1.114843336,0.8927804174428744,0.6340281924672317,0.7142243339542995,0.45283836347315704
0.2176859258,0.8212298252055562,-0.19695227544481383,1.114337278,0.8931729257714002,0.6336122966496202,0.7145383406171202,0.4527402790426221
0.2168417607,0.8217995406606857,-0.1962587814759314,1.113832044,0.8935653489630379,0.6331962850147035,0.7148522791704304,0.4526418075050102
0.2159981809,0.8223696512932834,-0.19556528757246158,1.11332763,0.89395768658595,0.6327801583100151,0.71516614926876,0.45254294915224985
0.2151551859,0.8229401574411698,-0.19487179365694204,1.112824037,0.8943499383481611,0.6323639171353711,0.715479950678529,0.4524437042428967
0.2143127753,0.8235110593750828,-0.19417829973381504,1.112321264,0.894742103911635,0.631947562139946,0.715793683129308,0.4523440730487392
0.2134709487,0.8240823573661217,-0.19348480580730348,1.111819308,0.8951341829387487,0.6315310939730157,0.716107346350999,0.45224405584315963
0.2126297057,0.824654051685747,-0.19279131188141105,1.11131817,0.8955261750922944,0.631114513283957,0.7164209400738355,0.45214365290113356
0.2117890459,0.8252261426057838,-0.1920978179599199,1.110817848,0.8959180800354786,0.6306978207222473,0.7167344640283829,0.4520428644992291
0.2109489688,0.8257986304666153,-0.19140432396381196,1.110318341,0.8963098974785744,0.6302810168878262,0.7170479179828595,0.4519416909035353
0.2101094742,0.8263715154045027,-0.19071083006152945,1.109819648,0.8967016269923372,0.6298641025296021,0.7173613015938698,0.45184013241789
0.2092705616,0.8269447977604685,-0.19001733617366692,1.109321768,0.8970932682878492,0.6294470782477622,0.7176746146302794,0.4517381893116181
0.2084322305,0.8275184778762817,-0.18932384222036738,1.1088247,0.8974848210766947,0.6290299446424039,0.7179878568613558,0.4516358618554169
0.2075944806,0.8280925559573148,-0.1886303482869384,1.108328443,0.8978762849774838,0.6286127024131918,0.7183010279819871,0.4515331503459306
0.2067573115,0.8286670322775996,-0.18793685437582647,1.107832995,0.898267659655916,0.6281953522102041,0.7186141277247329,0.45143005506926714
0.2059207227,0.8292419071803052,-0.1872433604063286,1.107338357,0.8986589448248896,0.6277778946336942,0.7189271558599117,0.4513265763007251
0.2050847139,0.8298171808716359,-0.18654986646325045,1.106844526,0.8990501401041976,0.627360330383768,0.7192401120833581,0.45122271434187394
0.2042492847,0.8303928536267455,-0.1858563725483612,1.106351501,0.8994412451607889,0.6269426601108011,0.7195529961286312,0.45111846948358103
0.2034144347,0.8309689257211633,-0.1851628786632044,1.105859282,0.8998322596620294,0.6265248844652688,0.7198658077296236,0.4510138420182998
0.2025801634,0.8315453974999435,-0.18446938472594077,1.105367867,0.9002231833225711,0.6261070040476311,0.7201785466580569,0.4509088322274531
0.2017464705,0.8321222691704173,-0.18377589082069692,1.104877256,0.9006140157637882,0.625689019558579,0.7204912126110306,0.4508034404191674
0.2009133555,0.8326995410785903,-0.18308239686506153,1.104387448,0.9010047567012108,0.6252709315986759,0.7208038053609687,0.4506976668779235
0.2000808181,0.8332772134323643,-0.18238890294281848,1.10389844,0.9013954057570055,0.624852740868904,0.7211163246056045,0.4505915119151222
0.1992488578,0.833855286578702,-0.18169540897098144,1.103410233,0.9017859626475806,0.6244344479699291,0.7214287701180645,0.4504849758182985
0.1984174744,0.8344337606564526,-0.18100191511643235,1.102922825,0.9021764269489196,0.624016053653373,0.7217411415591357,0.4503780589150123
0.1975866672,0.8350126361527015,-0.18030842112877826,1.102436215,0.9025667984722416,0.6235975584193537,0.7220534387777934,0.45027076147013023
0.1967564361,0.835591913137153,-0.17961492725805478,1.101950403,0.9029570767473264,0.6231789630701787,0.7223656613978612,0.450163083827423
0.1959267805,0.8361715920283299,-0.17892143333667404,1.101465386,0.903347261539318,0.6227602681563692,0.7226778092314544,0.450055026267638
0.1950977,0.8367516731058892,-0.17822793936370201,1.100981165,0.903737352519827,0.6223414743292419,0.7229898820158617,0.449946589098876
0.1942691943,0.8373321565797672,-0.1775344454217032,1.100497737,0.9041273493138002,0.6219225822907941,0.7233018794510402,0.44983777264397556
0.193441263,0.8379130427301138,-0.17684095150944903,1.100015102,0.9045172515936222,0.6215035926926793,0.7236138012748978,0.4497285772143555
0.1926139057,0.8384943318374726,-0.17614745762547526,1.099533259,0.9049070590320982,0.6210845061866469,0.7239256472256786,0.4496190031230094
0.1917871219,0.8390760242531867,-0.17545396368417474,1.099052207,0.9052967713495992,0.6206653233738211,0.7242374170796794,0.44950905067118013
0.1909609113,0.8396581201883817,-0.17476046976740242,1.098571945,0.9056863881726653,0.620246044956777,0.7245491105381323,0.44939872018822724
0.1901352734,0.8402406199953909,-0.17406697578896083,1.098092472,0.9060759092225502,0.6198266715367402,0.7248607273780402,0.4492880119784311
0.189310208,0.8408235238152434,-0.17337348191442886,1.097613786,0.9064653340793825,0.6194072038674381,0.725172267263506,0.4491769263878988
0.1884857145,0.8414068320717707,-0.17267998797305073,1.097135887,0.9068546625124662,0.6189876424994266,0.725483730009973,0.4490654637105637
0.1876617926,0.8419905449773076,-0.17198649404596134,1.096658773,0.9072438941499394,0.6185679881358571,0.7257951153199516,0.44895362428229485
0.1868384419,0.8425746628151918,-0.171293000130033,1.096182444,0.9076330286675496,0.6181482414291612,0.7261064229340397,0.44884140842709547
0.1860156619,0.8431591859402578,-0.17059950613758096,1.095706899,0.9080220657887585,0.6177284029808177,0.7264176526310069,0.4487288164568262
0.1851934524,0.8437441144945697,-0.16990601223356916,1.095232136,0.90841100509559,0.6173084735455059,0.7267288040764721,0.448615848725998
0.1843718129,0.8443294488336771,-0.16921251832988843,1.094758155,0.9087998463123286,0.6168884537249449,0.727039877049863,0.44850250554966403
0.183550743,0.8449151892425452,-0.16851902442244548,1.094284954,0.9091885891164071,0.6164683441719551,0.7273508712931257,0.448388787258102
0.1827302422,0.8455013360780368,-0.16782553042235346,1.093812532,0.9095772332330581,0.616048145488218,0.7276617865864465,0.44827469416922383
0.1819103103,0.8460878894830638,-0.16713203649407402,1.093340889,0.9099657782458248,0.615627858429173,0.7279726225966598,0.4481602266442503
0.1810909469,0.8466748497435291,-0.16643854263295843,1.092870023,0.9103542238333447,0.6152074836480709,0.7282833790666758,0.4480453850183238
0.1802721514,0.8472622172893199,-0.16574504866466117,1.092399933,0.9107425697695565,0.6147870216955098,0.7285940558156452,0.4479301695999525
0.1794539236,0.8478499922639962,-0.16505155475326064,1.091930618,0.9111308156391464,0.6143664733274985,0.7289046525113172,0.4478145807553837
0.178636263,0.8484381750266918,-0.1643580608085281,1.091462078,0.9115189611695007,0.613945839146112,0.7292151689356006,0.4476986188102411
0.1778191693,0.8490267657931895,-0.16366456690955805,1.090994311,0.9119070059935083,0.6135251198563637,0.7295256047948067,0.44758228412002
0.177002642,0.8496157649236611,-0.16297107296550986,1.090527316,0.9122949498394427,0.6131043160604306,0.7298359598715543,0.44746557701335715
0.1761866808,0.8502051726345311,-0.16227757905509965,1.090061092,0.9126827923409987,0.6126834284636128,0.730146233872799,0.44734849784898134
0.1753712852,0.8507949892870158,-0.1615840850868722,1.089595638,0.9130705332273376,0.6122624576681903,0.73045642658187,0.44723104695853977
0.174556455,0.8513852150257009,-0.1608905912243016,1.089130954,0.9134581720853769,0.6118414044314465,0.7307665376683016,0.4471132247184792
0.1737421896,0.8519758502851383,-0.16019709729029405,1.088667037,0.9138457086927095,0.611420269304159,0.7310765669541677,0.44699503144907726
0.1729284887,0.8525668952830509,-0.15950360336280292,1.088203887,0.9142331426846427,0.610999052992202,0.7313865141477143,0.4468764675155212
0.1721153519,0.8531583503099751,-0.15881010943445004,1.087741504,0.9146204737444719,0.6105777561498957,0.7316963789955775,0.4467575332701234
0.1713027788,0.8537502156568777,-0.15811661549760522,1.087279885,0.9150077015559162,0.610156379431658,0.732006161244733,0.4466382290667527
0.170490769,0.8543424916151561,-0.15742312154438598,1.08681903,0.9153948258031195,0.609734923492005,0.7323158606424957,0.44651855526083384
0.1696793222,0.8549351784035497,-0.15672962765214934,1.086358938,0.9157818461229454,0.6093133890375219,0.7326254768983564,0.44639851222416826
0.1688684379,0.855528276387212,-0.1560361337271302,1.085899608,0.9161687622480522,0.6088917766710401,0.7329350097984418,0.44627810030057946
0.1680581157,0.8561217858588438,-0.15534263976068288,1.085441039,0.9165555738638591,0.6084700870473694,0.7332444590910874,0.4461573198501552
0.1672483553,0.8567157070381867,-0.15464914582957867,1.08498323,0.9169422806084442,0.6080483208735253,0.7335538244867554,0.4460361712495244
0.1664391563,0.8573100402185118,-0.153955651924839,1.084526179,0.9173288821680163,0.6076264788046513,0.7338631057344132,0.44591465486204696
0.1656305182,0.8579047857671303,-0.15326215795143794,1.084069886,0.9177153782770164,0.6072045614437886,0.7341723026216131,0.4457927710375331
0.1648224408,0.8584999438310958,-0.15256866407140474,1.08361435,0.9181017685269132,0.6067825695506296,0.7344814148215306,0.44567052017259023
0.1640149235,0.859095514852306,-0.15187517010334797,1.08315957,0.9184880527008251,0.6063605036761688,0.7347904421606601,0.4455479026049726
0.1632079661,0.8596914989782927,-0.15118167620901815,1.082705545,0.9188742303909931,0.6059383645804767,0.7350993843127945,0.44542491873461004
0.1624015681,0.8602878965782428,-0.1504881822922966,1.082252273,0.919260301333582,0.6055161528669446,0.7354082410668656,0.44530156891745504
0.1615957291,0.860884707948088,-0.14979468834265477,1.081799754,0.9196462652173575,0.6050938691913067,0.7357170121738861,0.4451778535261644
0.1607904488,0.8614819333099943,-0.14910119443545095,1.081347987,0.9200321216835858,0.6046715142618675,0.7360256973468687,0.4450537729503781
0.1599857267,0.8620795730348015,-0.14840770047360594,1.08089697,0.920417870469772,0.6042490886821793,0.7363342963758176,0.4449293275505215
0.1591815625,0.8626776273453711,-0.14771420653207437,1.080446703,0.9208035112179959,0.6038265931608358,0.7366428089743967,0.4448045177194383
0.1583779558,0.8632760965391293,-0.14702071259946004,1.079997185,0.9211890436186712,0.6034040283541041,0.736951234894937,0.4446793438361366
0.1575749063,0.8638749808393285,-0.14632721875049098,1.079548414,0.9215744673146334,0.6029813949710026,0.7372595738517068,0.44455380629682906
0.1567724134,0.8644742806934577,-0.14563372480052816,1.07910039,0.9219597820931412,0.6025586935627403,0.7375678256745131,0.44442790545234556
0.1559704768,0.8650739963257856,-0.14494023082371146,1.078653112,0.9223449875979046,0.6021359248384908,0.7378759900783237,0.4443016417019285
0.1551690962,0.8656741279606264,-0.1442467368941541,1.078206578,0.9227300834729831,0.6017130895077073,0.7381840667783865,0.44417501544658666
0.1543682712,0.8662746758973809,-0.1435532429993167,1.077760788,0.9231150694108692,0.601290188227292,0.7384920555286953,0.44404802707320895
0.1535680013,0.8668756405110593,-0.1428597490397056,1.07731574,0.9234999451525863,0.6008672216013723,0.7387999561220691,0.4439206769542834
0.1527682863,0.8674770219517965,-0.14216625517556225,1.076871434,0.9238847102952966,0.6004441903927578,0.7391077682362374,0.4437929655116056
0.1519691256,0.868078820670782,-0.14147276122011007,1.076427869,0.9242693646290027,0.600021095152858,0.7394154917032022,0.44366489310474433
0.1511705189,0.8686810368941251,-0.14077926724642623,1.075985043,0.924653907799807,0.5995979365918539,0.7397231262398457,0.44353646014268694
0.1503724659,0.8692836708479845,-0.14008577332755998,1.075542955,0.9250383394541629,0.5991747154202072,0.7400306715633304,0.4434076670361833
0.1495749662,0.86988672283424,-0.13939227944954194,1.075101606,0.9254226592870753,0.5987514322955604,0.7403381274296603,0.4432785141815222
0.1487780193,0.8704901932310154,-0.13869878551108453,1.074660992,0.925806867042197,0.5983280878225155,0.7406454936337576,0.44314900196024926
0.1479816249,0.8710940822655672,-0.13800529158460528,1.074221115,0.9261909623672101,0.5979046827119731,0.7409527698937681,0.443019130787891
0.1471857826,0.8716983902411902,-0.13731179765532156,1.073781972,0.9265749449584068,0.5974812176218821,0.7412599559667254,0.44288890106534184
0.146390492,0.8723031174616546,-0.1366183037081781,1.073343562,0.9269588145125082,0.5970576932102943,0.7415670516100066,0.44275831319502984
0.1455957528,0.87290826415501,-0.1359248098151371,1.072905885,0.9273425706783689,0.5966341101886846,0.7418740565426951,0.4426273675974208
0.1448015645,0.873513830701967,-0.13523131587342613,1.07246894,0.9277262132018277,0.5962104691620789,0.7421809705614621,0.4424960646616164
0.1440079268,0.8741198173313216,-0.1345378219545797,1.072032725,0.9281097417325597,0.595786770842247,0.7424877933860478,0.4423644048112588
0.1432148393,0.874726224348442,-0.1338443280426268,1.07159724,0.9284931559689479,0.595363015887786,0.7427945247751584,0.44223238845507307
0.1424223016,0.8753330520591791,-0.13315083412132028,1.071162484,0.9288764556098051,0.5949392049573973,0.7431011644878441,0.4421000160033141
0.1416303133,0.8759403007698674,-0.1324573401741366,1.070728455,0.9292596403543744,0.594515338709886,0.7434077122834996,0.44196728786776623
0.1408388741,0.8765479707104943,-0.13176384627192902,1.070295152,0.929642709853918,0.5940914178577474,0.7437141678831344,0.4418342044785861
0.1400479835,0.8771560622649881,-0.13107035231008524,1.069862575,0.9300256638569127,0.5936674430064985,0.7440205310855301,0.4417007662338837
0.1392576412,0.8777645756640987,-0.13037685835902363,1.069430723,0.930408502015444,0.5932434148689322,0.7443268016123552,0.4415669735669838
0.1384678469,0.8783735111386394,-0.1296833644891263,1.068999594,0.9307912239819525,0.5928193341581217,0.744632979185562,0.44143282691296337
0.1376786,0.8789828691512699,-0.12898987050704425,1.068569188,0.9311738295546941,0.5923952014261396,0.7449390636437553,0.4412983266574422
0.1368899003,0.8795926498565273,-0.12829637657049708,1.068139504,0.9315563183384845,0.591971017440031,0.7452450546707876,0.44116347325561767
0.1361017474,0.8802028535635364,-0.12760288266137085,1.06771054,0.9319386900354683,0.5915467828596023,0.7455509520283746,0.4410282671302987
0.1353141409,0.8808134805819188,-0.12690938876126887,1.067282296,0.9323209443482218,0.5911224983447649,0.7458567554785774,0.44089270870581715
0.1345270804,0.8814245312217934,-0.1262158948515117,1.06685477,0.9327030809813784,0.5906981645465929,0.7461624647851028,0.44075679840212195
0.1337405655,0.8820360057937788,-0.12552240091313663,1.066427963,0.9330850996593448,0.5902737820115602,0.7464680797274759,0.440620536571644
0.1329545958,0.8826479046089942,-0.1248289069268971,1.066001871,0.9334670000935209,0.5898493513637942,0.7467736000748167,0.44048392361973615
0.1321691711,0.8832602278230327,-0.12413541304991298,1.065576496,0.9338487818925105,0.58942487336911,0.7470790255140085,0.44034696001031254
0.1313842908,0.8838729759036177,-0.12344191908596007,1.065151835,0.9342304448598773,0.5890003485766728,0.7473843558879019,0.4402096461387263
0.1305999547,0.8844861490069189,-0.12274842519183166,1.064727888,0.9346119886052795,0.5885757777513558,0.7476895908842236,0.44007198247127494
0.1298161623,0.8850997475237657,-0.12205493125899516,1.064304654,0.9349934128848113,0.5881511614952347,0.7479947303078491,0.4399339694228763
0.1290329133,0.885713771689033,-0.12136143735552764,1.063882131,0.9353747173578226,0.587726500518138,0.7482997738862581,0.43979560744468443
0.1282502072,0.8863282218947861,-0.12066794337219795,1.06346032,0.9357559017815739,0.5873017954209513,0.7486047214252591,0.4396568969536558
0.1274680438,0.886943098298038,-0.11997444946532317,1.063039218,0.9361369657677798,0.5868770469668149,0.7489095726142239,0.4395178384210151
0.1266864226,0.8875584012917704,-0.11928095552515496,1.062618825,0.9365179090748127,0.5864522557555619,0.7492143272598502,0.43937843226592493
0.1259053433,0.8881741311121462,-0.11858746161904368,1.062199139,0.936898731364154,0.5860274224951305,0.7495189850913233,0.43923867894423435
0.1251248054,0.8887902881533963,-0.11789396763653717,1.061780161,0.9372794323953436,0.5856025477841789,0.749823545916275,0.4390985788771379
0.1243448087,0.8894068725733958,-0.1172004737334665,1.061361889,0.9376600117821554,0.5851776323841459,0.7501280094257243,0.43895813254077765
0.1235653527,0.8900238847673039,-0.1165069797988571,1.060944321,0.9380404692852422,0.5847526768926523,0.7504323754281939,0.4388173403585482
0.1227864371,0.8906413249725921,-0.11581348589932274,1.060527457,0.93842080456822,0.5843276820157773,0.750736643654576,0.43867620279098307
0.1220080615,0.891259193506249,-0.11511999201230456,1.060111297,0.9388010173440533,0.5839026484046105,0.7510408138752427,0.4385347202817083
0.1212302254,0.8918774907653324,-0.11442649802576146,1.059695838,0.9391811073751472,0.5834775766550385,0.7513448859001177,0.43839289325715713
0.1204529286,0.8924962169089019,-0.11373300409485934,1.05928108,0.9395610742778684,0.5830524675263825,0.7516488594222948,0.43825072219955996
0.1196761707,0.8931153722551934,-0.11303951019633937,1.058867023,0.9399409177668258,0.5826273216682665,0.7519527342134606,0.43810820755591845
0.1188999512,0.8937349572028473,-0.11234601621727348,1.058453664,0.9403206376061227,0.5822021396749901,0.7522565100848982,0.43796534975586854
0.1181242699,0.894354971911517,-0.11165252231249476,1.058041003,0.9407002334136627,0.581776922304677,0.7525601867309302,0.4378221492853536
0.1173491263,0.8949754167807954,-0.11095902836854192,1.05762904,0.9410797049546639,0.5813516701506214,0.7528637639637311,0.4376786065761983
0.1165745201,0.8955962920508346,-0.11026553445052661,1.057217773,0.9414590518970187,0.580926383915276,0.753167241517615,0.43753472209827143
0.1158004509,0.8962175980421986,-0.10957204053388739,1.056807201,0.9418382739581155,0.5805010642457761,0.7534706191664924,0.4373904963040727
0.1150269183,0.8968393350759881,-0.10887854659376338,1.056397323,0.9422173708559084,0.580075711788741,0.7537738966847267,0.43724592964716574
0.114253922,0.8974615033932992,-0.10818505269473916,1.055988138,0.9425963422598834,0.5796503272453261,0.7540770738079068,0.4371010226009511
0.1134814615,0.898084103396633,-0.10749155872172965,1.055579646,0.9429751879381288,0.5792249112061548,0.7543801503505031,0.4369557756024559
0.1127095366,0.8987071352471772,-0.10679806482871163,1.055171845,0.9433539075121586,0.5787994644265793,0.754683126009727,0.4368101891462066
0.1119381468,0.8993305993484061,-0.10610457090005808,1.054764735,0.9437325007511775,0.5783739874962447,0.7549860006009421,0.4366642636714091
0.1111672918,0.8999544959428044,-0.10541107699958005,1.054358313,0.9441109673268164,0.5779484811145612,0.7552887738614532,0.43651799965610616
0.1103969712,0.9005788253540583,-0.10471758310097674,1.053952581,0.9444893069603262,0.5775229459253406,0.755591445568261,0.4363713975605687
0.1096271845,0.9012035879876192,-0.10402408908752221,1.053547535,0.9448675194226666,0.577097382516586,0.7558940155381333,0.43622445782700836
0.1088579316,0.9018287839246223,-0.10333059520266592,1.053143177,0.9452456042888011,0.5766717916970172,0.756196483431041,0.4360771809751622
0.1080892119,0.9024544136526125,-0.10263710123907512,1.052739503,0.9456235613799305,0.5762461739984172,0.7564988491039445,0.43592956743035394
0.1073210252,0.90308047733437,-0.10194360734984147,1.052336515,0.9460013903211898,0.5758205301734562,0.7568011122569519,0.43578161769565943
0.106553371,0.9037069753773314,-0.10125011341713816,1.05193421,0.9463790908857741,0.5753948608082292,0.7571032727086193,0.43563333221763084
0.105786249,0.9043339080263785,-0.10055661950344637,1.051532587,0.9467566627490606,0.5749691665991972,0.7574053301992485,0.43548471148245166
0.1050196588,0.9049612756083937,-0.0998631255806931,1.051131647,0.9471341056361698,0.5745434481869421,0.7577072845089359,0.4353357559581284
0.1042536,0.9055890784508196,-0.09916963162049545,1.050731387,0.9475114192727911,0.5741177062115562,0.758009135418233,0.4351864661137208
0.1034880723,0.9062173167995374,-0.09847613768478226,1.050331807,0.9478886033359017,0.5736919413682829,0.7583108826687215,0.43503684243891505
0.1027230753,0.9068459909827735,-0.09778264374473782,1.049932906,0.9482656575522752,0.5732661542963671,0.7586125260418202,0.4348868854050469
0.1019586087,0.9074751012469676,-0.0970891498619827,1.049534682,0.9486425815999394,0.5728403456902912,0.7589140652799515,0.43473659550419164
0.101194672,0.9081046480036001,-0.09639565591645566,1.049137136,0.9490193752560846,0.5724145161326976,0.7592155002048677,0.4345859731902133
0.1004312649,0.9087346315000178,-0.09570216196927711,1.048740265,0.9493960381998416,0.5719886663171904,0.7595168305598734,0.43443501895740144
0.09966838709,0.9093650519919486,-0.09500866807241234,1.04834407,0.949772570115778,0.5715627969314778,0.7598180560926224,0.4342837332993378
0.09890603811,0.9099959098594929,-0.0943151741412403,1.047948549,0.9501489707630417,0.5711369085791125,0.7601191766104334,0.43413211668098334
0.09814421764,0.9106272053675064,-0.09362168021816025,1.047553701,0.9505252398322318,0.5707110019413724,0.7604201918657855,0.433980169596173
0.0973829253,0.9112589388308755,-0.09292818629078253,1.047159525,0.9509013770441117,0.5702850776656149,0.7607211016352894,0.4338278925279531
0.09662216073,0.9118911105483402,-0.09223469236468909,1.04676602,0.9512773821101131,0.5698591364099628,0.7610219056880906,0.43367528596447946
0.09586192356,0.9125237208273608,-0.09154119843612106,1.046373186,0.9516532547471551,0.5694331788265325,0.7613226037977241,0.43352235039303083
0.09510221342,0.9131567699758399,-0.09084770450107672,1.045981021,0.9520289946727053,0.5690072055670241,0.7616231957381643,0.4333690863019995
0.09434302996,0.9137902582854222,-0.09015421057358837,1.045589524,0.9524046015948839,0.5685812172939494,0.7619236812759071,0.43321549418494243
0.09358437281,0.9144241860648282,-0.08946071664920598,1.045198695,0.9527800752322467,0.5681552146582064,0.7622240601857975,0.4330615745325114
0.0928262416,0.915058553623224,-0.08876722272323652,1.044808533,0.9531554153038987,0.5677291983102825,0.762524332243119,0.4329073278364694
0.09206863597,0.9156933612618381,-0.08807372879989882,1.044419036,0.953530621524541,0.5673031689058818,0.7628244972196329,0.4327527545917338
0.09131155554,0.9163286092990948,-0.08738023486486535,1.044030203,0.9539056936193273,0.5668771270890599,0.7631245548954619,0.43259785529025707
0.09055499997,0.9169642980202823,-0.08668674094021575,1.043642034,0.9542806312941409,0.5664510735259847,0.7634245050353128,0.4324426304332964
0.08979896888,0.9176004277446806,-0.08599324701115556,1.043254528,0.954655434275228,0.5660250088599202,0.7637243474201825,0.4322870805150456
0.08904346191,0.9182369987752071,-0.08529975308098157,1.042867684,0.9550301022794722,0.5655989337449965,0.7640240818235777,0.4321312060349155
0.08828847871,0.9188740114067434,-0.08460625916195788,1.042481501,0.9554046350193373,0.5651728488406063,0.7643237080154699,0.4319750074955188
0.08753401889,0.9195114659683544,-0.08391276522936983,1.042095978,0.9557790322276781,0.5647467547831793,0.7646232257821426,0.4318184853923112
0.08678008211,0.9201493627473232,-0.08321927130421015,1.041711113,0.9561532936130879,0.5643206522369861,0.7649226348904703,0.4316616402322242
0.086026668,0.9207877020566866,-0.08252577737967492,1.041326907,0.9565274188995899,0.5638945418489796,0.765221935119672,0.431504472517097
0.08527377619,0.9214264842099428,-0.08183228344870946,1.040943358,0.9569014078117578,0.5634684242657212,0.7655211262494063,0.43134698274987315
0.08452140633,0.9220657095040486,-0.08113878952244899,1.040560465,0.9572752600647764,0.5630423001447141,0.7658202080518212,0.4311891714388009
0.08376955805,0.9227053782533582,-0.08044529559337438,1.040178227,0.9576489753843104,0.5626161701317676,0.7661191803074483,0.43103103908906565
0.08301823099,0.9233454907641655,-0.07975180166294732,1.039796644,0.9580225534916024,0.5621900348779783,0.766418042793282,0.430872586209067
0.0822674248,0.9239860473346477,-0.07905830774164116,1.039415714,0.9583959941034648,0.5617638950397532,0.7667167952827718,0.430713813310447
0.0815171391,0.9246270482890029,-0.07836481381198919,1.039035437,0.9587692969521764,0.5613377512561049,0.7670154375617412,0.4305547208996251
0.08076737354,0.9252684939262641,-0.07767131988400143,1.038655811,0.9591424617556399,0.5609116041827064,0.7673139694045119,0.4303953094904848
0.08001812776,0.9259103845544141,-0.07697782595822543,1.038276835,0.9595154882372757,0.560485454469196,0.7676123905898207,0.43023557959592157
0.07926940139,0.9265527204904463,-0.07628433202571322,1.03789851,0.9598883761260303,0.5600593027591574,0.7679107009008243,0.4300755317278115
0.07852119408,0.9271955020346354,-0.07559083809580425,1.037520833,0.9602611251414357,0.5596331497071962,0.7682089001131486,0.42991516640342226
0.07777350547,0.9278387294962459,-0.07489734416835385,1.037143804,0.9606337350085468,0.559206995961876,0.7685069880068375,0.429754484139013
0.0770263352,0.9284824031849728,-0.07420385024298523,1.036767422,0.9610062054529636,0.5587808421714056,0.7688049643623709,0.429593485451963
0.07627968291,0.9291265234109425,-0.0735103563190892,1.036391685,0.9613785362008316,0.5583546889836414,0.7691028289606653,0.429432170860771
0.07553354823,0.9297710904933602,-0.07281686238652484,1.036016594,0.9617507269838307,0.5579285370403756,0.7694005815870646,0.4292705408828851
0.07478793082,0.9304161047259424,-0.07212336846280502,1.035642147,0.96212277751922,0.5575023870001886,0.7696982220153761,0.4291085960433733
0.07404283031,0.931061566428753,-0.07142987453732702,1.035268343,0.962494687539769,0.5570762395041811,0.7699957500318152,0.428946336861925
0.07329824634,0.9317074759136609,-0.07073638060854426,1.034895182,0.9628664567738046,0.5566500951988184,0.7702931654190437,0.4287837638615098
0.07255417856,0.932353833484281,-0.07004288668399784,1.034522662,0.9632380849452046,0.5562239547359518,0.7705904679561637,0.4286208775684051
0.0718106266,0.9330006394620308,-0.06934939275235841,1.034150782,0.9636095717883799,0.5557978187556413,0.770887657430704,0.42845767850563127
0.07106759011,0.9336478941513847,-0.06865589882070593,1.033779542,0.9639809170282969,0.5553716879090654,0.7711847336226376,0.42829416720170727
0.07032506874,0.9342955978572123,-0.06796240489590884,1.03340894,0.9643521203904619,0.5549455628470812,0.7714816963123696,0.4281303441862889
0.06958306212,0.9349437509022621,-0.06726891096592438,1.033038976,0.964723181610924,0.5545194442087362,0.7717785452887392,0.42796620998573864
0.06884156991,0.9355923535835188,-0.06657541704651186,1.032669649,0.9650941004112752,0.554093332649975,0.7720752803290202,0.42780176513417045
0.06810059173,0.9362414062333796,-0.06588192311579344,1.032300958,0.9654648765336611,0.5536672288034306,0.7723719012269289,0.4276370101579507
0.06736012724,0.9368909091496784,-0.06518842918907457,1.031932901,0.9658355097007603,0.5532411333244011,0.7726684077606083,0.4274719455934394
0.06662017608,0.9375408626481829,-0.06449493526272077,1.031565479,0.9662059996458016,0.5528150468563674,0.7729647997166413,0.4273065719736777
0.06588073789,0.9381912670451139,-0.0638014413328555,1.03119869,0.9665763461025604,0.5523889700424838,0.7732610768820484,0.42714088983281656
0.06514181232,0.9388421226483319,-0.06310794740474893,1.030832532,0.966946548800348,0.5519629035313487,0.7735572390402785,0.42697489970836566
0.06440339901,0.9394934297749318,-0.062414453474058426,1.030467007,0.9673166074740291,0.5515368479654812,0.7738532859792233,0.4268086021367109
0.06366549761,0.9401451887336264,-0.06172095954560014,1.030102111,0.967686521854001,0.5511108039928564,0.7741492174832008,0.4266419976576074
0.06292810777,0.9407973998335394,-0.06102746562397119,1.029737845,0.968056291671202,0.5506847722611456,0.7744450333369617,0.4264750868119401
0.06219122912,0.9414500634019319,-0.060333971694721315,1.029374208,0.9684259166671457,0.5502587534061524,0.7747407333337166,0.42630787013717925
0.06145486132,0.9421031797399502,-0.05964047777139131,1.029011198,0.9687953965688436,0.5498327480807113,0.7750363172550749,0.4261403481787118
0.060719004,0.9427567491757693,-0.05894698383904506,1.028648815,0.969164731118902,0.5494067569200018,0.7753317848951217,0.4259725214762253
0.05998365682,0.9434107720113781,-0.05825348991077622,1.028287058,0.9695339200454166,0.5489807805762614,0.7756271360363334,0.4258043905773564
0.05924881942,0.9440652485669588,-0.057559995980601505,1.027925926,0.9699029630870643,0.5485548196898519,0.7759223704696514,0.42563595602630205
0.05851449146,0.944720179145312,-0.05686650206118404,1.027565417,0.9702718599730208,0.5481288749124322,0.7762174879784167,0.425467218372964
0.05778067256,0.9453755640853585,-0.05617300812717556,1.027205532,0.970640610453101,0.5477029468721619,0.7765124883624809,0.4252981781591661
0.05704736239,0.9460314036818416,-0.055479514200226655,1.026846269,0.971009214252543,0.547277036225916,0.7768073714020345,0.42512883593934975
0.05631456059,0.9466876982567146,-0.054786020273416586,1.026487628,0.9713776711122013,0.5468511436128723,0.777102136889761,0.4249591922621727
0.05558226681,0.9473444481234311,-0.05409252634904707,1.026129606,0.9717459807684478,0.5464252696777266,0.7773967846147583,0.4247892476797169
0.05485048069,0.9480016536048586,-0.053399032419714026,1.025772205,0.9721141429632322,0.5459994150590644,0.7776913143705858,0.4246190027428548
0.05411920188,0.9486593150153421,-0.0527055384872485,1.025415422,0.9724821574426187,0.5455735803873679,0.777985725954095,0.42444845799904124
0.05338843004,0.9493174326606447,-0.05201204456274767,1.025059256,0.9728500239484446,0.545147766293935,0.7782800191587557,0.4242776139955966
0.05265816481,0.9499760068649593,-0.05131855063810872,1.024703708,0.9732177422257668,0.5447219734075662,0.7785741937806135,0.4241064712803807
0.05192840583,0.9506350379529611,-0.05062505670497474,1.024348775,0.9735853120202588,0.5442962023563217,0.778868249616207,0.42393503040201713
0.05119915277,0.9512945262226612,-0.049931562783272355,1.023994457,0.9739527330630919,0.5438704537850433,0.7791621864504736,0.4237632919169656
0.05047040526,0.9519544720086539,-0.04923806885467427,1.023640754,0.9743200051061986,0.5434447283145085,0.779456004084959,0.42359125637306294
0.04974216296,0.9526148756188473,-0.04854457492914873,1.023287663,0.9746871278870071,0.5430190265822901,0.7797497023096057,0.42341892432599254
0.04901442551,0.9532757373797118,-0.047851080997395004,1.022935185,0.9750541011536371,0.5425933492135587,0.7800432809229098,0.42324629632749444
0.04828719257,0.9539370576000092,-0.04715758706893306,1.022583319,0.9754209246447347,0.5421676968444691,0.7803367397157879,0.42307337293483066
0.04756046379,0.9545988365980045,-0.046464093143532205,1.022232063,0.9757875981045968,0.5417420701046234,0.7806300784836775,0.4229001547036821
0.04683423882,0.955261074692406,-0.045770599220729166,1.021881417,0.9761541212781315,0.5413164696229176,0.7809232970225053,0.42272664219051165
0.0461085173,0.9559237722115046,-0.04507710529026852,1.021531379,0.9765204939159062,0.540890896021679,0.781216395132725,0.42255283595016563
0.04538329889,0.9565869294657868,-0.04438361136076681,1.021181949,0.9768867157590039,0.5404653499342593,0.7815093726072031,0.42237873654305547
0.04465858324,0.9572505467752999,-0.043690117431059924,1.020833127,0.9772527865541646,0.5400398319874542,0.7818022292433318,0.42220434452798605
0.04393437001,0.9579146244513635,-0.042996623509328744,1.02048491,0.9776187060436858,0.5396143428132419,0.7820949648349487,0.4220296604669564
0.04321065883,0.9585791628332647,-0.042303129574787,1.020137298,0.9779844739856351,0.539188883025281,0.7823875791885082,0.4218546849155053
0.04248744938,0.9592441622148365,-0.04160963565432185,1.019790291,0.9783500901134216,0.5387634532659338,0.7826800720907373,0.42167941844203566
0.04176474129,0.9599096229362847,-0.04091614172666775,1.019443888,0.9787155541863358,0.53833805414748,0.7829724433490687,0.4215038616036357
0.04104253422,0.9605755453106908,-0.040222647799086235,1.019098087,0.9790808659491147,0.5379126862991622,0.7832646927592918,0.4213280149654386
0.04032082782,0.961241929660783,-0.03952915386901426,1.018752887,0.9794460251521611,0.5374873503436609,0.7835568201217289,0.4211518790909326
0.03959962175,0.961908776300495,-0.03883565994326975,1.018408288,0.9798110315414271,0.5370620469088782,0.7838488252331417,0.4209754545468306
0.03887891565,0.9625760855627006,-0.03814216600920592,1.01806429,0.9801758848735977,0.5366367766102498,0.7841407078988782,0.42079874189573346
0.03815870919,0.9632438577529514,-0.03744867208280698,1.01772089,0.9805405848907812,0.5362115400802437,0.784432467912625,0.420621741708375
0.03743900202,0.9639120931957422,-0.036755178160591415,1.017378088,0.9809051313458179,0.5357863379388677,0.7847241050766544,0.4204444545513758
0.03671979378,0.9645807922253367,-0.03606168422919075,1.017035884,0.9812695239972279,0.5353611707995489,0.7850156191977824,0.42026688098965764
0.03600108414,0.9652499551485653,-0.03536819030392525,1.016694276,0.981633762588942,0.5349360392927871,0.7853070100711537,0.42008902159632383
0.03528287275,0.9659195822912834,-0.03467469638060763,1.016353263,0.9819978468756323,0.5345109440366085,0.7855982775005059,0.41991087694032897
0.03456515925,0.9665896739891591,-0.033981202445141315,1.016012846,0.9823617766176542,0.5340858856424563,0.7858894212941234,0.4197324475889094
0.03384794332,0.9672602305409594,-0.03328770852184974,1.015673022,0.9827255515556896,0.5336608647448151,0.7861804412445518,0.41955373412002783
0.0331312246,0.9679312522832446,-0.03259421459617477,1.01533379,0.9830891714513126,0.5332358819538333,0.7864713371610501,0.41937473710248313
0.03241500274,0.9686027395437188,-0.03190072066297258,1.014995151,0.9834526360616394,0.5328109378849303,0.7867621088493115,0.4191954571083273
0.03169927741,0.9692746926317729,-0.03120722673623833,1.014657103,0.9838159451342446,0.5323860331647543,0.7870527561073958,0.4190158947154033
0.03098404826,0.9699471118759869,-0.030513732810375838,1.014319645,0.9841790984274617,0.5319611684074532,0.7873432787419694,0.4188360504973332
0.03026931494,0.9706199976054195,-0.02982023887954219,1.013982777,0.9845420957002348,0.5315363442265334,0.7876336765601879,0.4186559250285061
0.02955507712,0.9712933501307428,-0.02912674495707157,1.013646497,0.9849049367019606,0.5311115612467586,0.7879239493615685,0.41847551888913465
0.02884133444,0.9719671697913475,-0.02843325102694543,1.013310804,0.9852676211978829,0.530686820074428,0.7882140969583064,0.4182948326526405
0.02812808657,0.9726414568987802,-0.027739757102047624,1.012975699,0.9856301489386136,0.5302621213330599,0.7885041191508909,0.41811386690080726
0.02741533316,0.9733162117839148,-0.02704626317560055,1.012641179,0.9859925196855359,0.5298374656336509,0.7887940157484288,0.4179326222111376
0.02670307387,0.973991434768626,-0.026352769250315457,1.012307245,0.9863547331957753,0.5294128536170267,0.7890837865566203,0.41775109918386916
0.02599130835,0.9746671261847244,-0.025659275318933222,1.011973894,0.9867167892323472,0.5289882859262981,0.7893734313858778,0.4175692984245758
0.02528003627,0.9753432863454851,-0.024965781393449668,1.011641127,0.9870786875484505,0.5285637631765363,0.7896629500387604,0.41738722051357235
0.02456925728,0.9760199155836221,-0.024272287466141865,1.011308942,0.9874404279080866,0.5281392859701137,0.7899523423264694,0.4172048660267204
0.02385897104,0.9766970142228037,-0.023578793538800952,1.010977339,0.9878020100708007,0.5277148549150096,0.7902416080566406,0.41702223554341394
0.02314917721,0.9773745825871404,-0.022885299612991645,1.010646317,0.9881634337967693,0.5272904706188475,0.7905307470374154,0.41683932964402787
0.02243987544,0.9780526210107533,-0.022191805680269773,1.010315874,0.9885246988518936,0.5268661336829137,0.7908197590815149,0.41665614890733105
0.0217310654,0.9787311298091025,-0.021498311751512386,1.009986011,0.9888858049925199,0.5264418447201065,0.7911086439940159,0.4164726939182317
0.02102274675,0.9794101093076358,-0.020804817827599485,1.009656725,0.9892467519807173,0.5260176043369972,0.791397401584574,0.4162889652600421
0.02031491914,0.9800895598418545,-0.020111323899382083,1.009328017,0.9896075395842837,0.5255934131338179,0.791686031667427,0.4161049635144508
0.01960758223,0.9807694817381449,-0.019417829967261057,1.008999885,0.9899681675665536,0.52516927171644,0.7919745340532429,0.4159206892667085
0.01890073569,0.9814498753137121,-0.018724336041222023,1.008672329,0.9903286356863931,0.5247451806963952,0.7922629085491145,0.4157361431056567
0.01819437917,0.982130740905453,-0.018030842111403583,1.008345347,0.9906889437134966,0.5243211406728806,0.7925511549707973,0.4155513256158974
0.01748851234,0.9828120788314552,-0.01733734818734133,1.008018939,0.9910490914079904,0.5238971522567576,0.7928392731263924,0.4153662373882346
0.01678313485,0.9834938894295527,-0.016643854258697,1.007693105,0.9914090785408342,0.5234732160465444,0.7931272628326673,0.41518087900920925
0.01607824637,0.9841761730187213,-0.015950360334553985,1.007367842,0.991768904873414,0.5230493326524425,0.7934151238987313,0.41499525107158636
0.01537384655,0.98485892993774,-0.015256866404093305,1.007043151,0.9921285701779553,0.5226255026723,0.7937028561423642,0.41480935416384335
0.01466993506,0.9855421605064779,-0.014563372475944667,1.00671903,0.9924880742171044,0.522201726715667,0.7939904593736835,0.41462318888070315
0.01396651156,0.9862258650549391,-0.013869878548667959,1.006395478,0.9928474167592435,0.521778005385756,0.7942779334073948,0.4144367558152308
0.01326357571,0.9869100439135927,-0.013176384620587123,1.006072495,0.9932065975733864,0.5213543392854557,0.7945652780587091,0.4142500555614627
0.01256112718,0.9875946974036196,-0.01248289069966641,1.005750081,0.9935656164240666,0.5209307290233658,0.7948524931392533,0.4140630887170711
0.01185916561,0.9882798258759156,-0.011789396764011785,1.005428233,0.9939244730917833,0.520507175189674,0.7951395784734268,0.41387585587271153
0.01115769069,0.9889654296330515,-0.011095902840884977,1.005106951,0.9942831673321075,0.5200836784044178,0.7954265338656861,0.4136883576333422
0.01045670206,0.9896515090268766,-0.010402408907909373,1.004786235,0.9946416989268029,0.5196602392571498,0.7957133591414424,0.4135005945915523
0.009756199403,0.9903380643676482,-0.00970891498499931,1.004466083,0.9950000676362745,0.5192368583630789,0.7960000541090196,0.4133125673524081
0.009056182368,0.9910250959993651,-0.009015421058197548,1.004146494,0.9953582732389483,0.5188135363165681,0.7962866185911587,0.41312427651284134
0.008356650621,0.9917126042498421,-0.008321927130135909,1.003827469,0.9957163155051854,0.5183902737219472,0.7965730524041483,0.4129357226753135
0.007657603828,0.9924005894473386,-0.007628433203221966,1.003509005,0.996074194205976,0.5179670711832473,0.7968593553647808,0.41274690644326595
0.006959041651,0.9930890519245054,-0.006934939275665438,1.003191103,0.9964319091149885,0.5175439293017808,0.7971455272919908,0.4125578284200369
0.006260963754,0.9937779920124868,-0.0062414453474279865,1.00287376,0.9967894600054977,0.5171208486797737,0.7974315680043982,0.4123684892104771
0.005563369803,0.9944674100409108,-0.005547951420227362,1.002556977,0.997146846650384,0.5166978299203712,0.7977174773203073,0.41217888942095565
0.004866259461,0.9951573063428258,-0.0048544574925699505,1.002240753,0.997504068824695,0.5162748736246087,0.798003255059756,0.4119890296580019
0.004169632393,0.995847681249767,-0.0041609635647173555,1.001925086,0.9978611263030837,0.5158519803944454,0.798288901042467,0.411798910529662
0.003473488265,0.996538535092735,-0.0034674696376973055,1.001609977,0.9982180188603375,0.5154291508504333,0.79857441508827,0.41160853265982844
0.002777826741,0.9972298682051759,-0.002773975710313931,1.001295423,0.9985747462809192,0.5150063922893029,0.7988597970247354,0.4114179020106738
0.002082647486,0.997921680920007,-0.00208048178213511,1.000981424,0.998931308330599,0.5145836890284019,0.7991450466644792,0.4112270061813821
0.001387950168,0.9986139735676196,-0.001386987855490603,1.00066798,0.9992877047735459,0.514161034562517,0.7994301638188368,0.4110358400895756
0.00069373445,0.9993067464838468,-0.0006934939274891561,1.00035509,0.9996439353957715,0.5137384548790694,0.7997151483166172,0.4108444246395648
0.0,1.0,0.0,1.000042752,1.0,0.5133160084063738,0.8,0.4106528067250991
