z,H_over_H0,dL,w_phi,w_tot
0.000000000e+00,1.000042752e+00,0.000000000e+00,-9.998830378e-01,-7.000256393e-01
6.937344500e-04,1.000355090e+00,6.940776681e-04,-9.998823695e-01,-6.995885795e-01
1.387950168e-03,1.000667980e+00,1.389383018e-03,-9.998816979e-01,-6.991511566e-01
2.082647486e-03,1.000981424e+00,2.085917388e-03,-9.998810231e-01,-6.987133710e-01
2.777826741e-03,1.001295423e+00,2.783682116e-03,-9.998803450e-01,-6.982752233e-01
3.473488265e-03,1.001609977e+00,3.482678539e-03,-9.998796636e-01,-6.978367140e-01
4.169632393e-03,1.001925086e+00,4.182907996e-03,-9.998789789e-01,-6.973978435e-01
4.866259461e-03,1.002240753e+00,4.884371828e-03,-9.998782909e-01,-6.969586125e-01
5.563369803e-03,1.002556977e+00,5.587071374e-03,-9.998775996e-01,-6.965190213e-01
6.260963754e-03,1.002873760e+00,6.291007974e-03,-9.998769049e-01,-6.960790705e-01
6.959041651e-03,1.003191103e+00,6.996182970e-03,-9.998762068e-01,-6.956387607e-01
7.657603828e-03,1.003509005e+00,7.702597702e-03,-9.998755054e-01,-6.951980922e-01
8.356650621e-03,1.003827469e+00,8.410253513e-03,-9.998748006e-01,-6.947570657e-01
9.056182368e-03,1.004146494e+00,9.119151745e-03,-9.998740924e-01,-6.943156817e-01
9.756199403e-03,1.004466083e+00,9.829293740e-03,-9.998733808e-01,-6.938739406e-01
1.045670206e-02,1.004786235e+00,1.054068084e-02,-9.998726657e-01,-6.934318430e-01
1.115769069e-02,1.005106951e+00,1.125331440e-02,-9.998719472e-01,-6.929893895e-01
1.185916561e-02,1.005428233e+00,1.196719575e-02,-9.998712253e-01,-6.925465805e-01
1.256112718e-02,1.005750081e+00,1.268232624e-02,-9.998704998e-01,-6.921034166e-01
1.326357571e-02,1.006072495e+00,1.339870721e-02,-9.998697709e-01,-6.916598984e-01
1.396651156e-02,1.006395478e+00,1.411634002e-02,-9.998690384e-01,-6.912160263e-01
1.466993506e-02,1.006719030e+00,1.483522600e-02,-9.998683024e-01,-6.907718009e-01
1.537384655e-02,1.007043151e+00,1.555536651e-02,-9.998675629e-01,-6.903272227e-01
1.607824637e-02,1.007367842e+00,1.627676289e-02,-9.998668198e-01,-6.898822923e-01
1.678313485e-02,1.007693105e+00,1.699941649e-02,-9.998660732e-01,-6.894370102e-01
1.748851234e-02,1.008018939e+00,1.772332866e-02,-9.998653230e-01,-6.889913770e-01
1.819437917e-02,1.008345347e+00,1.844850074e-02,-9.998645691e-01,-6.885453933e-01
1.890073569e-02,1.008672329e+00,1.917493409e-02,-9.998638117e-01,-6.880990595e-01
1.960758223e-02,1.008999885e+00,1.990263006e-02,-9.998630506e-01,-6.876523762e-01
2.031491914e-02,1.009328017e+00,2.063158999e-02,-9.998622859e-01,-6.872053440e-01
2.102274675e-02,1.009656725e+00,2.136181524e-02,-9.998615175e-01,-6.867579635e-01
2.173106540e-02,1.009986011e+00,2.209330715e-02,-9.998607454e-01,-6.863102352e-01
2.243987544e-02,1.010315874e+00,2.282606709e-02,-9.998599696e-01,-6.858621596e-01
2.314917721e-02,1.010646317e+00,2.356009639e-02,-9.998591901e-01,-6.854137374e-01
2.385897104e-02,1.010977339e+00,2.429539642e-02,-9.998584069e-01,-6.849649691e-01
2.456925728e-02,1.011308942e+00,2.503196853e-02,-9.998576199e-01,-6.845158553e-01
2.528003627e-02,1.011641127e+00,2.576981406e-02,-9.998568292e-01,-6.840663966e-01
2.599130835e-02,1.011973894e+00,2.650893438e-02,-9.998560347e-01,-6.836165934e-01
2.670307387e-02,1.012307245e+00,2.724933083e-02,-9.998552364e-01,-6.831664465e-01
2.741533316e-02,1.012641179e+00,2.799100478e-02,-9.998544343e-01,-6.827159564e-01
2.812808657e-02,1.012975699e+00,2.873395758e-02,-9.998536284e-01,-6.822651237e-01
2.884133444e-02,1.013310804e+00,2.947819058e-02,-9.998528186e-01,-6.818139489e-01
2.955507712e-02,1.013646497e+00,3.022370515e-02,-9.998520050e-01,-6.813624326e-01
3.026931494e-02,1.013982777e+00,3.097050263e-02,-9.998511875e-01,-6.809105755e-01
3.098404826e-02,1.014319645e+00,3.171858438e-02,-9.998503660e-01,-6.804583781e-01
3.169927741e-02,1.014657103e+00,3.246795176e-02,-9.998495407e-01,-6.800058411e-01
3.241500274e-02,1.014995151e+00,3.321860614e-02,-9.998487115e-01,-6.795529650e-01
3.313122460e-02,1.015333790e+00,3.397054886e-02,-9.998478783e-01,-6.790997504e-01
3.384794332e-02,1.015673022e+00,3.472378129e-02,-9.998470411e-01,-6.786461979e-01
3.456515925e-02,1.016012846e+00,3.547830479e-02,-9.998462000e-01,-6.781923082e-01
3.528287275e-02,1.016353263e+00,3.623412072e-02,-9.998453548e-01,-6.777380818e-01
3.600108414e-02,1.016694276e+00,3.699123043e-02,-9.998445057e-01,-6.772835193e-01
3.671979378e-02,1.017035884e+00,3.774963529e-02,-9.998436525e-01,-6.768286214e-01
3.743900202e-02,1.017378088e+00,3.850933665e-02,-9.998427953e-01,-6.763733887e-01
3.815870919e-02,1.017720890e+00,3.927033589e-02,-9.998419340e-01,-6.759178218e-01
3.887891565e-02,1.018064290e+00,4.003263436e-02,-9.998410686e-01,-6.754619213e-01
3.959962175e-02,1.018408288e+00,4.079623343e-02,-9.998401991e-01,-6.750056878e-01
4.032082782e-02,1.018752887e+00,4.156113445e-02,-9.998393255e-01,-6.745491220e-01
4.104253422e-02,1.019098087e+00,4.232733880e-02,-9.998384478e-01,-6.740922244e-01
4.176474129e-02,1.019443888e+00,4.309484783e-02,-9.998375659e-01,-6.736349958e-01
4.248744938e-02,1.019790291e+00,4.386366291e-02,-9.998366799e-01,-6.731774367e-01
4.321065883e-02,1.020137298e+00,4.463378541e-02,-9.998357896e-01,-6.727195477e-01
4.393437001e-02,1.020484910e+00,4.540521668e-02,-9.998348951e-01,-6.722613296e-01
4.465858324e-02,1.020833127e+00,4.617795810e-02,-9.998339964e-01,-6.718027829e-01
4.538329889e-02,1.021181949e+00,4.695201104e-02,-9.998330935e-01,-6.713439083e-01
4.610851730e-02,1.021531379e+00,4.772737685e-02,-9.998321863e-01,-6.708847065e-01
4.683423882e-02,1.021881417e+00,4.850405690e-02,-9.998312748e-01,-6.704251780e-01
4.756046379e-02,1.022232063e+00,4.928205257e-02,-9.998303590e-01,-6.699653235e-01
4.828719257e-02,1.022583319e+00,5.006136521e-02,-9.998294389e-01,-6.695051437e-01
4.901442551e-02,1.022935185e+00,5.084199621e-02,-9.998285145e-01,-6.690446392e-01
4.974216296e-02,1.023287663e+00,5.162394692e-02,-9.998275857e-01,-6.685838107e-01
5.047040526e-02,1.023640754e+00,5.240721872e-02,-9.998266525e-01,-6.681226588e-01
5.119915277e-02,1.023994457e+00,5.319181297e-02,-9.998257149e-01,-6.676611842e-01
5.192840583e-02,1.024348775e+00,5.397773105e-02,-9.998247729e-01,-6.671993875e-01
5.265816481e-02,1.024703708e+00,5.476497432e-02,-9.998238265e-01,-6.667372695e-01
5.338843004e-02,1.025059256e+00,5.555354416e-02,-9.998228756e-01,-6.662748307e-01
5.411920188e-02,1.025415422e+00,5.634344194e-02,-9.998219203e-01,-6.658120719e-01
5.485048069e-02,1.025772205e+00,5.713466903e-02,-9.998209604e-01,-6.653489937e-01
5.558226681e-02,1.026129606e+00,5.792722679e-02,-9.998199961e-01,-6.648855968e-01
5.631456059e-02,1.026487628e+00,5.872111661e-02,-9.998190272e-01,-6.644218818e-01
5.704736239e-02,1.026846269e+00,5.951633986e-02,-9.998180538e-01,-6.639578495e-01
5.778067256e-02,1.027205532e+00,6.031289790e-02,-9.998170758e-01,-6.634935005e-01
5.851449146e-02,1.027565417e+00,6.111079212e-02,-9.998160932e-01,-6.630288355e-01
5.924881942e-02,1.027925926e+00,6.191002389e-02,-9.998151060e-01,-6.625638552e-01
5.998365682e-02,1.028287058e+00,6.271059458e-02,-9.998141142e-01,-6.620985603e-01
6.071900400e-02,1.028648815e+00,6.351250556e-02,-9.998131177e-01,-6.616329514e-01
6.145486132e-02,1.029011198e+00,6.431575822e-02,-9.998121166e-01,-6.611670293e-01
6.219122912e-02,1.029374208e+00,6.512035392e-02,-9.998111108e-01,-6.607007946e-01
6.292810777e-02,1.029737845e+00,6.592629405e-02,-9.998101002e-01,-6.602342481e-01
6.366549761e-02,1.030102111e+00,6.673357997e-02,-9.998090850e-01,-6.597673904e-01
6.440339901e-02,1.030467007e+00,6.754221308e-02,-9.998080649e-01,-6.593002222e-01
6.514181232e-02,1.030832532e+00,6.835219473e-02,-9.998070402e-01,-6.588327443e-01
6.588073789e-02,1.031198690e+00,6.916352632e-02,-9.998060106e-01,-6.583649573e-01
6.662017608e-02,1.031565479e+00,6.997620922e-02,-9.998049762e-01,-6.578968620e-01
6.736012724e-02,1.031932901e+00,7.079024481e-02,-9.998039370e-01,-6.574284590e-01
6.810059173e-02,1.032300958e+00,7.160563447e-02,-9.998028929e-01,-6.569597491e-01
6.884156991e-02,1.032669649e+00,7.242237957e-02,-9.998018439e-01,-6.564907330e-01
6.958306212e-02,1.033038976e+00,7.324048150e-02,-9.998007901e-01,-6.560214113e-01
7.032506874e-02,1.033408940e+00,7.405994164e-02,-9.997997313e-01,-6.555517849e-01
7.106759011e-02,1.033779542e+00,7.488076136e-02,-9.997986677e-01,-6.550818545e-01
7.181062660e-02,1.034150782e+00,7.570294205e-02,-9.997975990e-01,-6.546116207e-01
7.255417856e-02,1.034522662e+00,7.652648509e-02,-9.997965254e-01,-6.541410843e-01
7.329824634e-02,1.034895182e+00,7.735139186e-02,-9.997954467e-01,-6.536702459e-01
7.404283031e-02,1.035268343e+00,7.817766375e-02,-9.997943631e-01,-6.531991065e-01
7.478793082e-02,1.035642147e+00,7.900530213e-02,-9.997932744e-01,-6.527276666e-01
7.553354823e-02,1.036016594e+00,7.983430838e-02,-9.997921806e-01,-6.522559270e-01
7.627968291e-02,1.036391685e+00,8.066468390e-02,-9.997910818e-01,-6.517838885e-01
7.702633520e-02,1.036767422e+00,8.149643007e-02,-9.997899778e-01,-6.513115517e-01
7.777350547e-02,1.037143804e+00,8.232954826e-02,-9.997888687e-01,-6.508389175e-01
7.852119408e-02,1.037520833e+00,8.316403987e-02,-9.997877544e-01,-6.503659866e-01
7.926940139e-02,1.037898510e+00,8.399990627e-02,-9.997866350e-01,-6.498927596e-01
8.001812776e-02,1.038276835e+00,8.483714886e-02,-9.997855104e-01,-6.494192374e-01
8.076737354e-02,1.038655811e+00,8.567576901e-02,-9.997843805e-01,-6.489454207e-01
8.151713910e-02,1.039035437e+00,8.651576812e-02,-9.997832455e-01,-6.484713103e-01
8.226742480e-02,1.039415714e+00,8.735714758e-02,-9.997821051e-01,-6.479969069e-01
8.301823099e-02,1.039796644e+00,8.819990875e-02,-9.997809595e-01,-6.475222112e-01
8.376955805e-02,1.040178227e+00,8.904405305e-02,-9.997798085e-01,-6.470472241e-01
8.452140633e-02,1.040560465e+00,8.988958184e-02,-9.997786522e-01,-6.465719463e-01
8.527377619e-02,1.040943358e+00,9.073649653e-02,-9.997774906e-01,-6.460963785e-01
8.602666800e-02,1.041326907e+00,9.158479849e-02,-9.997763235e-01,-6.456205215e-01
8.678008211e-02,1.041711113e+00,9.243448912e-02,-9.997751511e-01,-6.451443761e-01
8.753401889e-02,1.042095978e+00,9.328556980e-02,-9.997739733e-01,-6.446679431e-01
8.828847871e-02,1.042481501e+00,9.413804193e-02,-9.997727899e-01,-6.441912232e-01
8.904346191e-02,1.042867684e+00,9.499190689e-02,-9.997716012e-01,-6.437142171e-01
8.979896888e-02,1.043254528e+00,9.584716607e-02,-9.997704069e-01,-6.432369258e-01
9.055499997e-02,1.043642034e+00,9.670382087e-02,-9.997692071e-01,-6.427593499e-01
9.131155554e-02,1.044030203e+00,9.756187267e-02,-9.997680018e-01,-6.422814902e-01
9.206863597e-02,1.044419036e+00,9.842132287e-02,-9.997667909e-01,-6.418033475e-01
9.282624160e-02,1.044808533e+00,9.928217286e-02,-9.997655744e-01,-6.413249227e-01
9.358437281e-02,1.045198695e+00,1.001444240e-01,-9.997643522e-01,-6.408462164e-01
9.434302996e-02,1.045589524e+00,1.010080778e-01,-9.997631245e-01,-6.403672294e-01
9.510221342e-02,1.045981021e+00,1.018731355e-01,-9.997618911e-01,-6.398879627e-01
9.586192356e-02,1.046373186e+00,1.027395985e-01,-9.997606520e-01,-6.394084169e-01
9.662216073e-02,1.046766020e+00,1.036074683e-01,-9.997594072e-01,-6.389285928e-01
9.738292530e-02,1.047159525e+00,1.044767463e-01,-9.997581566e-01,-6.384484913e-01
9.814421764e-02,1.047553701e+00,1.053474337e-01,-9.997569003e-01,-6.379681131e-01
9.890603811e-02,1.047948549e+00,1.062195322e-01,-9.997556382e-01,-6.374874591e-01
9.966838709e-02,1.048344070e+00,1.070930429e-01,-9.997543703e-01,-6.370065300e-01
1.004312649e-01,1.048740265e+00,1.079679674e-01,-9.997530965e-01,-6.365253267e-01
1.011946720e-01,1.049137136e+00,1.088443069e-01,-9.997518169e-01,-6.360438499e-01
1.019586087e-01,1.049534682e+00,1.097220630e-01,-9.997505314e-01,-6.355621005e-01
1.027230753e-01,1.049932906e+00,1.106012370e-01,-9.997492400e-01,-6.350800793e-01
1.034880723e-01,1.050331807e+00,1.114818303e-01,-9.997479426e-01,-6.345977871e-01
1.042536000e-01,1.050731387e+00,1.123638443e-01,-9.997466393e-01,-6.341152247e-01
1.050196588e-01,1.051131647e+00,1.132472804e-01,-9.997453300e-01,-6.336323930e-01
1.057862490e-01,1.051532587e+00,1.141321400e-01,-9.997440147e-01,-6.331492927e-01
1.065533710e-01,1.051934210e+00,1.150184245e-01,-9.997426933e-01,-6.326659246e-01
1.073210252e-01,1.052336515e+00,1.159061353e-01,-9.997413659e-01,-6.321822897e-01
1.080892119e-01,1.052739503e+00,1.167952738e-01,-9.997400324e-01,-6.316983887e-01
1.088579316e-01,1.053143177e+00,1.176858413e-01,-9.997386928e-01,-6.312142224e-01
1.096271845e-01,1.053547535e+00,1.185778394e-01,-9.997373470e-01,-6.307297918e-01
1.103969712e-01,1.053952581e+00,1.194712693e-01,-9.997359951e-01,-6.302450975e-01
1.111672918e-01,1.054358313e+00,1.203661325e-01,-9.997346369e-01,-6.297601405e-01
1.119381468e-01,1.054764735e+00,1.212624304e-01,-9.997332726e-01,-6.292749216e-01
1.127095366e-01,1.055171845e+00,1.221601644e-01,-9.997319020e-01,-6.287894416e-01
1.134814615e-01,1.055579646e+00,1.230593359e-01,-9.997305251e-01,-6.283037014e-01
1.142539220e-01,1.055988138e+00,1.239599462e-01,-9.997291419e-01,-6.278177018e-01
1.150269183e-01,1.056397323e+00,1.248619969e-01,-9.997277524e-01,-6.273314436e-01
1.158004509e-01,1.056807201e+00,1.257654892e-01,-9.997263565e-01,-6.268449278e-01
1.165745201e-01,1.057217773e+00,1.266704247e-01,-9.997249542e-01,-6.263581551e-01
1.173491263e-01,1.057629040e+00,1.275768046e-01,-9.997235455e-01,-6.258711264e-01
1.181242699e-01,1.058041003e+00,1.284846305e-01,-9.997221304e-01,-6.253838425e-01
1.188999512e-01,1.058453664e+00,1.293939036e-01,-9.997207088e-01,-6.248963044e-01
1.196761707e-01,1.058867023e+00,1.303046254e-01,-9.997192808e-01,-6.244085128e-01
1.204529286e-01,1.059281080e+00,1.312167974e-01,-9.997178462e-01,-6.239204687e-01
1.212302254e-01,1.059695838e+00,1.321304209e-01,-9.997164050e-01,-6.234321728e-01
1.220080615e-01,1.060111297e+00,1.330454972e-01,-9.997149573e-01,-6.229436261e-01
1.227864371e-01,1.060527457e+00,1.339620280e-01,-9.997135029e-01,-6.224548294e-01
1.235653527e-01,1.060944321e+00,1.348800144e-01,-9.997120420e-01,-6.219657836e-01
1.243448087e-01,1.061361889e+00,1.357994580e-01,-9.997105743e-01,-6.214764895e-01
1.251248054e-01,1.061780161e+00,1.367203601e-01,-9.997091000e-01,-6.209869480e-01
1.259053433e-01,1.062199139e+00,1.376427221e-01,-9.997076189e-01,-6.204971601e-01
1.266864226e-01,1.062618825e+00,1.385665455e-01,-9.997061311e-01,-6.200071265e-01
1.274680438e-01,1.063039218e+00,1.394918317e-01,-9.997046366e-01,-6.195168481e-01
1.282502072e-01,1.063460320e+00,1.404185820e-01,-9.997031352e-01,-6.190263259e-01
1.290329133e-01,1.063882131e+00,1.413467979e-01,-9.997016270e-01,-6.185355607e-01
1.298161623e-01,1.064304654e+00,1.422764808e-01,-9.997001119e-01,-6.180445533e-01
1.305999547e-01,1.064727888e+00,1.432076320e-01,-9.996985899e-01,-6.175533048e-01
1.313842908e-01,1.065151835e+00,1.441402531e-01,-9.996970610e-01,-6.170618159e-01
1.321691711e-01,1.065576496e+00,1.450743453e-01,-9.996955251e-01,-6.165700875e-01
1.329545958e-01,1.066001871e+00,1.460099102e-01,-9.996939823e-01,-6.160781205e-01
1.337405655e-01,1.066427963e+00,1.469469491e-01,-9.996924325e-01,-6.155859159e-01
1.345270804e-01,1.066854770e+00,1.478854634e-01,-9.996908756e-01,-6.150934745e-01
1.353141409e-01,1.067282296e+00,1.488254546e-01,-9.996893116e-01,-6.146007972e-01
1.361017474e-01,1.067710540e+00,1.497669240e-01,-9.996877405e-01,-6.141078850e-01
1.368899003e-01,1.068139504e+00,1.507098731e-01,-9.996861623e-01,-6.136147386e-01
1.376786000e-01,1.068569188e+00,1.516543032e-01,-9.996845769e-01,-6.131213590e-01
1.384678469e-01,1.068999594e+00,1.526002159e-01,-9.996829844e-01,-6.126277472e-01
1.392576412e-01,1.069430723e+00,1.535476124e-01,-9.996813846e-01,-6.121339040e-01
1.400479835e-01,1.069862575e+00,1.544964942e-01,-9.996797775e-01,-6.116398303e-01
1.408388741e-01,1.070295152e+00,1.554468628e-01,-9.996781632e-01,-6.111455270e-01
1.416303133e-01,1.070728455e+00,1.563987194e-01,-9.996765415e-01,-6.106509951e-01
1.424223016e-01,1.071162484e+00,1.573520657e-01,-9.996749125e-01,-6.101562355e-01
1.432148393e-01,1.071597240e+00,1.583069028e-01,-9.996732761e-01,-6.096612490e-01
1.440079268e-01,1.072032725e+00,1.592632324e-01,-9.996716323e-01,-6.091660366e-01
1.448015645e-01,1.072468940e+00,1.602210557e-01,-9.996699811e-01,-6.086705992e-01
1.455957528e-01,1.072905885e+00,1.611803742e-01,-9.996683224e-01,-6.081749377e-01
1.463904920e-01,1.073343562e+00,1.621411893e-01,-9.996666561e-01,-6.076790531e-01
1.471857826e-01,1.073781972e+00,1.631035025e-01,-9.996649824e-01,-6.071829463e-01
1.479816249e-01,1.074221115e+00,1.640673151e-01,-9.996633010e-01,-6.066866181e-01
1.487780193e-01,1.074660992e+00,1.650326285e-01,-9.996616121e-01,-6.061900696e-01
1.495749662e-01,1.075101606e+00,1.659994442e-01,-9.996599155e-01,-6.056933016e-01
1.503724659e-01,1.075542955e+00,1.669677636e-01,-9.996582112e-01,-6.051963151e-01
1.511705189e-01,1.075985043e+00,1.679375881e-01,-9.996564993e-01,-6.046991110e-01
1.519691256e-01,1.076427869e+00,1.689089191e-01,-9.996547796e-01,-6.042016903e-01
1.527682863e-01,1.076871434e+00,1.698817580e-01,-9.996530521e-01,-6.037040538e-01
1.535680013e-01,1.077315740e+00,1.708561063e-01,-9.996513169e-01,-6.032062026e-01
1.543682712e-01,1.077760788e+00,1.718319653e-01,-9.996495738e-01,-6.027081375e-01
1.551690962e-01,1.078206578e+00,1.728093366e-01,-9.996478228e-01,-6.022098595e-01
1.559704768e-01,1.078653112e+00,1.737882214e-01,-9.996460639e-01,-6.017113696e-01
1.567724134e-01,1.079100390e+00,1.747686212e-01,-9.996442971e-01,-6.012126686e-01
1.575749063e-01,1.079548414e+00,1.757505375e-01,-9.996425224e-01,-6.007137576e-01
1.583779558e-01,1.079997185e+00,1.767339716e-01,-9.996407396e-01,-6.002146374e-01
1.591815625e-01,1.080446703e+00,1.777189250e-01,-9.996389488e-01,-5.997153091e-01
1.599857267e-01,1.080896970e+00,1.787053991e-01,-9.996371499e-01,-5.992157736e-01
1.607904488e-01,1.081347987e+00,1.796933953e-01,-9.996353429e-01,-5.987160318e-01
1.615957291e-01,1.081799754e+00,1.806829150e-01,-9.996335278e-01,-5.982160846e-01
1.624015681e-01,1.082252273e+00,1.816739597e-01,-9.996317045e-01,-5.977159332e-01
1.632079661e-01,1.082705545e+00,1.826665308e-01,-9.996298730e-01,-5.972155783e-01
1.640149235e-01,1.083159570e+00,1.836606296e-01,-9.996280332e-01,-5.967150210e-01
1.648224408e-01,1.083614350e+00,1.846562576e-01,-9.996261852e-01,-5.962142622e-01
1.656305182e-01,1.084069886e+00,1.856534163e-01,-9.996243289e-01,-5.957133029e-01
1.664391563e-01,1.084526179e+00,1.866521070e-01,-9.996224642e-01,-5.952121440e-01
1.672483553e-01,1.084983230e+00,1.876523312e-01,-9.996205911e-01,-5.947107866e-01
1.680581157e-01,1.085441039e+00,1.886540903e-01,-9.996187096e-01,-5.942092315e-01
1.688684379e-01,1.085899608e+00,1.896573857e-01,-9.996168196e-01,-5.937074798e-01
1.696793222e-01,1.086358938e+00,1.906622189e-01,-9.996149211e-01,-5.932055324e-01
1.704907690e-01,1.086819030e+00,1.916685912e-01,-9.996130142e-01,-5.927033903e-01
1.713027788e-01,1.087279885e+00,1.926765041e-01,-9.996110986e-01,-5.922010545e-01
1.721153519e-01,1.087741504e+00,1.936859590e-01,-9.996091744e-01,-5.916985259e-01
1.729284887e-01,1.088203887e+00,1.946969573e-01,-9.996072416e-01,-5.911958055e-01
1.737421896e-01,1.088667037e+00,1.957095005e-01,-9.996053002e-01,-5.906928944e-01
1.745564550e-01,1.089130954e+00,1.967235900e-01,-9.996033500e-01,-5.901897934e-01
1.753712852e-01,1.089595638e+00,1.977392271e-01,-9.996013911e-01,-5.896865036e-01
1.761866808e-01,1.090061092e+00,1.987564134e-01,-9.995994233e-01,-5.891830259e-01
1.770026420e-01,1.090527316e+00,1.997751502e-01,-9.995974468e-01,-5.886793614e-01
1.778191693e-01,1.090994311e+00,2.007954390e-01,-9.995954614e-01,-5.881755109e-01
1.786362630e-01,1.091462078e+00,2.018172813e-01,-9.995934671e-01,-5.876714756e-01
1.794539236e-01,1.091930618e+00,2.028406783e-01,-9.995914638e-01,-5.871672564e-01
1.802721514e-01,1.092399933e+00,2.038656316e-01,-9.995894516e-01,-5.866628543e-01
1.810909469e-01,1.092870023e+00,2.048921426e-01,-9.995874304e-01,-5.861582702e-01
1.819103103e-01,1.093340889e+00,2.059202126e-01,-9.995854001e-01,-5.856535052e-01
1.827302422e-01,1.093812532e+00,2.069498432e-01,-9.995833607e-01,-5.851485603e-01
1.835507430e-01,1.094284954e+00,2.079810358e-01,-9.995813122e-01,-5.846434364e-01
1.843718129e-01,1.094758155e+00,2.090137917e-01,-9.995792545e-01,-5.841381347e-01
1.851934524e-01,1.095232136e+00,2.100481125e-01,-9.995771877e-01,-5.836326559e-01
1.860156619e-01,1.095706899e+00,2.110839995e-01,-9.995751115e-01,-5.831270013e-01
1.868384419e-01,1.096182444e+00,2.121214541e-01,-9.995730261e-01,-5.826211717e-01
1.876617926e-01,1.096658773e+00,2.131604779e-01,-9.995709314e-01,-5.821151682e-01
1.884857145e-01,1.097135887e+00,2.142010722e-01,-9.995688273e-01,-5.816089918e-01
1.893102080e-01,1.097613786e+00,2.152432384e-01,-9.995667138e-01,-5.811026434e-01
1.901352734e-01,1.098092472e+00,2.162869780e-01,-9.995645909e-01,-5.805961242e-01
1.909609113e-01,1.098571945e+00,2.173322924e-01,-9.995624584e-01,-5.800894350e-01
1.917871219e-01,1.099052207e+00,2.183791831e-01,-9.995603165e-01,-5.795825770e-01
1.926139057e-01,1.099533259e+00,2.194276514e-01,-9.995581649e-01,-5.790755511e-01
1.934412630e-01,1.100015102e+00,2.204776989e-01,-9.995560038e-01,-5.785683584e-01
1.942691943e-01,1.100497737e+00,2.215293268e-01,-9.995538330e-01,-5.780609998e-01
1.950977000e-01,1.100981165e+00,2.225825367e-01,-9.995516526e-01,-5.775534764e-01
1.959267805e-01,1.101465386e+00,2.236373300e-01,-9.995494624e-01,-5.770457891e-01
1.967564361e-01,1.101950403e+00,2.246937081e-01,-9.995472624e-01,-5.765379392e-01
1.975866672e-01,1.102436215e+00,2.257516725e-01,-9.995450527e-01,-5.760299274e-01
1.984174744e-01,1.102922825e+00,2.268112246e-01,-9.995428331e-01,-5.755217549e-01
1.992488578e-01,1.103410233e+00,2.278723658e-01,-9.995406035e-01,-5.750134227e-01
2.000808181e-01,1.103898440e+00,2.289350975e-01,-9.995383641e-01,-5.745049318e-01
2.009133555e-01,1.104387448e+00,2.299994212e-01,-9.995361147e-01,-5.739962832e-01
2.017464705e-01,1.104877256e+00,2.310653383e-01,-9.995338552e-01,-5.734874780e-01
2.025801634e-01,1.105367867e+00,2.321328502e-01,-9.995315857e-01,-5.729785172e-01
2.034144347e-01,1.105859282e+00,2.332019585e-01,-9.995293061e-01,-5.724694018e-01
2.042492847e-01,1.106351501e+00,2.342726644e-01,-9.995270163e-01,-5.719601329e-01
2.050847139e-01,1.106844526e+00,2.353449695e-01,-9.995247163e-01,-5.714507115e-01
2.059207227e-01,1.107338357e+00,2.364188752e-01,-9.995224061e-01,-5.709411386e-01
2.067573115e-01,1.107832995e+00,2.374943828e-01,-9.995200857e-01,-5.704314152e-01
2.075944806e-01,1.108328443e+00,2.385714939e-01,-9.995177549e-01,-5.699215425e-01
2.084322305e-01,1.108824700e+00,2.396502099e-01,-9.995154137e-01,-5.694115213e-01
2.092705616e-01,1.109321768e+00,2.407305323e-01,-9.995130621e-01,-5.689013529e-01
2.101094742e-01,1.109819648e+00,2.418124623e-01,-9.995107001e-01,-5.683910382e-01
2.109489688e-01,1.110318341e+00,2.428960016e-01,-9.995083275e-01,-5.678805782e-01
2.117890459e-01,1.110817848e+00,2.439811514e-01,-9.995059445e-01,-5.673699740e-01
2.126297057e-01,1.111318170e+00,2.450679133e-01,-9.995035508e-01,-5.668592267e-01
2.134709487e-01,1.111819308e+00,2.461562887e-01,-9.995011465e-01,-5.663483373e-01
2.143127753e-01,1.112321264e+00,2.472462791e-01,-9.994987315e-01,-5.658373068e-01
2.151551859e-01,1.112824037e+00,2.483378858e-01,-9.994963058e-01,-5.653261362e-01
2.159981809e-01,1.113327630e+00,2.494311103e-01,-9.994938694e-01,-5.648148268e-01
2.168417607e-01,1.113832044e+00,2.505259540e-01,-9.994914221e-01,-5.643033794e-01
2.176859258e-01,1.114337278e+00,2.516224184e-01,-9.994889640e-01,-5.637917951e-01
2.185306764e-01,1.114843336e+00,2.527205049e-01,-9.994864949e-01,-5.632800750e-01
2.193760132e-01,1.115350217e+00,2.538202150e-01,-9.994840149e-01,-5.627682202e-01
2.202219363e-01,1.115857922e+00,2.549215501e-01,-9.994815239e-01,-5.622562317e-01
2.210684463e-01,1.116366454e+00,2.560245115e-01,-9.994790219e-01,-5.617441105e-01
2.219155435e-01,1.116875812e+00,2.571291009e-01,-9.994765087e-01,-5.612318577e-01
2.227632284e-01,1.117385998e+00,2.582353195e-01,-9.994739845e-01,-5.607194745e-01
2.236115014e-01,1.117897013e+00,2.593431689e-01,-9.994714490e-01,-5.602069617e-01
2.244603629e-01,1.118408858e+00,2.604526505e-01,-9.994689023e-01,-5.596943205e-01
2.253098132e-01,1.118921534e+00,2.615637657e-01,-9.994663443e-01,-5.591815520e-01
2.261598528e-01,1.119435043e+00,2.626765159e-01,-9.994637750e-01,-5.586686572e-01
2.270104822e-01,1.119949385e+00,2.637909026e-01,-9.994611943e-01,-5.581556371e-01
2.278617016e-01,1.120464561e+00,2.649069273e-01,-9.994586022e-01,-5.576424929e-01
2.287135116e-01,1.120980572e+00,2.660245914e-01,-9.994559986e-01,-5.571292257e-01
2.295659125e-01,1.121497420e+00,2.671438962e-01,-9.994533835e-01,-5.566158363e-01
2.304189047e-01,1.122015105e+00,2.682648434e-01,-9.994507569e-01,-5.561023261e-01
2.312724887e-01,1.122533630e+00,2.693874342e-01,-9.994481186e-01,-5.555886959e-01
2.321266648e-01,1.123052994e+00,2.705116701e-01,-9.994454686e-01,-5.550749469e-01
2.329814335e-01,1.123573198e+00,2.716375527e-01,-9.994428069e-01,-5.545610802e-01
2.338367952e-01,1.124094245e+00,2.727650833e-01,-9.994401335e-01,-5.540470968e-01
2.346927503e-01,1.124616135e+00,2.738942633e-01,-9.994374482e-01,-5.535329978e-01
2.355492992e-01,1.125138868e+00,2.750250943e-01,-9.994347511e-01,-5.530187843e-01
2.364064423e-01,1.125662447e+00,2.761575776e-01,-9.994320420e-01,-5.525044573e-01
2.372641801e-01,1.126186872e+00,2.772917147e-01,-9.994293210e-01,-5.519900180e-01
2.381225129e-01,1.126712145e+00,2.784275070e-01,-9.994265879e-01,-5.514754673e-01
2.389814411e-01,1.127238266e+00,2.795649560e-01,-9.994238428e-01,-5.509608064e-01
2.398409652e-01,1.127765236e+00,2.807040631e-01,-9.994210856e-01,-5.504460364e-01
2.407010856e-01,1.128293057e+00,2.818448298e-01,-9.994183162e-01,-5.499311583e-01
2.415618027e-01,1.128821730e+00,2.829872575e-01,-9.994155345e-01,-5.494161732e-01
2.424231169e-01,1.129351255e+00,2.841313477e-01,-9.994127406e-01,-5.489010822e-01
2.432850286e-01,1.129881634e+00,2.852771017e-01,-9.994099344e-01,-5.483858865e-01
2.441475383e-01,1.130412869e+00,2.864245211e-01,-9.994071158e-01,-5.478705869e-01
2.450106463e-01,1.130944959e+00,2.875736073e-01,-9.994042847e-01,-5.473551847e-01
2.458743530e-01,1.131477906e+00,2.887243617e-01,-9.994014412e-01,-5.468396810e-01
2.467386590e-01,1.132011712e+00,2.898767858e-01,-9.993985851e-01,-5.463240767e-01
2.476035646e-01,1.132546377e+00,2.910308810e-01,-9.993957165e-01,-5.458083731e-01
2.484690701e-01,1.133081903e+00,2.921866487e-01,-9.993928351e-01,-5.452925712e-01
2.493351761e-01,1.133618290e+00,2.933440905e-01,-9.993899411e-01,-5.447766720e-01
2.502018830e-01,1.134155539e+00,2.945032078e-01,-9.993870344e-01,-5.442606767e-01
2.510691911e-01,1.134693653e+00,2.956640019e-01,-9.993841148e-01,-5.437445864e-01
2.519371009e-01,1.135232631e+00,2.968264744e-01,-9.993811824e-01,-5.432284022e-01
2.528056128e-01,1.135772475e+00,2.979906267e-01,-9.993782371e-01,-5.427121250e-01
2.536747272e-01,1.136313186e+00,2.991564603e-01,-9.993752788e-01,-5.421957561e-01
2.545444446e-01,1.136854765e+00,3.003239765e-01,-9.993723074e-01,-5.416792966e-01
2.554147653e-01,1.137397214e+00,3.014931769e-01,-9.993693230e-01,-5.411627475e-01
2.562856897e-01,1.137940533e+00,3.026640628e-01,-9.993663255e-01,-5.406461098e-01
2.571572184e-01,1.138484723e+00,3.038366358e-01,-9.993633148e-01,-5.401293848e-01
2.580293517e-01,1.139029786e+00,3.050108973e-01,-9.993602908e-01,-5.396125735e-01
2.589020900e-01,1.139575722e+00,3.061868487e-01,-9.993572535e-01,-5.390956771e-01
2.597754337e-01,1.140122533e+00,3.073644915e-01,-9.993542029e-01,-5.385786965e-01
2.606493833e-01,1.140670221e+00,3.085438272e-01,-9.993511389e-01,-5.380616329e-01
2.615239392e-01,1.141218785e+00,3.097248571e-01,-9.993480614e-01,-5.375444874e-01
2.623991019e-01,1.141768227e+00,3.109075827e-01,-9.993449703e-01,-5.370272612e-01
2.632748716e-01,1.142318548e+00,3.120920055e-01,-9.993418657e-01,-5.365099552e-01
2.641512489e-01,1.142869750e+00,3.132781269e-01,-9.993387474e-01,-5.359925707e-01
2.650282342e-01,1.143421833e+00,3.144659484e-01,-9.993356155e-01,-5.354751086e-01
2.659058278e-01,1.143974798e+00,3.156554715e-01,-9.993324698e-01,-5.349575702e-01
2.667840303e-01,1.144528647e+00,3.168466975e-01,-9.993293102e-01,-5.344399565e-01
2.676628420e-01,1.145083381e+00,3.180396279e-01,-9.993261368e-01,-5.339222686e-01
2.685422634e-01,1.145639001e+00,3.192342642e-01,-9.993229495e-01,-5.334045076e-01
2.694222949e-01,1.146195508e+00,3.204306079e-01,-9.993197482e-01,-5.328866746e-01
2.703029369e-01,1.146752903e+00,3.216286603e-01,-9.993165328e-01,-5.323687708e-01
2.711841898e-01,1.147311187e+00,3.228284230e-01,-9.993133033e-01,-5.318507972e-01
2.720660540e-01,1.147870361e+00,3.240298973e-01,-9.993100596e-01,-5.313327550e-01
2.729485301e-01,1.148430427e+00,3.252330848e-01,-9.993068017e-01,-5.308146452e-01
2.738316183e-01,1.148991385e+00,3.264379869e-01,-9.993035296e-01,-5.302964690e-01
2.747153192e-01,1.149553237e+00,3.276446050e-01,-9.993002431e-01,-5.297782275e-01
2.755996331e-01,1.150115984e+00,3.288529406e-01,-9.992969421e-01,-5.292599217e-01
2.764845606e-01,1.150679627e+00,3.300629952e-01,-9.992936267e-01,-5.287415528e-01
2.773701019e-01,1.151244167e+00,3.312747701e-01,-9.992902968e-01,-5.282231220e-01
2.782562575e-01,1.151809605e+00,3.324882669e-01,-9.992869523e-01,-5.277046302e-01
2.791430279e-01,1.152375942e+00,3.337034870e-01,-9.992835931e-01,-5.271860787e-01
2.800304135e-01,1.152943180e+00,3.349204319e-01,-9.992802192e-01,-5.266674685e-01
2.809184147e-01,1.153511319e+00,3.361391030e-01,-9.992768305e-01,-5.261488008e-01
2.818070319e-01,1.154080361e+00,3.373595018e-01,-9.992734270e-01,-5.256300766e-01
2.826962656e-01,1.154650306e+00,3.385816297e-01,-9.992700086e-01,-5.251112971e-01
2.835861162e-01,1.155221157e+00,3.398054881e-01,-9.992665752e-01,-5.245924634e-01
2.844765841e-01,1.155792914e+00,3.410310786e-01,-9.992631268e-01,-5.240735766e-01
2.853676698e-01,1.156365578e+00,3.422584026e-01,-9.992596633e-01,-5.235546378e-01
2.862593736e-01,1.156939150e+00,3.434874615e-01,-9.992561846e-01,-5.230356481e-01
2.871516961e-01,1.157513631e+00,3.447182568e-01,-9.992526908e-01,-5.225166087e-01
2.880446375e-01,1.158089023e+00,3.459507900e-01,-9.992491816e-01,-5.219975207e-01
2.889381985e-01,1.158665327e+00,3.471850625e-01,-9.992456571e-01,-5.214783852e-01
2.898323793e-01,1.159242544e+00,3.484210758e-01,-9.992421172e-01,-5.209592032e-01
2.907271805e-01,1.159820675e+00,3.496588312e-01,-9.992385618e-01,-5.204399760e-01
2.916226024e-01,1.160399720e+00,3.508983304e-01,-9.992349908e-01,-5.199207046e-01
2.925186455e-01,1.160979682e+00,3.521395747e-01,-9.992314043e-01,-5.194013902e-01
2.934153102e-01,1.161560562e+00,3.533825656e-01,-9.992278020e-01,-5.188820338e-01
2.943125969e-01,1.162142360e+00,3.546273045e-01,-9.992241841e-01,-5.183626366e-01
2.952105062e-01,1.162725077e+00,3.558737930e-01,-9.992205503e-01,-5.178431998e-01
2.961090383e-01,1.163308715e+00,3.571220324e-01,-9.992169006e-01,-5.173237243e-01
2.970081938e-01,1.163893276e+00,3.583720243e-01,-9.992132350e-01,-5.168042115e-01
2.979079731e-01,1.164478759e+00,3.596237700e-01,-9.992095534e-01,-5.162846623e-01
2.988083765e-01,1.165065167e+00,3.608772711e-01,-9.992058558e-01,-5.157650779e-01
2.997094047e-01,1.165652499e+00,3.621325290e-01,-9.992021419e-01,-5.152454594e-01
3.006110579e-01,1.166240759e+00,3.633895451e-01,-9.991984119e-01,-5.147258079e-01
3.015133365e-01,1.166829946e+00,3.646483210e-01,-9.991946656e-01,-5.142061246e-01
3.024162412e-01,1.167420061e+00,3.659088581e-01,-9.991909029e-01,-5.136864106e-01
3.033197722e-01,1.168011107e+00,3.671711577e-01,-9.991871238e-01,-5.131666670e-01
3.042239300e-01,1.168603084e+00,3.684352215e-01,-9.991833283e-01,-5.126468949e-01
3.051287151e-01,1.169195993e+00,3.697010509e-01,-9.991795162e-01,-5.121270954e-01
3.060341278e-01,1.169789835e+00,3.709686472e-01,-9.991756874e-01,-5.116072697e-01
3.069401687e-01,1.170384612e+00,3.722380121e-01,-9.991718420e-01,-5.110874190e-01
3.078468381e-01,1.170980324e+00,3.735091469e-01,-9.991679798e-01,-5.105675442e-01
3.087541365e-01,1.171576974e+00,3.747820531e-01,-9.991641007e-01,-5.100476465e-01
3.096620644e-01,1.172174561e+00,3.760567321e-01,-9.991602048e-01,-5.095277272e-01
3.105706221e-01,1.172773087e+00,3.773331855e-01,-9.991562918e-01,-5.090077872e-01
3.114798101e-01,1.173372554e+00,3.786114147e-01,-9.991523618e-01,-5.084878277e-01
3.123896288e-01,1.173972962e+00,3.798914211e-01,-9.991484147e-01,-5.079678499e-01
3.133000787e-01,1.174574312e+00,3.811732063e-01,-9.991444504e-01,-5.074478548e-01
3.142111602e-01,1.175176607e+00,3.824567716e-01,-9.991404689e-01,-5.069278436e-01
3.151228737e-01,1.175779846e+00,3.837421185e-01,-9.991364700e-01,-5.064078174e-01
3.160352198e-01,1.176384031e+00,3.850292486e-01,-9.991324536e-01,-5.058877773e-01
3.169481988e-01,1.176989163e+00,3.863181632e-01,-9.991284198e-01,-5.053677245e-01
3.178618111e-01,1.177595244e+00,3.876088639e-01,-9.991243685e-01,-5.048476601e-01
3.187760572e-01,1.178202274e+00,3.889013520e-01,-9.991202995e-01,-5.043275852e-01
3.196909376e-01,1.178810255e+00,3.901956291e-01,-9.991162128e-01,-5.038075009e-01
3.206064527e-01,1.179419188e+00,3.914916966e-01,-9.991121083e-01,-5.032874084e-01
3.215226029e-01,1.180029073e+00,3.927895560e-01,-9.991079860e-01,-5.027673088e-01
3.224393886e-01,1.180639913e+00,3.940892087e-01,-9.991038457e-01,-5.022472032e-01
3.233568104e-01,1.181251708e+00,3.953906563e-01,-9.990996874e-01,-5.017270927e-01
3.242748686e-01,1.181864460e+00,3.966939001e-01,-9.990955110e-01,-5.012069785e-01
3.251935637e-01,1.182478169e+00,3.979989417e-01,-9.990913165e-01,-5.006868616e-01
3.261128961e-01,1.183092837e+00,3.993057825e-01,-9.990871037e-01,-5.001667433e-01
3.270328663e-01,1.183708465e+00,4.006144240e-01,-9.990828727e-01,-4.996466246e-01
3.279534747e-01,1.184325054e+00,4.019248676e-01,-9.990786232e-01,-4.991265067e-01
3.288747218e-01,1.184942605e+00,4.032371148e-01,-9.990743553e-01,-4.986063907e-01
3.297966080e-01,1.185561120e+00,4.045511671e-01,-9.990700688e-01,-4.980862777e-01
3.307191337e-01,1.186180599e+00,4.058670259e-01,-9.990657637e-01,-4.975661688e-01
3.316422994e-01,1.186801045e+00,4.071846928e-01,-9.990614399e-01,-4.970460652e-01
3.325661055e-01,1.187422457e+00,4.085041691e-01,-9.990570973e-01,-4.965259679e-01
3.334905526e-01,1.188044837e+00,4.098254564e-01,-9.990527359e-01,-4.960058782e-01
3.344156409e-01,1.188668186e+00,4.111485560e-01,-9.990483555e-01,-4.954857972e-01
3.353413710e-01,1.189292507e+00,4.124734696e-01,-9.990439561e-01,-4.949657259e-01
3.362677433e-01,1.189917798e+00,4.138001985e-01,-9.990395376e-01,-4.944456655e-01
3.371947583e-01,1.190544063e+00,4.151287442e-01,-9.990350999e-01,-4.939256171e-01
3.381224163e-01,1.191171301e+00,4.164591082e-01,-9.990306430e-01,-4.934055819e-01
3.390507180e-01,1.191799515e+00,4.177912920e-01,-9.990261667e-01,-4.928855609e-01
3.399796636e-01,1.192428705e+00,4.191252969e-01,-9.990216711e-01,-4.923655553e-01
3.409092536e-01,1.193058872e+00,4.204611246e-01,-9.990171559e-01,-4.918455662e-01
3.418394886e-01,1.193690019e+00,4.217987764e-01,-9.990126211e-01,-4.913255948e-01
3.427703689e-01,1.194322145e+00,4.231382539e-01,-9.990080666e-01,-4.908056422e-01
3.437018949e-01,1.194955252e+00,4.244795585e-01,-9.990034924e-01,-4.902857094e-01
3.446340672e-01,1.195589341e+00,4.258226916e-01,-9.989988984e-01,-4.897657976e-01
3.455668862e-01,1.196224414e+00,4.271676548e-01,-9.989942845e-01,-4.892459080e-01
3.465003523e-01,1.196860471e+00,4.285144495e-01,-9.989896505e-01,-4.887260417e-01
3.474344660e-01,1.197497514e+00,4.298630772e-01,-9.989849965e-01,-4.882061997e-01
3.483692277e-01,1.198135545e+00,4.312135393e-01,-9.989803223e-01,-4.876863832e-01
3.493046379e-01,1.198774563e+00,4.325658374e-01,-9.989756278e-01,-4.871665934e-01
3.502406970e-01,1.199414570e+00,4.339199728e-01,-9.989709130e-01,-4.866468313e-01
3.511774055e-01,1.200055568e+00,4.352759472e-01,-9.989661778e-01,-4.861270982e-01
3.521147638e-01,1.200697558e+00,4.366337618e-01,-9.989614221e-01,-4.856073950e-01
3.530527724e-01,1.201340541e+00,4.379934183e-01,-9.989566458e-01,-4.850877229e-01
3.539914317e-01,1.201984518e+00,4.393549181e-01,-9.989518488e-01,-4.845680830e-01
3.549307422e-01,1.202629490e+00,4.407182627e-01,-9.989470310e-01,-4.840484766e-01
3.558707043e-01,1.203275458e+00,4.420834535e-01,-9.989421924e-01,-4.835289046e-01
3.568113185e-01,1.203922424e+00,4.434504920e-01,-9.989373328e-01,-4.830093682e-01
3.577525853e-01,1.204570389e+00,4.448193796e-01,-9.989324522e-01,-4.824898686e-01
3.586945050e-01,1.205219354e+00,4.461901180e-01,-9.989275505e-01,-4.819704068e-01
3.596370782e-01,1.205869320e+00,4.475627084e-01,-9.989226275e-01,-4.814509839e-01
3.605803053e-01,1.206520289e+00,4.489371525e-01,-9.989176833e-01,-4.809316012e-01
3.615241867e-01,1.207172261e+00,4.503134517e-01,-9.989127177e-01,-4.804122596e-01
3.624687230e-01,1.207825238e+00,4.516916074e-01,-9.989077306e-01,-4.798929604e-01
3.634139145e-01,1.208479221e+00,4.530716212e-01,-9.989027219e-01,-4.793737047e-01
3.643597617e-01,1.209134211e+00,4.544534944e-01,-9.988976916e-01,-4.788544934e-01
3.653062650e-01,1.209790210e+00,4.558372287e-01,-9.988926395e-01,-4.783353279e-01
3.662534250e-01,1.210447218e+00,4.572228254e-01,-9.988875656e-01,-4.778162092e-01
3.672012421e-01,1.211105237e+00,4.586102860e-01,-9.988824697e-01,-4.772971384e-01
3.681497167e-01,1.211764268e+00,4.599996121e-01,-9.988773518e-01,-4.767781166e-01
3.690988493e-01,1.212424312e+00,4.613908050e-01,-9.988722118e-01,-4.762591449e-01
3.700486403e-01,1.213085370e+00,4.627838663e-01,-9.988670496e-01,-4.757402245e-01
3.709990903e-01,1.213747444e+00,4.641787975e-01,-9.988618651e-01,-4.752213565e-01
3.719501996e-01,1.214410535e+00,4.655756000e-01,-9.988566582e-01,-4.747025420e-01
3.729019687e-01,1.215074644e+00,4.669742753e-01,-9.988514288e-01,-4.741837821e-01
3.738543981e-01,1.215739772e+00,4.683748248e-01,-9.988461768e-01,-4.736650780e-01
3.748074882e-01,1.216405920e+00,4.697772502e-01,-9.988409022e-01,-4.731464306e-01
3.757612395e-01,1.217073090e+00,4.711815527e-01,-9.988356047e-01,-4.726278412e-01
3.767156525e-01,1.217741283e+00,4.725877340e-01,-9.988302844e-01,-4.721093109e-01
3.776707276e-01,1.218410499e+00,4.739957955e-01,-9.988249411e-01,-4.715908407e-01
3.786264652e-01,1.219080741e+00,4.754057386e-01,-9.988195748e-01,-4.710724318e-01
3.795828659e-01,1.219752010e+00,4.768175649e-01,-9.988141853e-01,-4.705540853e-01
3.805399300e-01,1.220424306e+00,4.782312759e-01,-9.988087725e-01,-4.700358023e-01
3.814976581e-01,1.221097631e+00,4.796468729e-01,-9.988033364e-01,-4.695175839e-01
3.824560507e-01,1.221771986e+00,4.810643576e-01,-9.987978768e-01,-4.689994313e-01
3.834151081e-01,1.222447372e+00,4.824837313e-01,-9.987923937e-01,-4.684813455e-01
3.843748308e-01,1.223123791e+00,4.839049956e-01,-9.987868869e-01,-4.679633276e-01
3.853352193e-01,1.223801243e+00,4.853281519e-01,-9.987813564e-01,-4.674453788e-01
3.862962740e-01,1.224479731e+00,4.867532017e-01,-9.987758020e-01,-4.669275001e-01
3.872579955e-01,1.225159254e+00,4.881801466e-01,-9.987702237e-01,-4.664096927e-01
3.882203842e-01,1.225839815e+00,4.896089879e-01,-9.987646213e-01,-4.658919576e-01
3.891834405e-01,1.226521414e+00,4.910397272e-01,-9.987589948e-01,-4.653742960e-01
3.901471649e-01,1.227204053e+00,4.924723660e-01,-9.987533440e-01,-4.648567090e-01
3.911115579e-01,1.227887733e+00,4.939069056e-01,-9.987476689e-01,-4.643391977e-01
3.920766199e-01,1.228572456e+00,4.953433477e-01,-9.987419693e-01,-4.638217631e-01
3.930423514e-01,1.229258222e+00,4.967816937e-01,-9.987362451e-01,-4.633044065e-01
3.940087529e-01,1.229945032e+00,4.982219451e-01,-9.987304963e-01,-4.627871288e-01
3.949758248e-01,1.230632888e+00,4.996641034e-01,-9.987247227e-01,-4.622699312e-01
3.959435676e-01,1.231321792e+00,5.011081700e-01,-9.987189243e-01,-4.617528148e-01
3.969119817e-01,1.232011744e+00,5.025541464e-01,-9.987131009e-01,-4.612357807e-01
3.978810677e-01,1.232702745e+00,5.040020342e-01,-9.987072524e-01,-4.607188300e-01
3.988508259e-01,1.233394797e+00,5.054518348e-01,-9.987013787e-01,-4.602019638e-01
3.998212569e-01,1.234087901e+00,5.069035497e-01,-9.986954797e-01,-4.596851831e-01
4.007923612e-01,1.234782058e+00,5.083571803e-01,-9.986895554e-01,-4.591684892e-01
4.017641391e-01,1.235477270e+00,5.098127282e-01,-9.986836055e-01,-4.586518830e-01
4.027365912e-01,1.236173537e+00,5.112701949e-01,-9.986776300e-01,-4.581353656e-01
4.037097179e-01,1.236870862e+00,5.127295818e-01,-9.986716288e-01,-4.576189383e-01
4.046835196e-01,1.237569244e+00,5.141908904e-01,-9.986656018e-01,-4.571026020e-01
4.056579970e-01,1.238268686e+00,5.156541223e-01,-9.986595489e-01,-4.565863578e-01
4.066331504e-01,1.238969188e+00,5.171192788e-01,-9.986534699e-01,-4.560702069e-01
4.076089802e-01,1.239670752e+00,5.185863616e-01,-9.986473647e-01,-4.555541504e-01
4.085854871e-01,1.240373380e+00,5.200553720e-01,-9.986412333e-01,-4.550381893e-01
4.095626714e-01,1.241077071e+00,5.215263116e-01,-9.986350756e-01,-4.545223246e-01
4.105405335e-01,1.241781828e+00,5.229991818e-01,-9.986288913e-01,-4.540065576e-01
4.115190741e-01,1.242487652e+00,5.244739842e-01,-9.986226805e-01,-4.534908893e-01
4.124982935e-01,1.243194544e+00,5.259507202e-01,-9.986164429e-01,-4.529753208e-01
4.134781922e-01,1.243902505e+00,5.274293913e-01,-9.986101786e-01,-4.524598531e-01
4.144587708e-01,1.244611536e+00,5.289099991e-01,-9.986038873e-01,-4.519444874e-01
4.154400295e-01,1.245321640e+00,5.303925449e-01,-9.985975689e-01,-4.514292247e-01
4.164219690e-01,1.246032816e+00,5.318770304e-01,-9.985912235e-01,-4.509140662e-01
4.174045898e-01,1.246745066e+00,5.333634569e-01,-9.985848507e-01,-4.503990129e-01
4.183878922e-01,1.247458392e+00,5.348518260e-01,-9.985784506e-01,-4.498840658e-01
4.193718767e-01,1.248172794e+00,5.363421392e-01,-9.985720230e-01,-4.493692261e-01
4.203565439e-01,1.248888275e+00,5.378343979e-01,-9.985655677e-01,-4.488544949e-01
4.213418941e-01,1.249604834e+00,5.393286037e-01,-9.985590848e-01,-4.483398732e-01
4.223279280e-01,1.250322474e+00,5.408247580e-01,-9.985525740e-01,-4.478253621e-01
4.233146459e-01,1.251041195e+00,5.423228624e-01,-9.985460352e-01,-4.473109627e-01
4.243020483e-01,1.251761000e+00,5.438229183e-01,-9.985394684e-01,-4.467966760e-01
4.252901357e-01,1.252481888e+00,5.453249272e-01,-9.985328733e-01,-4.462825032e-01
4.262789085e-01,1.253203862e+00,5.468288906e-01,-9.985262500e-01,-4.457684453e-01
4.272683673e-01,1.253926923e+00,5.483348100e-01,-9.985195982e-01,-4.452545034e-01
4.282585126e-01,1.254651071e+00,5.498426869e-01,-9.985129179e-01,-4.447406785e-01
4.292493447e-01,1.255376309e+00,5.513525229e-01,-9.985062089e-01,-4.442269718e-01
4.302408642e-01,1.256102636e+00,5.528643193e-01,-9.984994711e-01,-4.437133842e-01
4.312330716e-01,1.256830056e+00,5.543780777e-01,-9.984927044e-01,-4.431999170e-01
4.322259673e-01,1.257558568e+00,5.558937996e-01,-9.984859086e-01,-4.426865710e-01
4.332195518e-01,1.258288175e+00,5.574114865e-01,-9.984790837e-01,-4.421733475e-01
4.342138255e-01,1.259018877e+00,5.589311398e-01,-9.984722296e-01,-4.416602475e-01
4.352087891e-01,1.259750675e+00,5.604527611e-01,-9.984653460e-01,-4.411472720e-01
4.362044429e-01,1.260483572e+00,5.619763519e-01,-9.984584329e-01,-4.406344221e-01
4.372007874e-01,1.261217567e+00,5.635019136e-01,-9.984514902e-01,-4.401216988e-01
4.381978231e-01,1.261952663e+00,5.650294478e-01,-9.984445177e-01,-4.396091033e-01
4.391955504e-01,1.262688861e+00,5.665589560e-01,-9.984375153e-01,-4.390966366e-01
4.401939700e-01,1.263426161e+00,5.680904396e-01,-9.984304829e-01,-4.385842997e-01
4.411930821e-01,1.264164566e+00,5.696239002e-01,-9.984234204e-01,-4.380720937e-01
4.421928874e-01,1.264904076e+00,5.711593392e-01,-9.984163276e-01,-4.375600197e-01
4.431933863e-01,1.265644693e+00,5.726967582e-01,-9.984092043e-01,-4.370480788e-01
4.441945793e-01,1.266386417e+00,5.742361586e-01,-9.984020506e-01,-4.365362719e-01
4.451964668e-01,1.267129251e+00,5.757775420e-01,-9.983948662e-01,-4.360246001e-01
4.461990494e-01,1.267873196e+00,5.773209099e-01,-9.983876510e-01,-4.355130645e-01
4.472023275e-01,1.268618252e+00,5.788662637e-01,-9.983804049e-01,-4.350016662e-01
4.482063016e-01,1.269364421e+00,5.804136049e-01,-9.983731278e-01,-4.344904061e-01
4.492109722e-01,1.270111704e+00,5.819629351e-01,-9.983658195e-01,-4.339792854e-01
4.502163398e-01,1.270860103e+00,5.835142557e-01,-9.983584799e-01,-4.334683051e-01
4.512224048e-01,1.271609619e+00,5.850675683e-01,-9.983511089e-01,-4.329574662e-01
4.522291678e-01,1.272360253e+00,5.866228744e-01,-9.983437063e-01,-4.324467698e-01
4.532366292e-01,1.273112006e+00,5.881801754e-01,-9.983362721e-01,-4.319362169e-01
4.542447895e-01,1.273864880e+00,5.897394729e-01,-9.983288060e-01,-4.314258086e-01
4.552536492e-01,1.274618876e+00,5.913007683e-01,-9.983213079e-01,-4.309155459e-01
4.562632088e-01,1.275373995e+00,5.928640632e-01,-9.983137778e-01,-4.304054299e-01
4.572734688e-01,1.276130238e+00,5.944293591e-01,-9.983062154e-01,-4.298954615e-01
4.582844296e-01,1.276887607e+00,5.959966575e-01,-9.982986206e-01,-4.293856419e-01
4.592960917e-01,1.277646103e+00,5.975659598e-01,-9.982909934e-01,-4.288759721e-01
4.603084557e-01,1.278405727e+00,5.991372676e-01,-9.982833335e-01,-4.283664531e-01
4.613215220e-01,1.279166480e+00,6.007105824e-01,-9.982756409e-01,-4.278570859e-01
4.623352911e-01,1.279928365e+00,6.022859058e-01,-9.982679153e-01,-4.273478716e-01
4.633497634e-01,1.280691381e+00,6.038632391e-01,-9.982601567e-01,-4.268388112e-01
4.643649396e-01,1.281455531e+00,6.054425839e-01,-9.982523650e-01,-4.263299058e-01
4.653808200e-01,1.282220816e+00,6.070239417e-01,-9.982445399e-01,-4.258211563e-01
4.663974051e-01,1.282987236e+00,6.086073140e-01,-9.982366813e-01,-4.253125639e-01
4.674146955e-01,1.283754794e+00,6.101927024e-01,-9.982287891e-01,-4.248041294e-01
4.684326917e-01,1.284523490e+00,6.117801083e-01,-9.982208632e-01,-4.242958540e-01
4.694513940e-01,1.285293326e+00,6.133695332e-01,-9.982129035e-01,-4.237877387e-01
4.704708031e-01,1.286064303e+00,6.149609787e-01,-9.982049096e-01,-4.232797845e-01
4.714909193e-01,1.286836422e+00,6.165544463e-01,-9.981968817e-01,-4.227719925e-01
4.725117433e-01,1.287609684e+00,6.181499374e-01,-9.981888194e-01,-4.222643635e-01
4.735332754e-01,1.288384092e+00,6.197474536e-01,-9.981807227e-01,-4.217568988e-01
4.745555162e-01,1.289159646e+00,6.213469963e-01,-9.981725913e-01,-4.212495992e-01
4.755784661e-01,1.289936347e+00,6.229485672e-01,-9.981644252e-01,-4.207424658e-01
4.766021258e-01,1.290714197e+00,6.245521677e-01,-9.981562243e-01,-4.202354997e-01
4.776264955e-01,1.291493197e+00,6.261577992e-01,-9.981479883e-01,-4.197287018e-01
4.786515759e-01,1.292273348e+00,6.277654634e-01,-9.981397171e-01,-4.192220731e-01
4.796773675e-01,1.293054652e+00,6.293751618e-01,-9.981314106e-01,-4.187156146e-01
4.807038706e-01,1.293837110e+00,6.309868958e-01,-9.981230686e-01,-4.182093275e-01
4.817310859e-01,1.294620723e+00,6.326006669e-01,-9.981146910e-01,-4.177032126e-01
4.827590138e-01,1.295405493e+00,6.342164768e-01,-9.981062777e-01,-4.171972710e-01
4.837876548e-01,1.296191420e+00,6.358343268e-01,-9.980978284e-01,-4.166915036e-01
4.848170094e-01,1.296978506e+00,6.374542185e-01,-9.980893430e-01,-4.161859116e-01
4.858470781e-01,1.297766753e+00,6.390761534e-01,-9.980808215e-01,-4.156804959e-01
4.868778614e-01,1.298556162e+00,6.407001331e-01,-9.980722635e-01,-4.151752574e-01
4.879093598e-01,1.299346733e+00,6.423261590e-01,-9.980636690e-01,-4.146701972e-01
4.889415738e-01,1.300138468e+00,6.439542326e-01,-9.980550379e-01,-4.141653164e-01
4.899745039e-01,1.300931370e+00,6.455843555e-01,-9.980463699e-01,-4.136606158e-01
4.910081505e-01,1.301725438e+00,6.472165292e-01,-9.980376649e-01,-4.131560965e-01
4.920425142e-01,1.302520674e+00,6.488507552e-01,-9.980289228e-01,-4.126517594e-01
4.930775955e-01,1.303317079e+00,6.504870350e-01,-9.980201434e-01,-4.121476057e-01
4.941133949e-01,1.304114656e+00,6.521253702e-01,-9.980113266e-01,-4.116436362e-01
4.951499128e-01,1.304913404e+00,6.537657622e-01,-9.980024721e-01,-4.111398519e-01
4.961871498e-01,1.305713326e+00,6.554082126e-01,-9.979935799e-01,-4.106362539e-01
4.972251064e-01,1.306514422e+00,6.570527228e-01,-9.979846498e-01,-4.101328431e-01
4.982637830e-01,1.307316695e+00,6.586992945e-01,-9.979756816e-01,-4.096296205e-01
4.993031803e-01,1.308120144e+00,6.603479291e-01,-9.979666751e-01,-4.091265870e-01
5.003432985e-01,1.308924773e+00,6.619986281e-01,-9.979576302e-01,-4.086237438e-01
5.013841384e-01,1.309730581e+00,6.636513931e-01,-9.979485468e-01,-4.081210917e-01
5.024257003e-01,1.310537570e+00,6.653062256e-01,-9.979394247e-01,-4.076186317e-01
5.034679847e-01,1.311345742e+00,6.669631270e-01,-9.979302637e-01,-4.071163649e-01
5.045109923e-01,1.312155098e+00,6.686220990e-01,-9.979210636e-01,-4.066142921e-01
5.055547234e-01,1.312965638e+00,6.702831431e-01,-9.979118243e-01,-4.061124144e-01
5.065991785e-01,1.313777366e+00,6.719462606e-01,-9.979025457e-01,-4.056107326e-01
5.076443583e-01,1.314590280e+00,6.736114533e-01,-9.978932275e-01,-4.051092479e-01
5.086902631e-01,1.315404384e+00,6.752787226e-01,-9.978838697e-01,-4.046079612e-01
5.097368935e-01,1.316219679e+00,6.769480700e-01,-9.978744719e-01,-4.041068734e-01
5.107842500e-01,1.317036165e+00,6.786194971e-01,-9.978650342e-01,-4.036059854e-01
5.118323331e-01,1.317853844e+00,6.802930053e-01,-9.978555562e-01,-4.031052984e-01
5.128811433e-01,1.318672717e+00,6.819685963e-01,-9.978460379e-01,-4.026048131e-01
5.139306810e-01,1.319492787e+00,6.836462714e-01,-9.978364790e-01,-4.021045307e-01
5.149809469e-01,1.320314053e+00,6.853260323e-01,-9.978268794e-01,-4.016044520e-01
5.160319414e-01,1.321136517e+00,6.870078805e-01,-9.978172390e-01,-4.011045779e-01
5.170836650e-01,1.321960181e+00,6.886918175e-01,-9.978075575e-01,-4.006049096e-01
5.181361182e-01,1.322785046e+00,6.903778448e-01,-9.977978347e-01,-4.001054478e-01
5.191893015e-01,1.323611113e+00,6.920659640e-01,-9.977880706e-01,-3.996061936e-01
5.202432155e-01,1.324438383e+00,6.937561765e-01,-9.977782650e-01,-3.991071479e-01
5.212978605e-01,1.325266859e+00,6.954484839e-01,-9.977684176e-01,-3.986083117e-01
5.223532373e-01,1.326096540e+00,6.971428878e-01,-9.977585283e-01,-3.981096858e-01
5.234093462e-01,1.326927430e+00,6.988393896e-01,-9.977485969e-01,-3.976112714e-01
5.244661877e-01,1.327759528e+00,7.005379909e-01,-9.977386232e-01,-3.971130692e-01
5.255237624e-01,1.328592836e+00,7.022386932e-01,-9.977286071e-01,-3.966150802e-01
5.265820708e-01,1.329427356e+00,7.039414981e-01,-9.977185484e-01,-3.961173055e-01
5.276411134e-01,1.330263089e+00,7.056464071e-01,-9.977084470e-01,-3.956197458e-01
5.287008907e-01,1.331100036e+00,7.073534216e-01,-9.976983025e-01,-3.951224022e-01
5.297614031e-01,1.331938198e+00,7.090625433e-01,-9.976881149e-01,-3.946252756e-01
5.308226513e-01,1.332777577e+00,7.107737736e-01,-9.976778840e-01,-3.941283669e-01
5.318846357e-01,1.333618174e+00,7.124871142e-01,-9.976676095e-01,-3.936316771e-01
5.329473569e-01,1.334459991e+00,7.142025664e-01,-9.976572914e-01,-3.931352070e-01
5.340108153e-01,1.335303029e+00,7.159201320e-01,-9.976469294e-01,-3.926389577e-01
5.350750114e-01,1.336147289e+00,7.176398123e-01,-9.976365233e-01,-3.921429300e-01
5.361399458e-01,1.336992772e+00,7.193616090e-01,-9.976260730e-01,-3.916471248e-01
5.372056190e-01,1.337839481e+00,7.210855235e-01,-9.976155783e-01,-3.911515431e-01
5.382720315e-01,1.338687415e+00,7.228115574e-01,-9.976050389e-01,-3.906561859e-01
5.393391838e-01,1.339536577e+00,7.245397122e-01,-9.975944548e-01,-3.901610539e-01
5.404070764e-01,1.340386968e+00,7.262699895e-01,-9.975838257e-01,-3.896661482e-01
5.414757099e-01,1.341238589e+00,7.280023908e-01,-9.975731514e-01,-3.891714696e-01
5.425450847e-01,1.342091441e+00,7.297369176e-01,-9.975624317e-01,-3.886770192e-01
5.436152014e-01,1.342945527e+00,7.314735715e-01,-9.975516665e-01,-3.881827976e-01
5.446860604e-01,1.343800846e+00,7.332123541e-01,-9.975408556e-01,-3.876888060e-01
5.457576623e-01,1.344657401e+00,7.349532667e-01,-9.975299987e-01,-3.871950452e-01
5.468300077e-01,1.345515194e+00,7.366963110e-01,-9.975190958e-01,-3.867015161e-01
5.479030970e-01,1.346374224e+00,7.384414886e-01,-9.975081465e-01,-3.862082196e-01
5.489769307e-01,1.347234494e+00,7.401888009e-01,-9.974971507e-01,-3.857151566e-01
5.500515093e-01,1.348096005e+00,7.419382495e-01,-9.974861082e-01,-3.852223280e-01
5.511268334e-01,1.348958758e+00,7.436898360e-01,-9.974750188e-01,-3.847297347e-01
5.522029036e-01,1.349822755e+00,7.454435618e-01,-9.974638823e-01,-3.842373776e-01
5.532797202e-01,1.350687997e+00,7.471994285e-01,-9.974526985e-01,-3.837452576e-01
5.543572838e-01,1.351554485e+00,7.489574377e-01,-9.974414673e-01,-3.832533757e-01
5.554355950e-01,1.352422221e+00,7.507175909e-01,-9.974301884e-01,-3.827617326e-01
5.565146543e-01,1.353291206e+00,7.524798897e-01,-9.974188615e-01,-3.822703292e-01
5.575944621e-01,1.354161441e+00,7.542443355e-01,-9.974074867e-01,-3.817791666e-01
5.586750191e-01,1.355032928e+00,7.560109299e-01,-9.973960635e-01,-3.812882455e-01
5.597563256e-01,1.355905668e+00,7.577796745e-01,-9.973845918e-01,-3.807975668e-01
5.608383823e-01,1.356779663e+00,7.595505709e-01,-9.973730715e-01,-3.803071314e-01
5.619211897e-01,1.357654914e+00,7.613236204e-01,-9.973615023e-01,-3.798169402e-01
5.630047482e-01,1.358531421e+00,7.630988248e-01,-9.973498840e-01,-3.793269941e-01
5.640890585e-01,1.359409187e+00,7.648761856e-01,-9.973382164e-01,-3.788372940e-01
5.651741209e-01,1.360288214e+00,7.666557042e-01,-9.973264993e-01,-3.783478406e-01
5.662599361e-01,1.361168501e+00,7.684373822e-01,-9.973147325e-01,-3.778586350e-01
5.673465046e-01,1.362050051e+00,7.702212213e-01,-9.973029158e-01,-3.773696779e-01
5.684338269e-01,1.362932865e+00,7.720072229e-01,-9.972910490e-01,-3.768809702e-01
5.695219035e-01,1.363816944e+00,7.737953885e-01,-9.972791318e-01,-3.763925128e-01
5.706107349e-01,1.364702290e+00,7.755857198e-01,-9.972671641e-01,-3.759043066e-01
5.717003216e-01,1.365588904e+00,7.773782183e-01,-9.972551457e-01,-3.754163524e-01
5.727906643e-01,1.366476788e+00,7.791728854e-01,-9.972430763e-01,-3.749286511e-01
5.738817634e-01,1.367365942e+00,7.809697229e-01,-9.972309557e-01,-3.744412036e-01
5.749736194e-01,1.368256369e+00,7.827687322e-01,-9.972187837e-01,-3.739540106e-01
5.760662328e-01,1.369148069e+00,7.845699148e-01,-9.972065601e-01,-3.734670731e-01
5.771596043e-01,1.370041044e+00,7.863732724e-01,-9.971942848e-01,-3.729803919e-01
5.782537342e-01,1.370935295e+00,7.881788065e-01,-9.971819573e-01,-3.724939678e-01
5.793486232e-01,1.371830824e+00,7.899865186e-01,-9.971695777e-01,-3.720078017e-01
5.804442717e-01,1.372727632e+00,7.917964103e-01,-9.971571456e-01,-3.715218945e-01
5.815406804e-01,1.373625720e+00,7.936084831e-01,-9.971446608e-01,-3.710362470e-01
5.826378496e-01,1.374525090e+00,7.954227386e-01,-9.971321230e-01,-3.705508600e-01
5.837357800e-01,1.375425744e+00,7.972391783e-01,-9.971195322e-01,-3.700657344e-01
5.848344721e-01,1.376327681e+00,7.990578039e-01,-9.971068880e-01,-3.695808710e-01
5.859339264e-01,1.377230905e+00,8.008786167e-01,-9.970941903e-01,-3.690962706e-01
5.870341434e-01,1.378135416e+00,8.027016185e-01,-9.970814388e-01,-3.686119341e-01
5.881351236e-01,1.379041215e+00,8.045268108e-01,-9.970686332e-01,-3.681278623e-01
5.892368677e-01,1.379948305e+00,8.063541951e-01,-9.970557734e-01,-3.676440561e-01
5.903393761e-01,1.380856686e+00,8.081837730e-01,-9.970428592e-01,-3.671605162e-01
5.914426493e-01,1.381766360e+00,8.100155460e-01,-9.970298902e-01,-3.666772436e-01
5.925466879e-01,1.382677328e+00,8.118495157e-01,-9.970168664e-01,-3.661942389e-01
5.936514924e-01,1.383589591e+00,8.136856836e-01,-9.970037874e-01,-3.657115031e-01
5.947570633e-01,1.384503152e+00,8.155240514e-01,-9.969906530e-01,-3.652290370e-01
5.958634012e-01,1.385418011e+00,8.173646205e-01,-9.969774630e-01,-3.647468413e-01
5.969705066e-01,1.386334169e+00,8.192073926e-01,-9.969642172e-01,-3.642649169e-01
5.980783801e-01,1.387251629e+00,8.210523692e-01,-9.969509153e-01,-3.637832646e-01
5.991870221e-01,1.388170391e+00,8.228995518e-01,-9.969375571e-01,-3.633018853e-01
6.002964332e-01,1.389090457e+00,8.247489420e-01,-9.969241424e-01,-3.628207797e-01
6.014066140e-01,1.390011828e+00,8.266005414e-01,-9.969106709e-01,-3.623399486e-01
6.025175649e-01,1.390934506e+00,8.284543516e-01,-9.968971423e-01,-3.618593928e-01
6.036292866e-01,1.391858492e+00,8.303103741e-01,-9.968835566e-01,-3.613791132e-01
6.047417795e-01,1.392783787e+00,8.321686104e-01,-9.968699133e-01,-3.608991105e-01
6.058550441e-01,1.393710394e+00,8.340290622e-01,-9.968562124e-01,-3.604193856e-01
6.069690811e-01,1.394638312e+00,8.358917310e-01,-9.968424534e-01,-3.599399392e-01
6.080838909e-01,1.395567544e+00,8.377566183e-01,-9.968286363e-01,-3.594607721e-01
6.091994741e-01,1.396498091e+00,8.396237258e-01,-9.968147607e-01,-3.589818851e-01
6.103158312e-01,1.397429954e+00,8.414930550e-01,-9.968008264e-01,-3.585032791e-01
6.114329628e-01,1.398363136e+00,8.433646074e-01,-9.967868332e-01,-3.580249548e-01
6.125508693e-01,1.399297636e+00,8.452383847e-01,-9.967727808e-01,-3.575469129e-01
6.136695514e-01,1.400233457e+00,8.471143884e-01,-9.967586690e-01,-3.570691543e-01
6.147890096e-01,1.401170600e+00,8.489926201e-01,-9.967444975e-01,-3.565916798e-01
6.159092443e-01,1.402109067e+00,8.508730813e-01,-9.967302661e-01,-3.561144901e-01
6.170302563e-01,1.403048858e+00,8.527557736e-01,-9.967159745e-01,-3.556375860e-01
6.181520459e-01,1.403989976e+00,8.546406986e-01,-9.967016225e-01,-3.551609683e-01
6.192746137e-01,1.404932421e+00,8.565278579e-01,-9.966872098e-01,-3.546846377e-01
6.203979603e-01,1.405876195e+00,8.584172530e-01,-9.966727362e-01,-3.542085951e-01
6.215220861e-01,1.406821300e+00,8.603088855e-01,-9.966582015e-01,-3.537328411e-01
6.226469919e-01,1.407767736e+00,8.622027569e-01,-9.966436052e-01,-3.532573767e-01
6.237726780e-01,1.408715506e+00,8.640988690e-01,-9.966289474e-01,-3.527822024e-01
6.248991450e-01,1.409664610e+00,8.659972231e-01,-9.966142275e-01,-3.523073191e-01
6.260263936e-01,1.410615050e+00,8.678978210e-01,-9.965994455e-01,-3.518327276e-01
6.271544241e-01,1.411566828e+00,8.698006641e-01,-9.965846010e-01,-3.513584285e-01
6.282832372e-01,1.412519945e+00,8.717057540e-01,-9.965696938e-01,-3.508844228e-01
6.294128333e-01,1.413474402e+00,8.736130924e-01,-9.965547236e-01,-3.504107110e-01
6.305432132e-01,1.414430201e+00,8.755226808e-01,-9.965396901e-01,-3.499372940e-01
6.316743772e-01,1.415387343e+00,8.774345208e-01,-9.965245932e-01,-3.494641725e-01
6.328063259e-01,1.416345829e+00,8.793486140e-01,-9.965094325e-01,-3.489913472e-01
6.339390599e-01,1.417305662e+00,8.812649619e-01,-9.964942077e-01,-3.485188190e-01
6.350725797e-01,1.418266841e+00,8.831835661e-01,-9.964789187e-01,-3.480465885e-01
6.362068859e-01,1.419229370e+00,8.851044282e-01,-9.964635651e-01,-3.475746565e-01
6.373419790e-01,1.420193249e+00,8.870275497e-01,-9.964481466e-01,-3.471030237e-01
6.384778595e-01,1.421158479e+00,8.889529324e-01,-9.964326631e-01,-3.466316908e-01
6.396145280e-01,1.422125063e+00,8.908805777e-01,-9.964171142e-01,-3.461606587e-01
6.407519851e-01,1.423093001e+00,8.928104872e-01,-9.964014996e-01,-3.456899279e-01
6.418902313e-01,1.424062294e+00,8.947426625e-01,-9.963858191e-01,-3.452194993e-01
6.430292671e-01,1.425032946e+00,8.966771053e-01,-9.963700724e-01,-3.447493736e-01
6.441690931e-01,1.426004956e+00,8.986138170e-01,-9.963542593e-01,-3.442795515e-01
6.453097099e-01,1.426978326e+00,9.005527992e-01,-9.963383794e-01,-3.438100337e-01
6.464511179e-01,1.427953057e+00,9.024940536e-01,-9.963224325e-01,-3.433408209e-01
6.475933177e-01,1.428929152e+00,9.044375818e-01,-9.963064183e-01,-3.428719139e-01
6.487363100e-01,1.429906612e+00,9.063833853e-01,-9.962903365e-01,-3.424033133e-01
6.498800952e-01,1.430885437e+00,9.083314657e-01,-9.962741868e-01,-3.419350200e-01
6.510246738e-01,1.431865629e+00,9.102818246e-01,-9.962579691e-01,-3.414670345e-01
6.521700465e-01,1.432847190e+00,9.122344635e-01,-9.962416828e-01,-3.409993577e-01
6.533162138e-01,1.433830122e+00,9.141893842e-01,-9.962253279e-01,-3.405319901e-01
6.544631762e-01,1.434814425e+00,9.161465881e-01,-9.962089040e-01,-3.400649325e-01
6.556109343e-01,1.435800101e+00,9.181060769e-01,-9.961924108e-01,-3.395981857e-01
6.567594887e-01,1.436787151e+00,9.200678522e-01,-9.961758480e-01,-3.391317503e-01
6.579088398e-01,1.437775578e+00,9.220319154e-01,-9.961592154e-01,-3.386656270e-01
6.590589883e-01,1.438765382e+00,9.239982683e-01,-9.961425127e-01,-3.381998165e-01
6.602099346e-01,1.439756565e+00,9.259669125e-01,-9.961257394e-01,-3.377343195e-01
6.613616795e-01,1.440749128e+00,9.279378495e-01,-9.961088955e-01,-3.372691366e-01
6.625142233e-01,1.441743072e+00,9.299110809e-01,-9.960919805e-01,-3.368042687e-01
6.636675667e-01,1.442738400e+00,9.318866083e-01,-9.960749943e-01,-3.363397163e-01
6.648217102e-01,1.443735112e+00,9.338644333e-01,-9.960579364e-01,-3.358754801e-01
6.659766544e-01,1.444733211e+00,9.358445575e-01,-9.960408066e-01,-3.354115609e-01
6.671323998e-01,1.445732697e+00,9.378269825e-01,-9.960236046e-01,-3.349479593e-01
6.682889469e-01,1.446733571e+00,9.398117099e-01,-9.960063300e-01,-3.344846759e-01
6.694462965e-01,1.447735837e+00,9.417987413e-01,-9.959889827e-01,-3.340217115e-01
6.706044489e-01,1.448739493e+00,9.437880784e-01,-9.959715622e-01,-3.335590668e-01
6.717634047e-01,1.449744544e+00,9.457797226e-01,-9.959540684e-01,-3.330967423e-01
6.729231646e-01,1.450750989e+00,9.477736756e-01,-9.959365008e-01,-3.326347388e-01
6.740837290e-01,1.451758830e+00,9.497699390e-01,-9.959188592e-01,-3.321730569e-01
6.752450986e-01,1.452768068e+00,9.517685144e-01,-9.959011432e-01,-3.317116973e-01
6.764072738e-01,1.453778706e+00,9.537694034e-01,-9.958833527e-01,-3.312506606e-01
6.775702553e-01,1.454790744e+00,9.557726077e-01,-9.958654871e-01,-3.307899475e-01
6.787340436e-01,1.455804185e+00,9.577781287e-01,-9.958475463e-01,-3.303295587e-01
6.798986392e-01,1.456819028e+00,9.597859682e-01,-9.958295299e-01,-3.298694949e-01
6.810640428e-01,1.457835277e+00,9.617961277e-01,-9.958114377e-01,-3.294097565e-01
6.822302548e-01,1.458852932e+00,9.638086088e-01,-9.957932692e-01,-3.289503444e-01
6.833972759e-01,1.459871994e+00,9.658234131e-01,-9.957750242e-01,-3.284912592e-01
6.845651066e-01,1.460892466e+00,9.678405423e-01,-9.957567024e-01,-3.280325014e-01
6.857337474e-01,1.461914349e+00,9.698599980e-01,-9.957383034e-01,-3.275740718e-01
6.869031990e-01,1.462937644e+00,9.718817817e-01,-9.957198269e-01,-3.271159710e-01
6.880734619e-01,1.463962352e+00,9.739058950e-01,-9.957012727e-01,-3.266581996e-01
6.892445366e-01,1.464988476e+00,9.759323397e-01,-9.956826403e-01,-3.262007583e-01
6.904164237e-01,1.466016016e+00,9.779611172e-01,-9.956639295e-01,-3.257436476e-01
6.915891238e-01,1.467044974e+00,9.799922293e-01,-9.956451399e-01,-3.252868683e-01
6.927626375e-01,1.468075352e+00,9.820256774e-01,-9.956262712e-01,-3.248304209e-01
6.939369652e-01,1.469107151e+00,9.840614633e-01,-9.956073231e-01,-3.243743061e-01
6.951121076e-01,1.470140372e+00,9.860995885e-01,-9.955882953e-01,-3.239185244e-01
6.962880653e-01,1.471175017e+00,9.881400547e-01,-9.955691873e-01,-3.234630766e-01
6.974648388e-01,1.472211088e+00,9.901828634e-01,-9.955499990e-01,-3.230079632e-01
6.986424286e-01,1.473248585e+00,9.922280163e-01,-9.955307299e-01,-3.225531848e-01
6.998208354e-01,1.474287511e+00,9.942755150e-01,-9.955113797e-01,-3.220987422e-01
7.010000597e-01,1.475327867e+00,9.963253612e-01,-9.954919481e-01,-3.216446357e-01
7.021801020e-01,1.476369653e+00,9.983775563e-01,-9.954724348e-01,-3.211908662e-01
7.033609630e-01,1.477412873e+00,1.000432102e+00,-9.954528393e-01,-3.207374341e-01
7.045426432e-01,1.478457527e+00,1.002489000e+00,-9.954331614e-01,-3.202843401e-01
7.057251431e-01,1.479503616e+00,1.004548252e+00,-9.954134008e-01,-3.198315849e-01
7.069084634e-01,1.480551143e+00,1.006609860e+00,-9.953935570e-01,-3.193791689e-01
7.080926046e-01,1.481600109e+00,1.008673824e+00,-9.953736298e-01,-3.189270928e-01
7.092775673e-01,1.482650514e+00,1.010740148e+00,-9.953536187e-01,-3.184753571e-01
7.104633520e-01,1.483702362e+00,1.012808832e+00,-9.953335235e-01,-3.180239626e-01
7.116499594e-01,1.484755652e+00,1.014879877e+00,-9.953133438e-01,-3.175729097e-01
7.128373899e-01,1.485810387e+00,1.016953287e+00,-9.952930792e-01,-3.171221990e-01
7.140256442e-01,1.486866568e+00,1.019029061e+00,-9.952727295e-01,-3.166718312e-01
7.152147229e-01,1.487924197e+00,1.021107203e+00,-9.952522941e-01,-3.162218068e-01
7.164046264e-01,1.488983275e+00,1.023187713e+00,-9.952317729e-01,-3.157721264e-01
7.175953554e-01,1.490043803e+00,1.025270593e+00,-9.952111654e-01,-3.153227906e-01
7.187869105e-01,1.491105783e+00,1.027355845e+00,-9.951904712e-01,-3.148737999e-01
7.199792922e-01,1.492169217e+00,1.029443471e+00,-9.951696901e-01,-3.144251550e-01
7.211725011e-01,1.493234106e+00,1.031533471e+00,-9.951488216e-01,-3.139768563e-01
7.223665377e-01,1.494300452e+00,1.033625848e+00,-9.951278654e-01,-3.135289045e-01
7.235614027e-01,1.495368256e+00,1.035720603e+00,-9.951068212e-01,-3.130813001e-01
7.247570967e-01,1.496437519e+00,1.037817738e+00,-9.950856885e-01,-3.126340438e-01
7.259536201e-01,1.497508243e+00,1.039917255e+00,-9.950644670e-01,-3.121871359e-01
7.271509736e-01,1.498580429e+00,1.042019155e+00,-9.950431564e-01,-3.117405772e-01
7.283491577e-01,1.499654080e+00,1.044123440e+00,-9.950217562e-01,-3.112943682e-01
7.295481730e-01,1.500729196e+00,1.046230111e+00,-9.950002661e-01,-3.108485093e-01
7.307480202e-01,1.501805780e+00,1.048339170e+00,-9.949786857e-01,-3.104030013e-01
7.319486997e-01,1.502883831e+00,1.050450619e+00,-9.949570146e-01,-3.099578446e-01
7.331502122e-01,1.503963353e+00,1.052564460e+00,-9.949352526e-01,-3.095130397e-01
7.343525582e-01,1.505044346e+00,1.054680693e+00,-9.949133991e-01,-3.090685872e-01
7.355557383e-01,1.506126813e+00,1.056799321e+00,-9.948914539e-01,-3.086244878e-01
7.367597531e-01,1.507210754e+00,1.058920345e+00,-9.948694164e-01,-3.081807418e-01
7.379646032e-01,1.508296171e+00,1.061043767e+00,-9.948472865e-01,-3.077373498e-01
7.391702891e-01,1.509383065e+00,1.063169589e+00,-9.948250636e-01,-3.072943124e-01
7.403768115e-01,1.510471439e+00,1.065297812e+00,-9.948027474e-01,-3.068516301e-01
7.415841708e-01,1.511561293e+00,1.067428438e+00,-9.947803375e-01,-3.064093034e-01
7.427923677e-01,1.512652629e+00,1.069561468e+00,-9.947578335e-01,-3.059673329e-01
7.440014029e-01,1.513745449e+00,1.071696904e+00,-9.947352350e-01,-3.055257191e-01
7.452112767e-01,1.514839754e+00,1.073834748e+00,-9.947125417e-01,-3.050844625e-01
7.464219899e-01,1.515935546e+00,1.075975002e+00,-9.946897531e-01,-3.046435636e-01
7.476335430e-01,1.517032825e+00,1.078117666e+00,-9.946668688e-01,-3.042030229e-01
7.488459366e-01,1.518131595e+00,1.080262744e+00,-9.946438885e-01,-3.037628411e-01
7.500591713e-01,1.519231855e+00,1.082410235e+00,-9.946208118e-01,-3.033230184e-01
7.512732476e-01,1.520333609e+00,1.084560143e+00,-9.945976382e-01,-3.028835556e-01
7.524881662e-01,1.521436856e+00,1.086712468e+00,-9.945743674e-01,-3.024444531e-01
7.537039276e-01,1.522541600e+00,1.088867213e+00,-9.945509989e-01,-3.020057114e-01
7.549205324e-01,1.523647840e+00,1.091024379e+00,-9.945275324e-01,-3.015673309e-01
7.561379813e-01,1.524755580e+00,1.093183967e+00,-9.945039674e-01,-3.011293123e-01
7.573562747e-01,1.525864819e+00,1.095345979e+00,-9.944803036e-01,-3.006916560e-01
7.585754133e-01,1.526975561e+00,1.097510418e+00,-9.944565404e-01,-3.002543625e-01
7.597953976e-01,1.528087806e+00,1.099677284e+00,-9.944326776e-01,-2.998174323e-01
7.610162283e-01,1.529201556e+00,1.101846579e+00,-9.944087148e-01,-2.993808658e-01
7.622379059e-01,1.530316812e+00,1.104018305e+00,-9.943846514e-01,-2.989446637e-01
7.634604311e-01,1.531433576e+00,1.106192463e+00,-9.943604870e-01,-2.985088263e-01
7.646838043e-01,1.532551850e+00,1.108369056e+00,-9.943362214e-01,-2.980733541e-01
7.659080263e-01,1.533671635e+00,1.110548085e+00,-9.943118540e-01,-2.976382477e-01
7.671330975e-01,1.534792932e+00,1.112729551e+00,-9.942873844e-01,-2.972035075e-01
7.683590186e-01,1.535915743e+00,1.114913456e+00,-9.942628122e-01,-2.967691340e-01
7.695857902e-01,1.537040071e+00,1.117099803e+00,-9.942381369e-01,-2.963351276e-01
7.708134128e-01,1.538165915e+00,1.119288591e+00,-9.942133583e-01,-2.959014889e-01
7.720418871e-01,1.539293278e+00,1.121479824e+00,-9.941884757e-01,-2.954682183e-01
7.732712136e-01,1.540422161e+00,1.123673503e+00,-9.941634889e-01,-2.950353163e-01
7.745013929e-01,1.541552566e+00,1.125869629e+00,-9.941383973e-01,-2.946027833e-01
7.757324257e-01,1.542684494e+00,1.128068204e+00,-9.941132005e-01,-2.941706198e-01
7.769643124e-01,1.543817948e+00,1.130269230e+00,-9.940878981e-01,-2.937388263e-01
7.781970538e-01,1.544952927e+00,1.132472709e+00,-9.940624897e-01,-2.933074032e-01
7.794306503e-01,1.546089435e+00,1.134678642e+00,-9.940369748e-01,-2.928763510e-01
7.806651027e-01,1.547227472e+00,1.136887031e+00,-9.940113530e-01,-2.924456701e-01
7.819004114e-01,1.548367040e+00,1.139097877e+00,-9.939856238e-01,-2.920153610e-01
7.831365771e-01,1.549508141e+00,1.141311182e+00,-9.939597869e-01,-2.915854241e-01
7.843736004e-01,1.550650776e+00,1.143526948e+00,-9.939338417e-01,-2.911558599e-01
7.856114818e-01,1.551794947e+00,1.145745177e+00,-9.939077877e-01,-2.907266688e-01
7.868502220e-01,1.552940655e+00,1.147965870e+00,-9.938816247e-01,-2.902978513e-01
7.880898216e-01,1.554087901e+00,1.150189028e+00,-9.938553520e-01,-2.898694078e-01
7.893302811e-01,1.555236689e+00,1.152414654e+00,-9.938289693e-01,-2.894413387e-01
7.905716011e-01,1.556387018e+00,1.154642750e+00,-9.938024761e-01,-2.890136445e-01
7.918137823e-01,1.557538890e+00,1.156873316e+00,-9.937758720e-01,-2.885863257e-01
7.930568253e-01,1.558692308e+00,1.159106355e+00,-9.937491564e-01,-2.881593825e-01
7.943007306e-01,1.559847272e+00,1.161341868e+00,-9.937223290e-01,-2.877328155e-01
7.955454988e-01,1.561003784e+00,1.163579857e+00,-9.936953892e-01,-2.873066251e-01
7.967911306e-01,1.562161847e+00,1.165820324e+00,-9.936683366e-01,-2.868808118e-01
7.980376265e-01,1.563321460e+00,1.168063270e+00,-9.936411707e-01,-2.864553758e-01
7.992849871e-01,1.564482626e+00,1.170308696e+00,-9.936138912e-01,-2.860303177e-01
8.005332131e-01,1.565645347e+00,1.172556606e+00,-9.935864974e-01,-2.856056379e-01
8.017823050e-01,1.566809624e+00,1.174807000e+00,-9.935589889e-01,-2.851813368e-01
8.030322635e-01,1.567975458e+00,1.177059880e+00,-9.935313653e-01,-2.847574147e-01
8.042830891e-01,1.569142851e+00,1.179315247e+00,-9.935036261e-01,-2.843338721e-01
8.055347824e-01,1.570311805e+00,1.181573104e+00,-9.934757708e-01,-2.839107095e-01
8.067873441e-01,1.571482322e+00,1.183833452e+00,-9.934477989e-01,-2.834879271e-01
8.080407747e-01,1.572654402e+00,1.186096293e+00,-9.934197100e-01,-2.830655255e-01
8.092950749e-01,1.573828048e+00,1.188361628e+00,-9.933915035e-01,-2.826435050e-01
8.105502452e-01,1.575003260e+00,1.190629459e+00,-9.933631790e-01,-2.822218659e-01
8.118062863e-01,1.576180041e+00,1.192899789e+00,-9.933347360e-01,-2.818006088e-01
8.130631987e-01,1.577358393e+00,1.195172617e+00,-9.933061740e-01,-2.813797340e-01
8.143209831e-01,1.578538316e+00,1.197447947e+00,-9.932774925e-01,-2.809592418e-01
8.155796401e-01,1.579719812e+00,1.199725780e+00,-9.932486910e-01,-2.805391327e-01
8.168391702e-01,1.580902883e+00,1.202006117e+00,-9.932197690e-01,-2.801194071e-01
8.180995742e-01,1.582087531e+00,1.204288961e+00,-9.931907261e-01,-2.797000653e-01
8.193608525e-01,1.583273756e+00,1.206574313e+00,-9.931615617e-01,-2.792811077e-01
8.206230058e-01,1.584461562e+00,1.208862174e+00,-9.931322753e-01,-2.788625347e-01
8.218860347e-01,1.585650948e+00,1.211152547e+00,-9.931028664e-01,-2.784443467e-01
8.231499398e-01,1.586841918e+00,1.213445433e+00,-9.930733346e-01,-2.780265440e-01
8.244147217e-01,1.588034471e+00,1.215740834e+00,-9.930436793e-01,-2.776091270e-01
8.256803810e-01,1.589228611e+00,1.218038751e+00,-9.930139000e-01,-2.771920961e-01
8.269469184e-01,1.590424338e+00,1.220339186e+00,-9.929839961e-01,-2.767754516e-01
8.282143344e-01,1.591621655e+00,1.222642141e+00,-9.929539673e-01,-2.763591940e-01
8.294826297e-01,1.592820562e+00,1.224947618e+00,-9.929238129e-01,-2.759433235e-01
8.307518048e-01,1.594021061e+00,1.227255618e+00,-9.928935325e-01,-2.755278406e-01
8.320218604e-01,1.595223155e+00,1.229566143e+00,-9.928631255e-01,-2.751127455e-01
8.332927971e-01,1.596426844e+00,1.231879195e+00,-9.928325915e-01,-2.746980387e-01
8.345646155e-01,1.597632130e+00,1.234194776e+00,-9.928019298e-01,-2.742837205e-01
8.358373161e-01,1.598839015e+00,1.236512886e+00,-9.927711400e-01,-2.738697912e-01
8.371108997e-01,1.600047500e+00,1.238833528e+00,-9.927402215e-01,-2.734562512e-01
8.383853669e-01,1.601257587e+00,1.241156704e+00,-9.927091738e-01,-2.730431008e-01
8.396607181e-01,1.602469278e+00,1.243482415e+00,-9.926779963e-01,-2.726303404e-01
8.409369541e-01,1.603682574e+00,1.245810663e+00,-9.926466887e-01,-2.722179703e-01
8.422140755e-01,1.604897477e+00,1.248141450e+00,-9.926152502e-01,-2.718059909e-01
8.434920829e-01,1.606113988e+00,1.250474777e+00,-9.925836804e-01,-2.713944025e-01
8.447709769e-01,1.607332109e+00,1.252810646e+00,-9.925519787e-01,-2.709832053e-01
8.460507580e-01,1.608551841e+00,1.255149059e+00,-9.925201446e-01,-2.705723999e-01
8.473314270e-01,1.609773187e+00,1.257490018e+00,-9.924881775e-01,-2.701619864e-01
8.486129845e-01,1.610996147e+00,1.259833524e+00,-9.924560769e-01,-2.697519652e-01
8.498954310e-01,1.612220724e+00,1.262179579e+00,-9.924238423e-01,-2.693423367e-01
8.511787672e-01,1.613446919e+00,1.264528184e+00,-9.923914730e-01,-2.689331011e-01
8.524629937e-01,1.614674734e+00,1.266879342e+00,-9.923589686e-01,-2.685242588e-01
8.537481111e-01,1.615904170e+00,1.269233054e+00,-9.923263284e-01,-2.681158100e-01
8.550341200e-01,1.617135228e+00,1.271589322e+00,-9.922935520e-01,-2.677077552e-01
8.563210211e-01,1.618367911e+00,1.273948148e+00,-9.922606387e-01,-2.673000946e-01
8.576088149e-01,1.619602221e+00,1.276309533e+00,-9.922275881e-01,-2.668928285e-01
8.588975022e-01,1.620838158e+00,1.278673479e+00,-9.921943994e-01,-2.664859572e-01
8.601870834e-01,1.622075724e+00,1.281039988e+00,-9.921610723e-01,-2.660794811e-01
8.614775593e-01,1.623314922e+00,1.283409061e+00,-9.921276060e-01,-2.656734004e-01
8.627689304e-01,1.624555752e+00,1.285780700e+00,-9.920940000e-01,-2.652677155e-01
8.640611973e-01,1.625798216e+00,1.288154908e+00,-9.920602538e-01,-2.648624266e-01
8.653543608e-01,1.627042316e+00,1.290531685e+00,-9.920263668e-01,-2.644575340e-01
8.666484214e-01,1.628288053e+00,1.292911033e+00,-9.919923383e-01,-2.640530381e-01
8.679433797e-01,1.629535430e+00,1.295292955e+00,-9.919581679e-01,-2.636489391e-01
8.692392364e-01,1.630784447e+00,1.297677452e+00,-9.919238549e-01,-2.632452373e-01
8.705359920e-01,1.632035107e+00,1.300064525e+00,-9.918893988e-01,-2.628419330e-01
8.718336473e-01,1.633287411e+00,1.302454177e+00,-9.918547989e-01,-2.624390265e-01
8.731322028e-01,1.634541360e+00,1.304846408e+00,-9.918200546e-01,-2.620365181e-01
8.744316591e-01,1.635796957e+00,1.307241222e+00,-9.917851655e-01,-2.616344080e-01
8.757320169e-01,1.637054203e+00,1.309638619e+00,-9.917501308e-01,-2.612326965e-01
8.770332769e-01,1.638313099e+00,1.312038601e+00,-9.917149500e-01,-2.608313839e-01
8.783354395e-01,1.639573648e+00,1.314441171e+00,-9.916796224e-01,-2.604304705e-01
8.796385055e-01,1.640835850e+00,1.316846329e+00,-9.916441476e-01,-2.600299566e-01
8.809424755e-01,1.642099708e+00,1.319254078e+00,-9.916085248e-01,-2.596298423e-01
8.822473501e-01,1.643365223e+00,1.321664419e+00,-9.915727535e-01,-2.592301280e-01
8.835531299e-01,1.644632396e+00,1.324077354e+00,-9.915368330e-01,-2.588308140e-01
8.848598156e-01,1.645901231e+00,1.326492885e+00,-9.915007628e-01,-2.584319005e-01
8.861674078e-01,1.647171727e+00,1.328911013e+00,-9.914645422e-01,-2.580333877e-01
8.874759071e-01,1.648443887e+00,1.331331741e+00,-9.914281706e-01,-2.576352760e-01
8.887853142e-01,1.649717712e+00,1.333755070e+00,-9.913916474e-01,-2.572375656e-01
8.900956296e-01,1.650993205e+00,1.336181001e+00,-9.913549720e-01,-2.568402566e-01
8.914068541e-01,1.652270366e+00,1.338609537e+00,-9.913181437e-01,-2.564433495e-01
8.927189882e-01,1.653549197e+00,1.341040680e+00,-9.912811619e-01,-2.560468444e-01
8.940320325e-01,1.654829701e+00,1.343474430e+00,-9.912440260e-01,-2.556507416e-01
8.953459878e-01,1.656111878e+00,1.345910790e+00,-9.912067354e-01,-2.552550413e-01
8.966608546e-01,1.657395730e+00,1.348349762e+00,-9.911692893e-01,-2.548597437e-01
8.979766336e-01,1.658681259e+00,1.350791347e+00,-9.911316873e-01,-2.544648492e-01
8.992933253e-01,1.659968467e+00,1.353235547e+00,-9.910939286e-01,-2.540703579e-01
9.006109306e-01,1.661257356e+00,1.355682364e+00,-9.910560126e-01,-2.536762700e-01
9.019294498e-01,1.662547926e+00,1.358131799e+00,-9.910179387e-01,-2.532825859e-01
9.032488838e-01,1.663840180e+00,1.360583855e+00,-9.909797061e-01,-2.528893057e-01
9.045692331e-01,1.665134119e+00,1.363038533e+00,-9.909413143e-01,-2.524964297e-01
9.058904984e-01,1.666429745e+00,1.365495834e+00,-9.909027627e-01,-2.521039581e-01
9.072126803e-01,1.667727060e+00,1.367955761e+00,-9.908640504e-01,-2.517118911e-01
9.085357795e-01,1.669026065e+00,1.370418316e+00,-9.908251770e-01,-2.513202289e-01
9.098597965e-01,1.670326762e+00,1.372883500e+00,-9.907861416e-01,-2.509289718e-01
9.111847320e-01,1.671629153e+00,1.375351315e+00,-9.907469438e-01,-2.505381200e-01
9.125105867e-01,1.672933239e+00,1.377821762e+00,-9.907075827e-01,-2.501476736e-01
9.138373612e-01,1.674239022e+00,1.380294844e+00,-9.906680578e-01,-2.497576330e-01
9.151650561e-01,1.675546504e+00,1.382770562e+00,-9.906283683e-01,-2.493679983e-01
9.164936721e-01,1.676855686e+00,1.385248918e+00,-9.905885136e-01,-2.489787697e-01
9.178232098e-01,1.678166570e+00,1.387729914e+00,-9.905484931e-01,-2.485899474e-01
9.191536698e-01,1.679479158e+00,1.390213552e+00,-9.905083059e-01,-2.482015317e-01
9.204850528e-01,1.680793451e+00,1.392699833e+00,-9.904679515e-01,-2.478135227e-01
9.218173594e-01,1.682109452e+00,1.395188758e+00,-9.904274292e-01,-2.474259206e-01
9.231505903e-01,1.683427161e+00,1.397680331e+00,-9.903867382e-01,-2.470387257e-01
9.244847462e-01,1.684746581e+00,1.400174553e+00,-9.903458779e-01,-2.466519381e-01
9.258198275e-01,1.686067712e+00,1.402671424e+00,-9.903048476e-01,-2.462655580e-01
9.271558351e-01,1.687390558e+00,1.405170948e+00,-9.902636466e-01,-2.458795856e-01
9.284927695e-01,1.688715119e+00,1.407673127e+00,-9.902222741e-01,-2.454940211e-01
9.298306314e-01,1.690041398e+00,1.410177960e+00,-9.901807296e-01,-2.451088648e-01
9.311694213e-01,1.691369395e+00,1.412685452e+00,-9.901390123e-01,-2.447241167e-01
9.325091401e-01,1.692699113e+00,1.415195603e+00,-9.900971214e-01,-2.443397770e-01
9.338497883e-01,1.694030553e+00,1.417708414e+00,-9.900550563e-01,-2.439558460e-01
9.351913665e-01,1.695363718e+00,1.420223889e+00,-9.900128163e-01,-2.435723238e-01
9.365338754e-01,1.696698607e+00,1.422742029e+00,-9.899704006e-01,-2.431892106e-01
9.378773157e-01,1.698035225e+00,1.425262835e+00,-9.899278085e-01,-2.428065066e-01
9.392216879e-01,1.699373571e+00,1.427786309e+00,-9.898850393e-01,-2.424242119e-01
9.405669928e-01,1.700713649e+00,1.430312453e+00,-9.898420923e-01,-2.420423267e-01
9.419132310e-01,1.702055459e+00,1.432841270e+00,-9.897989668e-01,-2.416608512e-01
9.432604031e-01,1.703399003e+00,1.435372760e+00,-9.897556620e-01,-2.412797855e-01
9.446085098e-01,1.704744283e+00,1.437906925e+00,-9.897121771e-01,-2.408991298e-01
9.459575517e-01,1.706091300e+00,1.440443768e+00,-9.896685115e-01,-2.405188843e-01
9.473075295e-01,1.707440058e+00,1.442983289e+00,-9.896246644e-01,-2.401390491e-01
9.486584438e-01,1.708790556e+00,1.445525492e+00,-9.895806351e-01,-2.397596244e-01
9.500102953e-01,1.710142797e+00,1.448070377e+00,-9.895364228e-01,-2.393806103e-01
9.513630846e-01,1.711496782e+00,1.450617947e+00,-9.894920268e-01,-2.390020070e-01
9.527168124e-01,1.712852514e+00,1.453168203e+00,-9.894474463e-01,-2.386238147e-01
9.540714793e-01,1.714209993e+00,1.455721147e+00,-9.894026806e-01,-2.382460334e-01
9.554270860e-01,1.715569223e+00,1.458276780e+00,-9.893577289e-01,-2.378686634e-01
9.567836332e-01,1.716930203e+00,1.460835106e+00,-9.893125904e-01,-2.374917047e-01
9.581411214e-01,1.718292937e+00,1.463396125e+00,-9.892672645e-01,-2.371151576e-01
9.594995514e-01,1.719657425e+00,1.465959839e+00,-9.892217502e-01,-2.367390221e-01
9.608589237e-01,1.721023671e+00,1.468526250e+00,-9.891760469e-01,-2.363632984e-01
9.622192391e-01,1.722391674e+00,1.471095361e+00,-9.891301538e-01,-2.359879866e-01
9.635804982e-01,1.723761437e+00,1.473667172e+00,-9.890840702e-01,-2.356130870e-01
9.649427016e-01,1.725132962e+00,1.476241685e+00,-9.890377951e-01,-2.352385995e-01
9.663058501e-01,1.726506251e+00,1.478818903e+00,-9.889913279e-01,-2.348645243e-01
9.676699442e-01,1.727881305e+00,1.481398827e+00,-9.889446677e-01,-2.344908616e-01
9.690349846e-01,1.729258126e+00,1.483981459e+00,-9.888978139e-01,-2.341176115e-01
9.704009720e-01,1.730636715e+00,1.486566801e+00,-9.888507655e-01,-2.337447741e-01
9.717679070e-01,1.732017075e+00,1.489154854e+00,-9.888035218e-01,-2.333723495e-01
9.731357903e-01,1.733399207e+00,1.491745621e+00,-9.887560820e-01,-2.330003379e-01
9.745046226e-01,1.734783112e+00,1.494339103e+00,-9.887084453e-01,-2.326287393e-01
9.758744045e-01,1.736168794e+00,1.496935302e+00,-9.886606109e-01,-2.322575539e-01
9.772451366e-01,1.737556253e+00,1.499534220e+00,-9.886125780e-01,-2.318867818e-01
9.786168197e-01,1.738945491e+00,1.502135859e+00,-9.885643457e-01,-2.315164230e-01
9.799894544e-01,1.740336509e+00,1.504740220e+00,-9.885159133e-01,-2.311464779e-01
9.813630413e-01,1.741729311e+00,1.507347305e+00,-9.884672800e-01,-2.307769463e-01
9.827375811e-01,1.743123896e+00,1.509957117e+00,-9.884184449e-01,-2.304078284e-01
9.841130744e-01,1.744520268e+00,1.512569657e+00,-9.883694072e-01,-2.300391244e-01
9.854895220e-01,1.745918428e+00,1.515184927e+00,-9.883201661e-01,-2.296708343e-01
9.868669245e-01,1.747318377e+00,1.517802928e+00,-9.882707207e-01,-2.293029582e-01
9.882452825e-01,1.748720118e+00,1.520423663e+00,-9.882210702e-01,-2.289354963e-01
9.896245968e-01,1.750123652e+00,1.523047133e+00,-9.881712138e-01,-2.285684485e-01
9.910048679e-01,1.751528980e+00,1.525673340e+00,-9.881211507e-01,-2.282018151e-01
9.923860966e-01,1.752936105e+00,1.528302287e+00,-9.880708799e-01,-2.278355961e-01
9.937682834e-01,1.754345029e+00,1.530933974e+00,-9.880204007e-01,-2.274697916e-01
9.951514292e-01,1.755755753e+00,1.533568404e+00,-9.879697122e-01,-2.271044017e-01
9.965355345e-01,1.757168278e+00,1.536205579e+00,-9.879188136e-01,-2.267394264e-01
9.979205999e-01,1.758582608e+00,1.538845499e+00,-9.878677040e-01,-2.263748658e-01
9.993066263e-01,1.759998743e+00,1.541488169e+00,-9.878163825e-01,-2.260107201e-01
1.000693614e+00,1.761416685e+00,1.544133588e+00,-9.877648482e-01,-2.256469894e-01
1.002081564e+00,1.762836436e+00,1.546781759e+00,-9.877131004e-01,-2.252836735e-01
1.003470477e+00,1.764257997e+00,1.549432684e+00,-9.876611381e-01,-2.249207728e-01
1.004860354e+00,1.765681372e+00,1.552086364e+00,-9.876089605e-01,-2.245582872e-01
1.006251194e+00,1.767106560e+00,1.554742802e+00,-9.875565666e-01,-2.241962168e-01
1.007643000e+00,1.768533565e+00,1.557401999e+00,-9.875039557e-01,-2.238345616e-01
1.009035771e+00,1.769962387e+00,1.560063957e+00,-9.874511268e-01,-2.234733218e-01
1.010429508e+00,1.771393030e+00,1.562728679e+00,-9.873980790e-01,-2.231124974e-01
1.011824213e+00,1.772825493e+00,1.565396165e+00,-9.873448115e-01,-2.227520885e-01
1.013219884e+00,1.774259780e+00,1.568066418e+00,-9.872913233e-01,-2.223920951e-01
1.014616524e+00,1.775695892e+00,1.570739439e+00,-9.872376136e-01,-2.220325173e-01
1.016014133e+00,1.777133830e+00,1.573415231e+00,-9.871836814e-01,-2.216733552e-01
1.017412712e+00,1.778573597e+00,1.576093795e+00,-9.871295259e-01,-2.213146087e-01
1.018812260e+00,1.780015194e+00,1.578775134e+00,-9.870751461e-01,-2.209562780e-01
1.020212780e+00,1.781458624e+00,1.581459248e+00,-9.870205412e-01,-2.205983632e-01
1.021614271e+00,1.782903887e+00,1.584146140e+00,-9.869657102e-01,-2.202408641e-01
1.023016735e+00,1.784350986e+00,1.586835812e+00,-9.869106521e-01,-2.198837810e-01
1.024420171e+00,1.785799923e+00,1.589528266e+00,-9.868553662e-01,-2.195271139e-01
1.025824581e+00,1.787250699e+00,1.592223503e+00,-9.867998513e-01,-2.191708627e-01
1.027229965e+00,1.788703315e+00,1.594921525e+00,-9.867441067e-01,-2.188150276e-01
1.028636325e+00,1.790157775e+00,1.597622334e+00,-9.866881314e-01,-2.184596085e-01
1.030043660e+00,1.791614080e+00,1.600325933e+00,-9.866319244e-01,-2.181046056e-01
1.031451971e+00,1.793072231e+00,1.603032322e+00,-9.865754849e-01,-2.177500188e-01
1.032861259e+00,1.794532230e+00,1.605741505e+00,-9.865188118e-01,-2.173958482e-01
1.034271525e+00,1.795994079e+00,1.608453482e+00,-9.864619042e-01,-2.170420939e-01
1.035682769e+00,1.797457781e+00,1.611168255e+00,-9.864047611e-01,-2.166887558e-01
1.037094992e+00,1.798923335e+00,1.613885827e+00,-9.863473817e-01,-2.163358340e-01
1.038508195e+00,1.800390746e+00,1.616606199e+00,-9.862897649e-01,-2.159833284e-01
1.039922379e+00,1.801860014e+00,1.619329374e+00,-9.862319098e-01,-2.156312393e-01
1.041337543e+00,1.803331141e+00,1.622055352e+00,-9.861738154e-01,-2.152795664e-01
1.042753689e+00,1.804804128e+00,1.624784137e+00,-9.861154808e-01,-2.149283100e-01
1.044170818e+00,1.806278979e+00,1.627515729e+00,-9.860569049e-01,-2.145774700e-01
1.045588930e+00,1.807755694e+00,1.630250131e+00,-9.859980868e-01,-2.142270463e-01
1.047008025e+00,1.809234276e+00,1.632987345e+00,-9.859390255e-01,-2.138770392e-01
1.048428105e+00,1.810714726e+00,1.635727372e+00,-9.858797200e-01,-2.135274484e-01
1.049849170e+00,1.812197046e+00,1.638470214e+00,-9.858201694e-01,-2.131782741e-01
1.051271221e+00,1.813681237e+00,1.641215874e+00,-9.857603726e-01,-2.128295163e-01
1.052694259e+00,1.815167303e+00,1.643964353e+00,-9.857003286e-01,-2.124811750e-01
1.054118284e+00,1.816655244e+00,1.646715653e+00,-9.856400365e-01,-2.121332502e-01
1.055543296e+00,1.818145062e+00,1.649469776e+00,-9.855794952e-01,-2.117857418e-01
1.056969297e+00,1.819636759e+00,1.652226724e+00,-9.855187037e-01,-2.114386500e-01
1.058396288e+00,1.821130338e+00,1.654986498e+00,-9.854576610e-01,-2.110919746e-01
1.059824268e+00,1.822625799e+00,1.657749101e+00,-9.853963662e-01,-2.107457158e-01
1.061253239e+00,1.824123145e+00,1.660514535e+00,-9.853348180e-01,-2.103998734e-01
1.062683202e+00,1.825622377e+00,1.663282801e+00,-9.852730157e-01,-2.100544475e-01
1.064114156e+00,1.827123498e+00,1.666053901e+00,-9.852109580e-01,-2.097094382e-01
1.065546103e+00,1.828626509e+00,1.668827838e+00,-9.851486440e-01,-2.093648452e-01
1.066979044e+00,1.830131412e+00,1.671604612e+00,-9.850860727e-01,-2.090206688e-01
1.068412978e+00,1.831638209e+00,1.674384227e+00,-9.850232429e-01,-2.086769088e-01
1.069847908e+00,1.833146902e+00,1.677166684e+00,-9.849601538e-01,-2.083335653e-01
1.071283832e+00,1.834657492e+00,1.679951984e+00,-9.848968041e-01,-2.079906382e-01
1.072720753e+00,1.836169981e+00,1.682740131e+00,-9.848331928e-01,-2.076481275e-01
1.074158671e+00,1.837684372e+00,1.685531125e+00,-9.847693190e-01,-2.073060332e-01
1.075597586e+00,1.839200666e+00,1.688324968e+00,-9.847051814e-01,-2.069643553e-01
1.077037500e+00,1.840718865e+00,1.691121663e+00,-9.846407792e-01,-2.066230937e-01
1.078478412e+00,1.842238970e+00,1.693921212e+00,-9.845761111e-01,-2.062822484e-01
1.079920325e+00,1.843760985e+00,1.696723615e+00,-9.845111762e-01,-2.059418195e-01
1.081363237e+00,1.845284909e+00,1.699528876e+00,-9.844459732e-01,-2.056018068e-01
1.082807150e+00,1.846810746e+00,1.702336996e+00,-9.843805013e-01,-2.052622104e-01
1.084252065e+00,1.848338498e+00,1.705147978e+00,-9.843147592e-01,-2.049230303e-01
1.085697983e+00,1.849868165e+00,1.707961822e+00,-9.842487458e-01,-2.045842663e-01
1.087144903e+00,1.851399751e+00,1.710778531e+00,-9.841824602e-01,-2.042459184e-01
1.088592828e+00,1.852933256e+00,1.713598107e+00,-9.841159011e-01,-2.039079867e-01
1.090041756e+00,1.854468683e+00,1.716420552e+00,-9.840490675e-01,-2.035704710e-01
1.091491690e+00,1.856006034e+00,1.719245867e+00,-9.839819583e-01,-2.032333714e-01
1.092942630e+00,1.857545310e+00,1.722074055e+00,-9.839145723e-01,-2.028966878e-01
1.094394577e+00,1.859086513e+00,1.724905118e+00,-9.838469084e-01,-2.025604202e-01
1.095847530e+00,1.860629645e+00,1.727739057e+00,-9.837789656e-01,-2.022245685e-01
1.097301492e+00,1.862174709e+00,1.730575875e+00,-9.837107426e-01,-2.018891326e-01
1.098756462e+00,1.863721705e+00,1.733415573e+00,-9.836422384e-01,-2.015541126e-01
1.100212442e+00,1.865270637e+00,1.736258153e+00,-9.835734519e-01,-2.012195083e-01
1.101669432e+00,1.866821505e+00,1.739103617e+00,-9.835043817e-01,-2.008853198e-01
1.103127432e+00,1.868374311e+00,1.741951968e+00,-9.834350270e-01,-2.005515469e-01
1.104586444e+00,1.869929058e+00,1.744803207e+00,-9.833653864e-01,-2.002181896e-01
1.106046468e+00,1.871485747e+00,1.747657335e+00,-9.832954588e-01,-1.998852480e-01
1.107507505e+00,1.873044381e+00,1.750514356e+00,-9.832252432e-01,-1.995527218e-01
1.108969556e+00,1.874604961e+00,1.753374271e+00,-9.831547382e-01,-1.992206110e-01
1.110432621e+00,1.876167488e+00,1.756237081e+00,-9.830839428e-01,-1.988889157e-01
1.111896700e+00,1.877731966e+00,1.759102789e+00,-9.830128558e-01,-1.985576356e-01
1.113361796e+00,1.879298395e+00,1.761971397e+00,-9.829414760e-01,-1.982267708e-01
1.114827908e+00,1.880866778e+00,1.764842907e+00,-9.828698022e-01,-1.978963212e-01
1.116295037e+00,1.882437117e+00,1.767717321e+00,-9.827978332e-01,-1.975662868e-01
1.117763184e+00,1.884009413e+00,1.770594640e+00,-9.827255679e-01,-1.972366674e-01
1.119232349e+00,1.885583668e+00,1.773474866e+00,-9.826530051e-01,-1.969074629e-01
1.120702533e+00,1.887159885e+00,1.776358002e+00,-9.825801435e-01,-1.965786734e-01
1.122173738e+00,1.888738065e+00,1.779244050e+00,-9.825069819e-01,-1.962502988e-01
1.123645963e+00,1.890318210e+00,1.782133011e+00,-9.824335192e-01,-1.959223388e-01
1.125119209e+00,1.891900322e+00,1.785024887e+00,-9.823597542e-01,-1.955947936e-01
1.126593478e+00,1.893484403e+00,1.787919681e+00,-9.822856855e-01,-1.952676630e-01
1.128068769e+00,1.895070454e+00,1.790817394e+00,-9.822113121e-01,-1.949409469e-01
1.129545083e+00,1.896658479e+00,1.793718029e+00,-9.821366326e-01,-1.946146453e-01
1.131022422e+00,1.898248478e+00,1.796621586e+00,-9.820616459e-01,-1.942887580e-01
1.132500786e+00,1.899840454e+00,1.799528069e+00,-9.819863506e-01,-1.939632850e-01
1.133980175e+00,1.901434408e+00,1.802437479e+00,-9.819107457e-01,-1.936382262e-01
1.135460591e+00,1.903030342e+00,1.805349818e+00,-9.818348297e-01,-1.933135815e-01
1.136942033e+00,1.904628259e+00,1.808265088e+00,-9.817586015e-01,-1.929893508e-01
1.138424503e+00,1.906228160e+00,1.811183291e+00,-9.816820599e-01,-1.926655340e-01
1.139908002e+00,1.907830047e+00,1.814104430e+00,-9.816052035e-01,-1.923421311e-01
1.141392530e+00,1.909433923e+00,1.817028505e+00,-9.815280310e-01,-1.920191419e-01
1.142878088e+00,1.911039788e+00,1.819955519e+00,-9.814505413e-01,-1.916965664e-01
1.144364676e+00,1.912647645e+00,1.822885475e+00,-9.813727330e-01,-1.913744043e-01
1.145852296e+00,1.914257496e+00,1.825818373e+00,-9.812946049e-01,-1.910526558e-01
1.147340948e+00,1.915869343e+00,1.828754216e+00,-9.812161557e-01,-1.907313206e-01
1.148830632e+00,1.917483188e+00,1.831693006e+00,-9.811373841e-01,-1.904103986e-01
1.150321350e+00,1.919099033e+00,1.834634745e+00,-9.810582887e-01,-1.900898897e-01
1.151813102e+00,1.920716879e+00,1.837579435e+00,-9.809788684e-01,-1.897697939e-01
1.153305889e+00,1.922336728e+00,1.840527078e+00,-9.808991217e-01,-1.894501110e-01
1.154799711e+00,1.923958583e+00,1.843477676e+00,-9.808190475e-01,-1.891308410e-01
1.156294570e+00,1.925582446e+00,1.846431230e+00,-9.807386443e-01,-1.888119836e-01
1.157790466e+00,1.927208318e+00,1.849387744e+00,-9.806579108e-01,-1.884935389e-01
1.159287399e+00,1.928836201e+00,1.852347218e+00,-9.805768458e-01,-1.881755066e-01
1.160785371e+00,1.930466097e+00,1.855309655e+00,-9.804954479e-01,-1.878578867e-01
1.162284383e+00,1.932098009e+00,1.858275057e+00,-9.804137157e-01,-1.875406791e-01
1.163784434e+00,1.933731938e+00,1.861243425e+00,-9.803316480e-01,-1.872238836e-01
1.165285526e+00,1.935367886e+00,1.864214763e+00,-9.802492433e-01,-1.869075001e-01
1.166787659e+00,1.937005856e+00,1.867189071e+00,-9.801665004e-01,-1.865915285e-01
1.168290834e+00,1.938645848e+00,1.870166352e+00,-9.800834179e-01,-1.862759687e-01
1.169795052e+00,1.940287865e+00,1.873146608e+00,-9.799999943e-01,-1.859608206e-01
1.171300314e+00,1.941931910e+00,1.876129841e+00,-9.799162284e-01,-1.856460840e-01
1.172806619e+00,1.943577983e+00,1.879116052e+00,-9.798321188e-01,-1.853317588e-01
1.174313970e+00,1.945226087e+00,1.882105244e+00,-9.797476641e-01,-1.850178448e-01
1.175822367e+00,1.946876224e+00,1.885097420e+00,-9.796628629e-01,-1.847043421e-01
1.177331810e+00,1.948528396e+00,1.888092580e+00,-9.795777138e-01,-1.843912503e-01
1.178842300e+00,1.950182604e+00,1.891090726e+00,-9.794922155e-01,-1.840785695e-01
1.180353838e+00,1.951838852e+00,1.894091862e+00,-9.794063665e-01,-1.837662994e-01
1.181866424e+00,1.953497140e+00,1.897095989e+00,-9.793201655e-01,-1.834544399e-01
1.183380060e+00,1.955157471e+00,1.900103108e+00,-9.792336110e-01,-1.831429909e-01
1.184894746e+00,1.956819847e+00,1.903113223e+00,-9.791467016e-01,-1.828319523e-01
1.186410483e+00,1.958484269e+00,1.906126334e+00,-9.790594359e-01,-1.825213238e-01
1.187927271e+00,1.960150740e+00,1.909142444e+00,-9.789718125e-01,-1.822111055e-01
1.189445112e+00,1.961819262e+00,1.912161556e+00,-9.788838300e-01,-1.819012970e-01
1.190964005e+00,1.963489836e+00,1.915183670e+00,-9.787954868e-01,-1.815918984e-01
1.192483952e+00,1.965162465e+00,1.918208789e+00,-9.787067817e-01,-1.812829094e-01
1.194004954e+00,1.966837151e+00,1.921236916e+00,-9.786177130e-01,-1.809743299e-01
1.195527011e+00,1.968513895e+00,1.924268051e+00,-9.785282795e-01,-1.806661597e-01
1.197050124e+00,1.970192700e+00,1.927302198e+00,-9.784384795e-01,-1.803583988e-01
1.198574293e+00,1.971873567e+00,1.930339357e+00,-9.783483118e-01,-1.800510469e-01
1.200099520e+00,1.973556499e+00,1.933379532e+00,-9.782577747e-01,-1.797441039e-01
1.201625805e+00,1.975241498e+00,1.936422724e+00,-9.781668668e-01,-1.794375696e-01
1.203153148e+00,1.976928565e+00,1.939468935e+00,-9.780755867e-01,-1.791314439e-01
1.204681551e+00,1.978617703e+00,1.942518168e+00,-9.779839328e-01,-1.788257267e-01
1.206211015e+00,1.980308913e+00,1.945570424e+00,-9.778919037e-01,-1.785204178e-01
1.207741540e+00,1.982002198e+00,1.948625705e+00,-9.777994979e-01,-1.782155169e-01
1.209273126e+00,1.983697560e+00,1.951684013e+00,-9.777067138e-01,-1.779110241e-01
1.210805775e+00,1.985395000e+00,1.954745351e+00,-9.776135500e-01,-1.776069390e-01
1.212339487e+00,1.987094521e+00,1.957809721e+00,-9.775200050e-01,-1.773032616e-01
1.213874263e+00,1.988796124e+00,1.960877124e+00,-9.774260772e-01,-1.769999917e-01
1.215410104e+00,1.990499813e+00,1.963947562e+00,-9.773317650e-01,-1.766971291e-01
1.216947010e+00,1.992205587e+00,1.967021038e+00,-9.772370671e-01,-1.763946736e-01
1.218484983e+00,1.993913451e+00,1.970097554e+00,-9.771419818e-01,-1.760926251e-01
1.220024022e+00,1.995623405e+00,1.973177112e+00,-9.770465076e-01,-1.757909835e-01
1.221564129e+00,1.997335452e+00,1.976259713e+00,-9.769506429e-01,-1.754897484e-01
1.223105305e+00,1.999049594e+00,1.979345360e+00,-9.768543862e-01,-1.751889199e-01
1.224647550e+00,2.000765832e+00,1.982434055e+00,-9.767577360e-01,-1.748884976e-01
1.226190864e+00,2.002484170e+00,1.985525800e+00,-9.766606906e-01,-1.745884815e-01
1.227735250e+00,2.004204608e+00,1.988620597e+00,-9.765632486e-01,-1.742888713e-01
1.229280706e+00,2.005927149e+00,1.991718448e+00,-9.764654083e-01,-1.739896669e-01
1.230827235e+00,2.007651795e+00,1.994819355e+00,-9.763671681e-01,-1.736908681e-01
1.232374837e+00,2.009378548e+00,1.997923321e+00,-9.762685264e-01,-1.733924747e-01
1.233923512e+00,2.011107409e+00,2.001030346e+00,-9.761694818e-01,-1.730944865e-01
1.235473262e+00,2.012838382e+00,2.004140434e+00,-9.760700325e-01,-1.727969034e-01
1.237024087e+00,2.014571468e+00,2.007253587e+00,-9.759701769e-01,-1.724997252e-01
1.238575987e+00,2.016306669e+00,2.010369805e+00,-9.758699135e-01,-1.722029517e-01
1.240128965e+00,2.018043987e+00,2.013489093e+00,-9.757692406e-01,-1.719065826e-01
1.241683019e+00,2.019783425e+00,2.016611451e+00,-9.756681565e-01,-1.716106179e-01
1.243238152e+00,2.021524983e+00,2.019736881e+00,-9.755666598e-01,-1.713150573e-01
1.244794364e+00,2.023268665e+00,2.022865387e+00,-9.754647487e-01,-1.710199007e-01
1.246351655e+00,2.025014473e+00,2.025996969e+00,-9.753624215e-01,-1.707251478e-01
1.247910026e+00,2.026762407e+00,2.029131630e+00,-9.752596767e-01,-1.704307985e-01
1.249469479e+00,2.028512471e+00,2.032269372e+00,-9.751565126e-01,-1.701368525e-01
1.251030013e+00,2.030264667e+00,2.035410197e+00,-9.750529275e-01,-1.698433097e-01
1.252591630e+00,2.032018996e+00,2.038554108e+00,-9.749489198e-01,-1.695501699e-01
1.254154331e+00,2.033775461e+00,2.041701105e+00,-9.748444877e-01,-1.692574329e-01
1.255718115e+00,2.035534064e+00,2.044851192e+00,-9.747396296e-01,-1.689650984e-01
1.257282985e+00,2.037294806e+00,2.048004371e+00,-9.746343438e-01,-1.686731664e-01
1.258848940e+00,2.039057690e+00,2.051160643e+00,-9.745286287e-01,-1.683816365e-01
1.260415981e+00,2.040822718e+00,2.054320010e+00,-9.744224824e-01,-1.680905086e-01
1.261984110e+00,2.042589892e+00,2.057482475e+00,-9.743159034e-01,-1.677997825e-01
1.263553326e+00,2.044359214e+00,2.060648040e+00,-9.742088899e-01,-1.675094580e-01
1.265123631e+00,2.046130687e+00,2.063816707e+00,-9.741014401e-01,-1.672195349e-01
1.266695025e+00,2.047904311e+00,2.066988478e+00,-9.739935524e-01,-1.669300129e-01
1.268267509e+00,2.049680090e+00,2.070163355e+00,-9.738852251e-01,-1.666408919e-01
1.269841085e+00,2.051458025e+00,2.073341341e+00,-9.737764563e-01,-1.663521717e-01
1.271415752e+00,2.053238118e+00,2.076522436e+00,-9.736672443e-01,-1.660638520e-01
1.272991511e+00,2.055020373e+00,2.079706644e+00,-9.735575875e-01,-1.657759326e-01
1.274568364e+00,2.056804789e+00,2.082893967e+00,-9.734474840e-01,-1.654884134e-01
1.276146310e+00,2.058591371e+00,2.086084406e+00,-9.733369321e-01,-1.652012941e-01
1.277725351e+00,2.060380119e+00,2.089277964e+00,-9.732259299e-01,-1.649145744e-01
1.279305488e+00,2.062171036e+00,2.092474643e+00,-9.731144758e-01,-1.646282543e-01
1.280886720e+00,2.063964124e+00,2.095674444e+00,-9.730025680e-01,-1.643423334e-01
1.282469050e+00,2.065759386e+00,2.098877371e+00,-9.728902045e-01,-1.640568116e-01
1.284052478e+00,2.067556822e+00,2.102083425e+00,-9.727773838e-01,-1.637716886e-01
1.285637003e+00,2.069356436e+00,2.105292608e+00,-9.726641039e-01,-1.634869642e-01
1.287222629e+00,2.071158229e+00,2.108504923e+00,-9.725503630e-01,-1.632026382e-01
1.288809354e+00,2.072962204e+00,2.111720372e+00,-9.724361594e-01,-1.629187104e-01
1.290397180e+00,2.074768362e+00,2.114938956e+00,-9.723214912e-01,-1.626351806e-01
1.291986107e+00,2.076576706e+00,2.118160677e+00,-9.722063565e-01,-1.623520484e-01
1.293576137e+00,2.078387238e+00,2.121385539e+00,-9.720907536e-01,-1.620693138e-01
1.295167270e+00,2.080199960e+00,2.124613543e+00,-9.719746806e-01,-1.617869764e-01
1.296759506e+00,2.082014873e+00,2.127844691e+00,-9.718581357e-01,-1.615050361e-01
1.298352847e+00,2.083831982e+00,2.131078985e+00,-9.717411169e-01,-1.612234926e-01
1.299947294e+00,2.085651286e+00,2.134316428e+00,-9.716236224e-01,-1.609423457e-01
1.301542847e+00,2.087472789e+00,2.137557022e+00,-9.715056504e-01,-1.606615952e-01
1.303139506e+00,2.089296492e+00,2.140800768e+00,-9.713871990e-01,-1.603812408e-01
1.304737273e+00,2.091122398e+00,2.144047669e+00,-9.712682663e-01,-1.601012822e-01
1.306336149e+00,2.092950509e+00,2.147297727e+00,-9.711488503e-01,-1.598217194e-01
1.307936134e+00,2.094780827e+00,2.150550944e+00,-9.710289493e-01,-1.595425520e-01
1.309537229e+00,2.096613353e+00,2.153807322e+00,-9.709085613e-01,-1.592637797e-01
1.311139434e+00,2.098448091e+00,2.157066864e+00,-9.707876843e-01,-1.589854024e-01
1.312742751e+00,2.100285043e+00,2.160329572e+00,-9.706663165e-01,-1.587074199e-01
1.314347180e+00,2.102124210e+00,2.163595447e+00,-9.705444560e-01,-1.584298318e-01
1.315952723e+00,2.103965594e+00,2.166864492e+00,-9.704221008e-01,-1.581526380e-01
1.317559379e+00,2.105809198e+00,2.170136709e+00,-9.702992489e-01,-1.578758381e-01
1.319167150e+00,2.107655025e+00,2.173412101e+00,-9.701758984e-01,-1.575994320e-01
1.320776036e+00,2.109503075e+00,2.176690668e+00,-9.700520475e-01,-1.573234195e-01
1.322386038e+00,2.111353351e+00,2.179972415e+00,-9.699276940e-01,-1.570478002e-01
1.323997157e+00,2.113205856e+00,2.183257341e+00,-9.698028360e-01,-1.567725739e-01
1.325609394e+00,2.115060591e+00,2.186545451e+00,-9.696774716e-01,-1.564977404e-01
1.327222750e+00,2.116917559e+00,2.189836746e+00,-9.695515988e-01,-1.562232995e-01
1.328837224e+00,2.118776762e+00,2.193131228e+00,-9.694252156e-01,-1.559492508e-01
1.330452819e+00,2.120638201e+00,2.196428899e+00,-9.692983200e-01,-1.556755942e-01
1.332069534e+00,2.122501880e+00,2.199729761e+00,-9.691709099e-01,-1.554023294e-01
1.333687371e+00,2.124367800e+00,2.203033818e+00,-9.690429834e-01,-1.551294561e-01
1.335306331e+00,2.126235964e+00,2.206341070e+00,-9.689145385e-01,-1.548569740e-01
1.336926413e+00,2.128106373e+00,2.209651520e+00,-9.687855731e-01,-1.545848831e-01
1.338547619e+00,2.129979030e+00,2.212965170e+00,-9.686560852e-01,-1.543131829e-01
1.340169950e+00,2.131853937e+00,2.216282022e+00,-9.685260727e-01,-1.540418732e-01
1.341793407e+00,2.133731096e+00,2.219602079e+00,-9.683955336e-01,-1.537709538e-01
1.343417990e+00,2.135610509e+00,2.222925343e+00,-9.682644659e-01,-1.535004244e-01
1.345043700e+00,2.137492179e+00,2.226251816e+00,-9.681328674e-01,-1.532302848e-01
1.346670537e+00,2.139376108e+00,2.229581500e+00,-9.680007362e-01,-1.529605346e-01
1.348298503e+00,2.141262297e+00,2.232914396e+00,-9.678680701e-01,-1.526911737e-01
1.349927599e+00,2.143150750e+00,2.236250509e+00,-9.677348670e-01,-1.524222018e-01
1.351557825e+00,2.145041467e+00,2.239589839e+00,-9.676011249e-01,-1.521536186e-01
1.353189181e+00,2.146934453e+00,2.242932389e+00,-9.674668416e-01,-1.518854239e-01
1.354821670e+00,2.148829707e+00,2.246278160e+00,-9.673320151e-01,-1.516176173e-01
1.356455291e+00,2.150727234e+00,2.249627156e+00,-9.671966432e-01,-1.513501987e-01
1.358090045e+00,2.152627034e+00,2.252979379e+00,-9.670607238e-01,-1.510831677e-01
1.359725933e+00,2.154529111e+00,2.256334829e+00,-9.669242548e-01,-1.508165242e-01
1.361362956e+00,2.156433466e+00,2.259693511e+00,-9.667872339e-01,-1.505502677e-01
1.363001115e+00,2.158340102e+00,2.263055426e+00,-9.666496592e-01,-1.502843982e-01
1.364640410e+00,2.160249020e+00,2.266420576e+00,-9.665115284e-01,-1.500189152e-01
1.366280843e+00,2.162160224e+00,2.269788963e+00,-9.663728394e-01,-1.497538186e-01
1.367922413e+00,2.164073715e+00,2.273160589e+00,-9.662335899e-01,-1.494891080e-01
1.369565123e+00,2.165989495e+00,2.276535458e+00,-9.660937779e-01,-1.492247832e-01
1.371208972e+00,2.167907567e+00,2.279913570e+00,-9.659534011e-01,-1.489608439e-01
1.372853961e+00,2.169827932e+00,2.283294929e+00,-9.658124574e-01,-1.486972898e-01
1.374500092e+00,2.171750594e+00,2.286679536e+00,-9.656709445e-01,-1.484341207e-01
1.376147364e+00,2.173675554e+00,2.290067394e+00,-9.655288602e-01,-1.481713363e-01
1.377795779e+00,2.175602814e+00,2.293458505e+00,-9.653862023e-01,-1.479089364e-01
1.379445338e+00,2.177532377e+00,2.296852870e+00,-9.652429686e-01,-1.476469205e-01
1.381096042e+00,2.179464245e+00,2.300250493e+00,-9.650991569e-01,-1.473852885e-01
1.382747890e+00,2.181398421e+00,2.303651376e+00,-9.649547648e-01,-1.471240402e-01
1.384400884e+00,2.183334905e+00,2.307055520e+00,-9.648097903e-01,-1.468631751e-01
1.386055025e+00,2.185273702e+00,2.310462928e+00,-9.646642309e-01,-1.466026930e-01
1.387710314e+00,2.187214812e+00,2.313873602e+00,-9.645180845e-01,-1.463425937e-01
1.389366751e+00,2.189158238e+00,2.317287545e+00,-9.643713487e-01,-1.460828768e-01
1.391024337e+00,2.191103983e+00,2.320704758e+00,-9.642240213e-01,-1.458235422e-01
1.392683073e+00,2.193052048e+00,2.324125244e+00,-9.640761001e-01,-1.455645894e-01
1.394342959e+00,2.195002436e+00,2.327549006e+00,-9.639275826e-01,-1.453060183e-01
1.396003998e+00,2.196955149e+00,2.330976044e+00,-9.637784666e-01,-1.450478284e-01
1.397666188e+00,2.198910189e+00,2.334406362e+00,-9.636287498e-01,-1.447900197e-01
1.399329532e+00,2.200867559e+00,2.337839962e+00,-9.634784299e-01,-1.445325917e-01
1.400994029e+00,2.202827261e+00,2.341276846e+00,-9.633275045e-01,-1.442755441e-01
1.402659682e+00,2.204789297e+00,2.344717016e+00,-9.631759713e-01,-1.440188768e-01
1.404326489e+00,2.206753669e+00,2.348160475e+00,-9.630238279e-01,-1.437625893e-01
1.405994453e+00,2.208720380e+00,2.351607224e+00,-9.628710721e-01,-1.435066814e-01
1.407663575e+00,2.210689431e+00,2.355057267e+00,-9.627177013e-01,-1.432511529e-01
1.409333854e+00,2.212660826e+00,2.358510605e+00,-9.625637134e-01,-1.429960034e-01
1.411005292e+00,2.214634566e+00,2.361967240e+00,-9.624091058e-01,-1.427412326e-01
1.412677889e+00,2.216610654e+00,2.365427175e+00,-9.622538762e-01,-1.424868403e-01
1.414351647e+00,2.218589091e+00,2.368890412e+00,-9.620980221e-01,-1.422328261e-01
1.416026566e+00,2.220569881e+00,2.372356953e+00,-9.619415413e-01,-1.419791898e-01
1.417702647e+00,2.222553025e+00,2.375826801e+00,-9.617844313e-01,-1.417259310e-01
1.419379890e+00,2.224538526e+00,2.379299957e+00,-9.616266896e-01,-1.414730495e-01
1.421058298e+00,2.226526386e+00,2.382776425e+00,-9.614683138e-01,-1.412205449e-01
1.422737869e+00,2.228516607e+00,2.386256206e+00,-9.613093016e-01,-1.409684170e-01
1.424418606e+00,2.230509192e+00,2.389739302e+00,-9.611496503e-01,-1.407166655e-01
1.426100508e+00,2.232504143e+00,2.393225717e+00,-9.609893577e-01,-1.404652901e-01
1.427783578e+00,2.234501461e+00,2.396715451e+00,-9.608284212e-01,-1.402142905e-01
1.429467815e+00,2.236501150e+00,2.400208508e+00,-9.606668383e-01,-1.399636663e-01
1.431153221e+00,2.238503212e+00,2.403704890e+00,-9.605046066e-01,-1.397134173e-01
1.432839795e+00,2.240507649e+00,2.407204598e+00,-9.603417236e-01,-1.394635431e-01
1.434527540e+00,2.242514463e+00,2.410707635e+00,-9.601781867e-01,-1.392140436e-01
1.436216456e+00,2.244523657e+00,2.414214005e+00,-9.600139936e-01,-1.389649183e-01
1.437906543e+00,2.246535233e+00,2.417723707e+00,-9.598491415e-01,-1.387161669e-01
1.439597803e+00,2.248549193e+00,2.421236746e+00,-9.596836282e-01,-1.384677893e-01
1.441290236e+00,2.250565539e+00,2.424753123e+00,-9.595174509e-01,-1.382197849e-01
1.442983843e+00,2.252584274e+00,2.428272841e+00,-9.593506072e-01,-1.379721537e-01
1.444678625e+00,2.254605401e+00,2.431795902e+00,-9.591830945e-01,-1.377248952e-01
1.446374583e+00,2.256628920e+00,2.435322308e+00,-9.590149102e-01,-1.374780091e-01
1.448071717e+00,2.258654836e+00,2.438852061e+00,-9.588460518e-01,-1.372314951e-01
1.449770029e+00,2.260683149e+00,2.442385164e+00,-9.586765167e-01,-1.369853529e-01
1.451469519e+00,2.262713863e+00,2.445921619e+00,-9.585063024e-01,-1.367395823e-01
1.453170188e+00,2.264746980e+00,2.449461428e+00,-9.583354061e-01,-1.364941829e-01
1.454872036e+00,2.266782502e+00,2.453004594e+00,-9.581638254e-01,-1.362491543e-01
1.456575066e+00,2.268820431e+00,2.456551119e+00,-9.579915576e-01,-1.360044964e-01
1.458279276e+00,2.270860769e+00,2.460101006e+00,-9.578186001e-01,-1.357602087e-01
1.459984669e+00,2.272903520e+00,2.463654255e+00,-9.576449502e-01,-1.355162909e-01
1.461691245e+00,2.274948685e+00,2.467210871e+00,-9.574706053e-01,-1.352727428e-01
1.463399005e+00,2.276996267e+00,2.470770855e+00,-9.572955628e-01,-1.350295640e-01
1.465107950e+00,2.279046268e+00,2.474334209e+00,-9.571198201e-01,-1.347867543e-01
1.466818080e+00,2.281098690e+00,2.477900936e+00,-9.569433743e-01,-1.345443132e-01
1.468529397e+00,2.283153536e+00,2.481471038e+00,-9.567662229e-01,-1.343022405e-01
1.470241901e+00,2.285210808e+00,2.485044517e+00,-9.565883632e-01,-1.340605359e-01
1.471955593e+00,2.287270508e+00,2.488621377e+00,-9.564097925e-01,-1.338191991e-01
1.473670474e+00,2.289332639e+00,2.492201618e+00,-9.562305080e-01,-1.335782296e-01
1.475386544e+00,2.291397203e+00,2.495785243e+00,-9.560505072e-01,-1.333376273e-01
1.477103805e+00,2.293464203e+00,2.499372255e+00,-9.558697872e-01,-1.330973918e-01
1.478822257e+00,2.295533640e+00,2.502962657e+00,-9.556883452e-01,-1.328575227e-01
1.480541902e+00,2.297605517e+00,2.506556449e+00,-9.555061787e-01,-1.326180198e-01
1.482262739e+00,2.299679837e+00,2.510153635e+00,-9.553232848e-01,-1.323788828e-01
1.483984770e+00,2.301756602e+00,2.513754217e+00,-9.551396608e-01,-1.321401112e-01
1.485707996e+00,2.303835814e+00,2.517358198e+00,-9.549553038e-01,-1.319017049e-01
1.487432417e+00,2.305917476e+00,2.520965579e+00,-9.547702112e-01,-1.316636634e-01
1.489158035e+00,2.308001590e+00,2.524576363e+00,-9.545843802e-01,-1.314259864e-01
1.490884850e+00,2.310088158e+00,2.528190552e+00,-9.543978078e-01,-1.311886737e-01
1.492612862e+00,2.312177183e+00,2.531808149e+00,-9.542104914e-01,-1.309517249e-01
1.494342074e+00,2.314268667e+00,2.535429156e+00,-9.540224281e-01,-1.307151397e-01
1.496072485e+00,2.316362612e+00,2.539053575e+00,-9.538336152e-01,-1.304789177e-01
1.497804096e+00,2.318459021e+00,2.542681409e+00,-9.536440496e-01,-1.302430586e-01
1.499536909e+00,2.320557897e+00,2.546312660e+00,-9.534537287e-01,-1.300075621e-01
1.501270924e+00,2.322659241e+00,2.549947331e+00,-9.532626496e-01,-1.297724279e-01
1.503006142e+00,2.324763056e+00,2.553585423e+00,-9.530708093e-01,-1.295376556e-01
1.504742563e+00,2.326869345e+00,2.557226939e+00,-9.528782051e-01,-1.293032450e-01
1.506480189e+00,2.328978109e+00,2.560871881e+00,-9.526848341e-01,-1.290691956e-01
1.508219021e+00,2.331089352e+00,2.564520252e+00,-9.524906933e-01,-1.288355072e-01
1.509959059e+00,2.333203075e+00,2.568172055e+00,-9.522957798e-01,-1.286021794e-01
1.511700304e+00,2.335319282e+00,2.571827291e+00,-9.521000909e-01,-1.283692119e-01
1.513442757e+00,2.337437973e+00,2.575485962e+00,-9.519036234e-01,-1.281366044e-01
1.515186419e+00,2.339559153e+00,2.579148072e+00,-9.517063745e-01,-1.279043565e-01
1.516931290e+00,2.341682822e+00,2.582813622e+00,-9.515083413e-01,-1.276724679e-01
1.518677372e+00,2.343808985e+00,2.586482616e+00,-9.513095208e-01,-1.274409383e-01
1.520424666e+00,2.345937642e+00,2.590155054e+00,-9.511099101e-01,-1.272097673e-01
1.522173171e+00,2.348068797e+00,2.593830941e+00,-9.509095061e-01,-1.269789546e-01
1.523922889e+00,2.350202452e+00,2.597510277e+00,-9.507083059e-01,-1.267484998e-01
1.525673822e+00,2.352338609e+00,2.601193066e+00,-9.505063066e-01,-1.265184028e-01
1.527425969e+00,2.354477271e+00,2.604879309e+00,-9.503035050e-01,-1.262886630e-01
1.529179331e+00,2.356618439e+00,2.608569010e+00,-9.500998983e-01,-1.260592801e-01
1.530933910e+00,2.358762118e+00,2.612262170e+00,-9.498954834e-01,-1.258302539e-01
1.532689706e+00,2.360908308e+00,2.615958793e+00,-9.496902572e-01,-1.256015840e-01
1.534446720e+00,2.363057013e+00,2.619658879e+00,-9.494842168e-01,-1.253732701e-01
1.536204953e+00,2.365208235e+00,2.623362432e+00,-9.492773590e-01,-1.251453117e-01
1.537964406e+00,2.367361976e+00,2.627069455e+00,-9.490696809e-01,-1.249177086e-01
1.539725079e+00,2.369518239e+00,2.630779948e+00,-9.488611793e-01,-1.246904605e-01
1.541486974e+00,2.371677026e+00,2.634493916e+00,-9.486518512e-01,-1.244635670e-01
1.543250091e+00,2.373838340e+00,2.638211360e+00,-9.484416935e-01,-1.242370277e-01
1.545014431e+00,2.376002183e+00,2.641932282e+00,-9.482307031e-01,-1.240108424e-01
1.546779995e+00,2.378168557e+00,2.645656686e+00,-9.480188768e-01,-1.237850106e-01
1.548546784e+00,2.380337466e+00,2.649384573e+00,-9.478062117e-01,-1.235595321e-01
1.550314799e+00,2.382508910e+00,2.653115946e+00,-9.475927044e-01,-1.233344065e-01
1.552084040e+00,2.384682894e+00,2.656850807e+00,-9.473783520e-01,-1.231096334e-01
1.553854509e+00,2.386859419e+00,2.660589159e+00,-9.471631512e-01,-1.228852125e-01
1.555626206e+00,2.389038488e+00,2.664331003e+00,-9.469470990e-01,-1.226611435e-01
1.557399132e+00,2.391220103e+00,2.668076344e+00,-9.467301920e-01,-1.224374261e-01
1.559173288e+00,2.393404267e+00,2.671825182e+00,-9.465124272e-01,-1.222140598e-01
1.560948674e+00,2.395590982e+00,2.675577520e+00,-9.462938014e-01,-1.219910444e-01
1.562725293e+00,2.397780251e+00,2.679333361e+00,-9.460743113e-01,-1.217683794e-01
1.564503143e+00,2.399972076e+00,2.683092708e+00,-9.458539538e-01,-1.215460646e-01
1.566282228e+00,2.402166460e+00,2.686855561e+00,-9.456327256e-01,-1.213240997e-01
1.568062546e+00,2.404363405e+00,2.690621925e+00,-9.454106235e-01,-1.211024841e-01
1.569844099e+00,2.406562913e+00,2.694391801e+00,-9.451876443e-01,-1.208812177e-01
1.571626889e+00,2.408764987e+00,2.698165192e+00,-9.449637847e-01,-1.206603001e-01
1.573410915e+00,2.410969630e+00,2.701942100e+00,-9.447390414e-01,-1.204397309e-01
1.575196179e+00,2.413176845e+00,2.705722528e+00,-9.445134113e-01,-1.202195097e-01
1.576982681e+00,2.415386632e+00,2.709506478e+00,-9.442868909e-01,-1.199996363e-01
1.578770423e+00,2.417598996e+00,2.713293952e+00,-9.440594771e-01,-1.197801102e-01
1.580559405e+00,2.419813938e+00,2.717084954e+00,-9.438311664e-01,-1.195609312e-01
1.582349628e+00,2.422031462e+00,2.720879484e+00,-9.436019557e-01,-1.193420989e-01
1.584141092e+00,2.424251569e+00,2.724677547e+00,-9.433718415e-01,-1.191236129e-01
1.585933800e+00,2.426474262e+00,2.728479144e+00,-9.431408205e-01,-1.189054729e-01
1.587727752e+00,2.428699543e+00,2.732284277e+00,-9.429088895e-01,-1.186876785e-01
1.589522947e+00,2.430927416e+00,2.736092950e+00,-9.426760450e-01,-1.184702293e-01
1.591319389e+00,2.433157882e+00,2.739905164e+00,-9.424422837e-01,-1.182531251e-01
1.593117076e+00,2.435390945e+00,2.743720922e+00,-9.422076021e-01,-1.180363655e-01
1.594916011e+00,2.437626606e+00,2.747540227e+00,-9.419719970e-01,-1.178199501e-01
1.596716194e+00,2.439864868e+00,2.751363081e+00,-9.417354649e-01,-1.176038786e-01
1.598517625e+00,2.442105734e+00,2.755189486e+00,-9.414980024e-01,-1.173881506e-01
1.600320306e+00,2.444349206e+00,2.759019445e+00,-9.412596061e-01,-1.171727658e-01
1.602124238e+00,2.446595286e+00,2.762852960e+00,-9.410202726e-01,-1.169577238e-01
1.603929421e+00,2.448843978e+00,2.766690034e+00,-9.407799984e-01,-1.167430242e-01
1.605735857e+00,2.451095284e+00,2.770530669e+00,-9.405387800e-01,-1.165286668e-01
1.607543545e+00,2.453349206e+00,2.774374868e+00,-9.402966141e-01,-1.163146511e-01
1.609352488e+00,2.455605747e+00,2.778222633e+00,-9.400534971e-01,-1.161009768e-01
1.611162686e+00,2.457864909e+00,2.782073967e+00,-9.398094256e-01,-1.158876436e-01
1.612974139e+00,2.460126696e+00,2.785928872e+00,-9.395643960e-01,-1.156746510e-01
1.614786850e+00,2.462391108e+00,2.789787350e+00,-9.393184050e-01,-1.154619988e-01
1.616600817e+00,2.464658150e+00,2.793649404e+00,-9.390714488e-01,-1.152496865e-01
1.618416044e+00,2.466927823e+00,2.797515037e+00,-9.388235241e-01,-1.150377139e-01
1.620232529e+00,2.469200131e+00,2.801384251e+00,-9.385746273e-01,-1.148260805e-01
1.622050274e+00,2.471475075e+00,2.805257048e+00,-9.383247548e-01,-1.146147861e-01
1.623869281e+00,2.473752659e+00,2.809133432e+00,-9.380739031e-01,-1.144038302e-01
1.625689550e+00,2.476032884e+00,2.813013403e+00,-9.378220686e-01,-1.141932124e-01
1.627511081e+00,2.478315754e+00,2.816896966e+00,-9.375692478e-01,-1.139829325e-01
1.629333876e+00,2.480601270e+00,2.820784122e+00,-9.373154370e-01,-1.137729901e-01
1.631157935e+00,2.482889437e+00,2.824674874e+00,-9.370606326e-01,-1.135633848e-01
1.632983260e+00,2.485180255e+00,2.828569224e+00,-9.368048311e-01,-1.133541163e-01
1.634809851e+00,2.487473728e+00,2.832467175e+00,-9.365480288e-01,-1.131451842e-01
1.636637710e+00,2.489769858e+00,2.836368730e+00,-9.362902220e-01,-1.129365881e-01
1.638466836e+00,2.492068648e+00,2.840273890e+00,-9.360314072e-01,-1.127283277e-01
1.640297232e+00,2.494370100e+00,2.844182659e+00,-9.357715807e-01,-1.125204026e-01
1.642128897e+00,2.496674218e+00,2.848095038e+00,-9.355107388e-01,-1.123128124e-01
1.643961833e+00,2.498981003e+00,2.852011031e+00,-9.352488779e-01,-1.121055569e-01
1.645796040e+00,2.501290458e+00,2.855930640e+00,-9.349859941e-01,-1.118986356e-01
1.647631520e+00,2.503602586e+00,2.859853867e+00,-9.347220839e-01,-1.116920482e-01
1.649468273e+00,2.505917389e+00,2.863780715e+00,-9.344571436e-01,-1.114857943e-01
1.651306300e+00,2.508234870e+00,2.867711187e+00,-9.341911694e-01,-1.112798735e-01
1.653145603e+00,2.510555032e+00,2.871645284e+00,-9.339241575e-01,-1.110742856e-01
1.654986181e+00,2.512877877e+00,2.875583010e+00,-9.336561043e-01,-1.108690300e-01
1.656828037e+00,2.515203407e+00,2.879524367e+00,-9.333870060e-01,-1.106641066e-01
1.658671170e+00,2.517531626e+00,2.883469357e+00,-9.331168587e-01,-1.104595148e-01
1.660515582e+00,2.519862536e+00,2.887417983e+00,-9.328456589e-01,-1.102552544e-01
1.662361273e+00,2.522196140e+00,2.891370248e+00,-9.325734025e-01,-1.100513250e-01
1.664208245e+00,2.524532440e+00,2.895326154e+00,-9.323000859e-01,-1.098477261e-01
1.666056498e+00,2.526871439e+00,2.899285703e+00,-9.320257053e-01,-1.096444576e-01
1.667906033e+00,2.529213139e+00,2.903248898e+00,-9.317502568e-01,-1.094415189e-01
1.669756851e+00,2.531557543e+00,2.907215742e+00,-9.314737365e-01,-1.092389097e-01
1.671608954e+00,2.533904654e+00,2.911186238e+00,-9.311961407e-01,-1.090366297e-01
1.673462341e+00,2.536254474e+00,2.915160386e+00,-9.309174655e-01,-1.088346785e-01
1.675317014e+00,2.538607007e+00,2.919138192e+00,-9.306377070e-01,-1.086330557e-01
1.677172973e+00,2.540962254e+00,2.923119656e+00,-9.303568614e-01,-1.084317610e-01
1.679030220e+00,2.543320218e+00,2.927104781e+00,-9.300749247e-01,-1.082307939e-01
1.680888756e+00,2.545680902e+00,2.931093570e+00,-9.297918931e-01,-1.080301542e-01
1.682748581e+00,2.548044308e+00,2.935086025e+00,-9.295077626e-01,-1.078298415e-01
1.684609696e+00,2.550410440e+00,2.939082150e+00,-9.292225293e-01,-1.076298554e-01
1.686472102e+00,2.552779300e+00,2.943081946e+00,-9.289361893e-01,-1.074301955e-01
1.688335801e+00,2.555150890e+00,2.947085416e+00,-9.286487386e-01,-1.072308615e-01
1.690200792e+00,2.557525213e+00,2.951092562e+00,-9.283601734e-01,-1.070318529e-01
1.692067077e+00,2.559902272e+00,2.955103388e+00,-9.280704895e-01,-1.068331695e-01
1.693934656e+00,2.562282070e+00,2.959117895e+00,-9.277796831e-01,-1.066348109e-01
1.695803532e+00,2.564664609e+00,2.963136087e+00,-9.274877501e-01,-1.064367767e-01
1.697673703e+00,2.567049891e+00,2.967157966e+00,-9.271946866e-01,-1.062390665e-01
1.699545173e+00,2.569437920e+00,2.971183534e+00,-9.269004885e-01,-1.060416799e-01
1.701417940e+00,2.571828698e+00,2.975212794e+00,-9.266051518e-01,-1.058446167e-01
1.703292007e+00,2.574222228e+00,2.979245748e+00,-9.263086725e-01,-1.056478763e-01
1.705167374e+00,2.576618512e+00,2.983282400e+00,-9.260110465e-01,-1.054514586e-01
1.707044041e+00,2.579017554e+00,2.987322751e+00,-9.257122698e-01,-1.052553630e-01
1.708922011e+00,2.581419355e+00,2.991366805e+00,-9.254123383e-01,-1.050595892e-01
1.710801284e+00,2.583823919e+00,2.995414564e+00,-9.251112478e-01,-1.048641369e-01
1.712681860e+00,2.586231248e+00,2.999466029e+00,-9.248089945e-01,-1.046690057e-01
1.714563741e+00,2.588641345e+00,3.003521205e+00,-9.245055740e-01,-1.044741952e-01
1.716446927e+00,2.591054212e+00,3.007580094e+00,-9.242009823e-01,-1.042797050e-01
1.718331420e+00,2.593469853e+00,3.011642697e+00,-9.238952153e-01,-1.040855349e-01
1.720217220e+00,2.595888270e+00,3.015709019e+00,-9.235882689e-01,-1.038916843e-01
1.722104328e+00,2.598309466e+00,3.019779061e+00,-9.232801388e-01,-1.036981529e-01
1.723992746e+00,2.600733443e+00,3.023852825e+00,-9.229708209e-01,-1.035049404e-01
1.725882474e+00,2.603160204e+00,3.027930315e+00,-9.226603112e-01,-1.033120464e-01
1.727773512e+00,2.605589752e+00,3.032011534e+00,-9.223486052e-01,-1.031194706e-01
1.729665863e+00,2.608022089e+00,3.036096483e+00,-9.220356990e-01,-1.029272125e-01
1.731559526e+00,2.610457219e+00,3.040185165e+00,-9.217215882e-01,-1.027352717e-01
1.733454503e+00,2.612895144e+00,3.044277584e+00,-9.214062687e-01,-1.025436480e-01
1.735350794e+00,2.615335866e+00,3.048373740e+00,-9.210897362e-01,-1.023523409e-01
1.737248401e+00,2.617779389e+00,3.052473638e+00,-9.207719865e-01,-1.021613501e-01
1.739147325e+00,2.620225715e+00,3.056577280e+00,-9.204530153e-01,-1.019706752e-01
1.741047566e+00,2.622674846e+00,3.060684668e+00,-9.201328184e-01,-1.017803158e-01
1.742949125e+00,2.625126787e+00,3.064795805e+00,-9.198113914e-01,-1.015902715e-01
1.744852003e+00,2.627581539e+00,3.068910694e+00,-9.194887302e-01,-1.014005421e-01
1.746756202e+00,2.630039104e+00,3.073029337e+00,-9.191648303e-01,-1.012111270e-01
1.748661721e+00,2.632499487e+00,3.077151737e+00,-9.188396876e-01,-1.010220260e-01
1.750568562e+00,2.634962689e+00,3.081277896e+00,-9.185132976e-01,-1.008332387e-01
1.752476727e+00,2.637428714e+00,3.085407817e+00,-9.181856561e-01,-1.006447646e-01
1.754386214e+00,2.639897563e+00,3.089541503e+00,-9.178567587e-01,-1.004566035e-01
1.756297027e+00,2.642369241e+00,3.093678956e+00,-9.175266010e-01,-1.002687549e-01
1.758209165e+00,2.644843749e+00,3.097820179e+00,-9.171951786e-01,-1.000812185e-01
1.760122630e+00,2.647321090e+00,3.101965175e+00,-9.168624873e-01,-9.989399395e-02
1.762037422e+00,2.649801267e+00,3.106113946e+00,-9.165285226e-01,-9.970708078e-02
1.763953543e+00,2.652284284e+00,3.110266495e+00,-9.161932800e-01,-9.952047868e-02
1.765870992e+00,2.654770141e+00,3.114422824e+00,-9.158567553e-01,-9.933418726e-02
1.767789772e+00,2.657258844e+00,3.118582937e+00,-9.155189439e-01,-9.914820615e-02
1.769709884e+00,2.659750393e+00,3.122746835e+00,-9.151798415e-01,-9.896253498e-02
1.771631327e+00,2.662244792e+00,3.126914522e+00,-9.148394435e-01,-9.877717338e-02
1.773554103e+00,2.664742044e+00,3.131085999e+00,-9.144977456e-01,-9.859212097e-02
1.775478213e+00,2.667242152e+00,3.135261271e+00,-9.141547432e-01,-9.840737738e-02
1.777403658e+00,2.669745118e+00,3.139440339e+00,-9.138104318e-01,-9.822294223e-02
1.779330438e+00,2.672250945e+00,3.143623205e+00,-9.134648071e-01,-9.803881516e-02
1.781258556e+00,2.674759635e+00,3.147809874e+00,-9.131178644e-01,-9.785499578e-02
1.783188010e+00,2.677271193e+00,3.152000347e+00,-9.127695993e-01,-9.767148372e-02
1.785118804e+00,2.679785620e+00,3.156194627e+00,-9.124200072e-01,-9.748827862e-02
1.787050937e+00,2.682302919e+00,3.160392716e+00,-9.120690836e-01,-9.730538009e-02
1.788984410e+00,2.684823093e+00,3.164594618e+00,-9.117168239e-01,-9.712278776e-02
1.790919225e+00,2.687346145e+00,3.168800335e+00,-9.113632237e-01,-9.694050126e-02
1.792855381e+00,2.689872077e+00,3.173009869e+00,-9.110082782e-01,-9.675852022e-02
1.794792881e+00,2.692400894e+00,3.177223224e+00,-9.106519829e-01,-9.657684425e-02
1.796731725e+00,2.694932596e+00,3.181440401e+00,-9.102943333e-01,-9.639547299e-02
1.798671915e+00,2.697467187e+00,3.185661405e+00,-9.099353247e-01,-9.621440606e-02
1.800613450e+00,2.700004671e+00,3.189886237e+00,-9.095749525e-01,-9.603364308e-02
1.802556332e+00,2.702545049e+00,3.194114899e+00,-9.092132120e-01,-9.585318369e-02
1.804500562e+00,2.705088325e+00,3.198347396e+00,-9.088500987e-01,-9.567302750e-02
1.806446140e+00,2.707634501e+00,3.202583729e+00,-9.084856078e-01,-9.549317414e-02
1.808393069e+00,2.710183580e+00,3.206823901e+00,-9.081197348e-01,-9.531362324e-02
1.810341348e+00,2.712735565e+00,3.211067914e+00,-9.077524749e-01,-9.513437443e-02
1.812290978e+00,2.715290460e+00,3.215315773e+00,-9.073838234e-01,-9.495542732e-02
1.814241961e+00,2.717848266e+00,3.219567478e+00,-9.070137757e-01,-9.477678154e-02
1.816194298e+00,2.720408986e+00,3.223823033e+00,-9.066423270e-01,-9.459843672e-02
1.818147989e+00,2.722972624e+00,3.228082441e+00,-9.062694726e-01,-9.442039249e-02
1.820103035e+00,2.725539183e+00,3.232345704e+00,-9.058952079e-01,-9.424264846e-02
1.822059438e+00,2.728108664e+00,3.236612825e+00,-9.055195279e-01,-9.406520427e-02
1.824017198e+00,2.730681071e+00,3.240883806e+00,-9.051424281e-01,-9.388805954e-02
1.825976316e+00,2.733256407e+00,3.245158651e+00,-9.047639036e-01,-9.371121388e-02
1.827936793e+00,2.735834675e+00,3.249437362e+00,-9.043839496e-01,-9.353466694e-02
1.829898630e+00,2.738415878e+00,3.253719941e+00,-9.040025614e-01,-9.335841833e-02
1.831861828e+00,2.741000018e+00,3.258006393e+00,-9.036197341e-01,-9.318246768e-02
1.833826388e+00,2.743587098e+00,3.262296718e+00,-9.032354630e-01,-9.300681461e-02
1.835792311e+00,2.746177121e+00,3.266590920e+00,-9.028497432e-01,-9.283145875e-02
1.837759598e+00,2.748770090e+00,3.270889002e+00,-9.024625698e-01,-9.265639972e-02
1.839728250e+00,2.751366009e+00,3.275190966e+00,-9.020739382e-01,-9.248163714e-02
1.841698267e+00,2.753964879e+00,3.279496815e+00,-9.016838433e-01,-9.230717065e-02
1.843669651e+00,2.756566704e+00,3.283806552e+00,-9.012922804e-01,-9.213299987e-02
1.845642403e+00,2.759171486e+00,3.288120180e+00,-9.008992444e-01,-9.195912442e-02
1.847616523e+00,2.761779229e+00,3.292437701e+00,-9.005047307e-01,-9.178554392e-02
1.849592013e+00,2.764389935e+00,3.296759118e+00,-9.001087342e-01,-9.161225801e-02
1.851568873e+00,2.767003607e+00,3.301084433e+00,-8.997112501e-01,-9.143926630e-02
1.853547104e+00,2.769620249e+00,3.305413650e+00,-8.993122733e-01,-9.126656843e-02
1.855526708e+00,2.772239862e+00,3.309746771e+00,-8.989117991e-01,-9.109416400e-02
1.857507685e+00,2.774862451e+00,3.314083799e+00,-8.985098224e-01,-9.092205266e-02
1.859490037e+00,2.777488017e+00,3.318424737e+00,-8.981063383e-01,-9.075023403e-02
1.861473764e+00,2.780116564e+00,3.322769587e+00,-8.977013419e-01,-9.057870772e-02
1.863458867e+00,2.782748095e+00,3.327118352e+00,-8.972948280e-01,-9.040747337e-02
1.865445347e+00,2.785382613e+00,3.331471036e+00,-8.968867919e-01,-9.023653060e-02
1.867433205e+00,2.788020120e+00,3.335827639e+00,-8.964772284e-01,-9.006587903e-02
1.869422442e+00,2.790660619e+00,3.340188167e+00,-8.960661325e-01,-8.989551830e-02
1.871413059e+00,2.793304114e+00,3.344552620e+00,-8.956534993e-01,-8.972544801e-02
1.873405057e+00,2.795950607e+00,3.348921003e+00,-8.952393237e-01,-8.955566781e-02
1.875398438e+00,2.798600102e+00,3.353293317e+00,-8.948236007e-01,-8.938617731e-02
1.877393200e+00,2.801252600e+00,3.357669565e+00,-8.944063251e-01,-8.921697614e-02
1.879389347e+00,2.803908106e+00,3.362049751e+00,-8.939874920e-01,-8.904806392e-02
1.881386879e+00,2.806566622e+00,3.366433877e+00,-8.935670963e-01,-8.887944029e-02
1.883385796e+00,2.809228150e+00,3.370821945e+00,-8.931451328e-01,-8.871110485e-02
1.885386100e+00,2.811892695e+00,3.375213959e+00,-8.927215966e-01,-8.854305725e-02
1.887387792e+00,2.814560259e+00,3.379609921e+00,-8.922964824e-01,-8.837529710e-02
1.889390872e+00,2.817230844e+00,3.384009835e+00,-8.918697852e-01,-8.820782403e-02
1.891395342e+00,2.819904455e+00,3.388413702e+00,-8.914414998e-01,-8.804063767e-02
1.893401203e+00,2.822581093e+00,3.392821526e+00,-8.910116211e-01,-8.787373763e-02
1.895408455e+00,2.825260761e+00,3.397233309e+00,-8.905801440e-01,-8.770712355e-02
1.897417100e+00,2.827943464e+00,3.401649055e+00,-8.901470633e-01,-8.754079506e-02
1.899427138e+00,2.830629203e+00,3.406068765e+00,-8.897123737e-01,-8.737475176e-02
1.901438570e+00,2.833317982e+00,3.410492444e+00,-8.892760703e-01,-8.720899330e-02
1.903451398e+00,2.836009803e+00,3.414920092e+00,-8.888381476e-01,-8.704351930e-02
1.905465622e+00,2.838704671e+00,3.419351715e+00,-8.883986007e-01,-8.687832938e-02
1.907481244e+00,2.841402586e+00,3.423787313e+00,-8.879574241e-01,-8.671342317e-02
1.909498264e+00,2.844103553e+00,3.428226890e+00,-8.875146128e-01,-8.654880029e-02
1.911516683e+00,2.846807575e+00,3.432670449e+00,-8.870701615e-01,-8.638446037e-02
1.913536502e+00,2.849514655e+00,3.437117993e+00,-8.866240649e-01,-8.622040304e-02
1.915557723e+00,2.852224794e+00,3.441569524e+00,-8.861763178e-01,-8.605662792e-02
1.917580346e+00,2.854937998e+00,3.446025045e+00,-8.857269149e-01,-8.589313463e-02
1.919604372e+00,2.857654268e+00,3.450484559e+00,-8.852758510e-01,-8.572992281e-02
1.921629802e+00,2.860373607e+00,3.454948069e+00,-8.848231207e-01,-8.556699208e-02
1.923656637e+00,2.863096019e+00,3.459415578e+00,-8.843687189e-01,-8.540434207e-02
1.925684879e+00,2.865821507e+00,3.463887088e+00,-8.839126401e-01,-8.524197239e-02
1.927714527e+00,2.868550073e+00,3.468362602e+00,-8.834548790e-01,-8.507988269e-02
1.929745583e+00,2.871281721e+00,3.472842124e+00,-8.829954305e-01,-8.491807257e-02
1.931778049e+00,2.874016454e+00,3.477325655e+00,-8.825342890e-01,-8.475654168e-02
1.933811924e+00,2.876754274e+00,3.481813199e+00,-8.820714493e-01,-8.459528964e-02
1.935847211e+00,2.879495185e+00,3.486304758e+00,-8.816069060e-01,-8.443431607e-02
1.937883909e+00,2.882239189e+00,3.490800336e+00,-8.811406538e-01,-8.427362060e-02
1.939922020e+00,2.884986290e+00,3.495299935e+00,-8.806726872e-01,-8.411320286e-02
1.941961546e+00,2.887736491e+00,3.499803558e+00,-8.802030009e-01,-8.395306248e-02
1.944002486e+00,2.890489795e+00,3.504311208e+00,-8.797315896e-01,-8.379319907e-02
1.946044842e+00,2.893246205e+00,3.508822888e+00,-8.792584477e-01,-8.363361227e-02
1.948088614e+00,2.896005723e+00,3.513338600e+00,-8.787835700e-01,-8.347430171e-02
1.950133805e+00,2.898768354e+00,3.517858348e+00,-8.783069509e-01,-8.331526701e-02
1.952180414e+00,2.901534099e+00,3.522382134e+00,-8.778285851e-01,-8.315650781e-02
1.954228444e+00,2.904302963e+00,3.526909961e+00,-8.773484671e-01,-8.299802372e-02
1.956277894e+00,2.907074947e+00,3.531441832e+00,-8.768665914e-01,-8.283981437e-02
1.958328766e+00,2.909850056e+00,3.535977750e+00,-8.763829527e-01,-8.268187940e-02
1.960381060e+00,2.912628292e+00,3.540517718e+00,-8.758975454e-01,-8.252421843e-02
1.962434778e+00,2.915409658e+00,3.545061738e+00,-8.754103640e-01,-8.236683108e-02
1.964489922e+00,2.918194158e+00,3.549609813e+00,-8.749214031e-01,-8.220971699e-02
1.966546490e+00,2.920981794e+00,3.554161947e+00,-8.744306572e-01,-8.205287579e-02
1.968604486e+00,2.923772570e+00,3.558718141e+00,-8.739381208e-01,-8.189630710e-02
1.970663909e+00,2.926566488e+00,3.563278400e+00,-8.734437883e-01,-8.174001055e-02
1.972724761e+00,2.929363552e+00,3.567842726e+00,-8.729476543e-01,-8.158398577e-02
1.974787042e+00,2.932163765e+00,3.572411121e+00,-8.724497131e-01,-8.142823239e-02
1.976850755e+00,2.934967129e+00,3.576983589e+00,-8.719499594e-01,-8.127275004e-02
1.978915899e+00,2.937773649e+00,3.581560132e+00,-8.714483875e-01,-8.111753834e-02
1.980982475e+00,2.940583327e+00,3.586140754e+00,-8.709449918e-01,-8.096259692e-02
1.983050485e+00,2.943396165e+00,3.590725457e+00,-8.704397668e-01,-8.080792542e-02
1.985119930e+00,2.946212168e+00,3.595314244e+00,-8.699327070e-01,-8.065352346e-02
1.987190811e+00,2.949031339e+00,3.599907118e+00,-8.694238067e-01,-8.049939067e-02
1.989263128e+00,2.951853680e+00,3.604504081e+00,-8.689130604e-01,-8.034552669e-02
1.991336883e+00,2.954679194e+00,3.609105138e+00,-8.684004624e-01,-8.019193113e-02
1.993412076e+00,2.957507885e+00,3.613710290e+00,-8.678860071e-01,-8.003860364e-02
1.995488709e+00,2.960339756e+00,3.618319541e+00,-8.673696890e-01,-7.988554383e-02
1.997566783e+00,2.963174810e+00,3.622932894e+00,-8.668515024e-01,-7.973275135e-02
1.999646298e+00,2.966013050e+00,3.627550350e+00,-8.663314416e-01,-7.958022581e-02
2.001727256e+00,2.968854480e+00,3.632171914e+00,-8.658095011e-01,-7.942796686e-02
2.003809658e+00,2.971699101e+00,3.636797588e+00,-8.652856752e-01,-7.927597411e-02
2.005893504e+00,2.974546918e+00,3.641427375e+00,-8.647599581e-01,-7.912424721e-02
2.007978796e+00,2.977397934e+00,3.646061279e+00,-8.642323443e-01,-7.897278578e-02
2.010065535e+00,2.980252152e+00,3.650699301e+00,-8.637028281e-01,-7.882158945e-02
2.012153721e+00,2.983109574e+00,3.655341444e+00,-8.631714038e-01,-7.867065786e-02
2.014243356e+00,2.985970204e+00,3.659987713e+00,-8.626380657e-01,-7.851999063e-02
2.016334440e+00,2.988834046e+00,3.664638109e+00,-8.621028081e-01,-7.836958739e-02
2.018426975e+00,2.991701102e+00,3.669292636e+00,-8.615656254e-01,-7.821944778e-02
2.020520962e+00,2.994571375e+00,3.673951296e+00,-8.610265117e-01,-7.806957143e-02
2.022616401e+00,2.997444870e+00,3.678614093e+00,-8.604854613e-01,-7.791995798e-02
2.024713295e+00,3.000321588e+00,3.683281029e+00,-8.599424687e-01,-7.777060704e-02
2.026811642e+00,3.003201533e+00,3.687952107e+00,-8.593975279e-01,-7.762151826e-02
2.028911446e+00,3.006084708e+00,3.692627330e+00,-8.588506333e-01,-7.747269126e-02
2.031012706e+00,3.008971117e+00,3.697306702e+00,-8.583017792e-01,-7.732412569e-02
2.033115424e+00,3.011860762e+00,3.701990225e+00,-8.577509597e-01,-7.717582116e-02
2.035219601e+00,3.014753647e+00,3.706677901e+00,-8.571981691e-01,-7.702777732e-02
2.037325237e+00,3.017649775e+00,3.711369735e+00,-8.566434016e-01,-7.687999379e-02
2.039432334e+00,3.020549149e+00,3.716065728e+00,-8.560866515e-01,-7.673247022e-02
2.041540893e+00,3.023451772e+00,3.720765884e+00,-8.555279130e-01,-7.658520622e-02
2.043650915e+00,3.026357648e+00,3.725470206e+00,-8.549671802e-01,-7.643820144e-02
2.045762400e+00,3.029266779e+00,3.730178697e+00,-8.544044475e-01,-7.629145552e-02
2.047875351e+00,3.032179170e+00,3.734891360e+00,-8.538397089e-01,-7.614496807e-02
2.049989767e+00,3.035094822e+00,3.739608197e+00,-8.532729587e-01,-7.599873874e-02
2.052105650e+00,3.038013740e+00,3.744329212e+00,-8.527041910e-01,-7.585276716e-02
2.054223001e+00,3.040935926e+00,3.749054407e+00,-8.521334000e-01,-7.570705297e-02
2.056341820e+00,3.043861384e+00,3.753783786e+00,-8.515605800e-01,-7.556159580e-02
2.058462110e+00,3.046790117e+00,3.758517351e+00,-8.509857250e-01,-7.541639528e-02
2.060583870e+00,3.049722129e+00,3.763255106e+00,-8.504088292e-01,-7.527145105e-02
2.062707103e+00,3.052657421e+00,3.767997053e+00,-8.498298869e-01,-7.512676274e-02
2.064831808e+00,3.055595999e+00,3.772743196e+00,-8.492488920e-01,-7.498232999e-02
2.066957988e+00,3.058537864e+00,3.777493537e+00,-8.486658388e-01,-7.483815243e-02
2.069085642e+00,3.061483020e+00,3.782248079e+00,-8.480807214e-01,-7.469422970e-02
2.071214773e+00,3.064431471e+00,3.787006826e+00,-8.474935339e-01,-7.455056144e-02
2.073345380e+00,3.067383219e+00,3.791769780e+00,-8.469042704e-01,-7.440714728e-02
2.075477466e+00,3.070338268e+00,3.796536944e+00,-8.463129251e-01,-7.426398685e-02
2.077611030e+00,3.073296621e+00,3.801308322e+00,-8.457194921e-01,-7.412107980e-02
2.079746075e+00,3.076258282e+00,3.806083916e+00,-8.451239655e-01,-7.397842576e-02
2.081882601e+00,3.079223253e+00,3.810863729e+00,-8.445263394e-01,-7.383602436e-02
2.084020609e+00,3.082191538e+00,3.815647765e+00,-8.439266078e-01,-7.369387524e-02
2.086160101e+00,3.085163141e+00,3.820436025e+00,-8.433247650e-01,-7.355197804e-02
2.088301076e+00,3.088138063e+00,3.825228514e+00,-8.427208049e-01,-7.341033240e-02
2.090443537e+00,3.091116310e+00,3.830025235e+00,-8.421147216e-01,-7.326893796e-02
2.092587484e+00,3.094097883e+00,3.834826189e+00,-8.415065092e-01,-7.312779434e-02
2.094732919e+00,3.097082786e+00,3.839631381e+00,-8.408961619e-01,-7.298690119e-02
2.096879841e+00,3.100071023e+00,3.844440813e+00,-8.402836736e-01,-7.284625815e-02
2.099028254e+00,3.103062597e+00,3.849254488e+00,-8.396690385e-01,-7.270586486e-02
2.101178156e+00,3.106057511e+00,3.854072410e+00,-8.390522505e-01,-7.256572095e-02
2.103329550e+00,3.109055768e+00,3.858894581e+00,-8.384333038e-01,-7.242582606e-02
2.105482437e+00,3.112057372e+00,3.863721004e+00,-8.378121923e-01,-7.228617983e-02
2.107636817e+00,3.115062326e+00,3.868551683e+00,-8.371889102e-01,-7.214678190e-02
2.109792692e+00,3.118070633e+00,3.873386620e+00,-8.365634515e-01,-7.200763191e-02
2.111950062e+00,3.121082297e+00,3.878225818e+00,-8.359358102e-01,-7.186872950e-02
2.114108929e+00,3.124097321e+00,3.883069281e+00,-8.353059804e-01,-7.173007430e-02
2.116269294e+00,3.127115708e+00,3.887917012e+00,-8.346739561e-01,-7.159166597e-02
2.118431157e+00,3.130137461e+00,3.892769012e+00,-8.340397313e-01,-7.145350413e-02
2.120594520e+00,3.133162584e+00,3.897625287e+00,-8.334033000e-01,-7.131558843e-02
2.122759384e+00,3.136191081e+00,3.902485838e+00,-8.327646563e-01,-7.117791851e-02
2.124925750e+00,3.139222954e+00,3.907350668e+00,-8.321237942e-01,-7.104049401e-02
2.127093619e+00,3.142258206e+00,3.912219782e+00,-8.314807077e-01,-7.090331457e-02
2.129262991e+00,3.145296842e+00,3.917093180e+00,-8.308353908e-01,-7.076637983e-02
2.131433869e+00,3.148338865e+00,3.921970868e+00,-8.301878376e-01,-7.062968943e-02
2.133606252e+00,3.151384277e+00,3.926852848e+00,-8.295380420e-01,-7.049324302e-02
2.135780143e+00,3.154433082e+00,3.931739122e+00,-8.288859980e-01,-7.035704023e-02
2.137955542e+00,3.157485284e+00,3.936629694e+00,-8.282316997e-01,-7.022108071e-02
2.140132450e+00,3.160540886e+00,3.941524567e+00,-8.275751410e-01,-7.008536410e-02
2.142310868e+00,3.163599891e+00,3.946423744e+00,-8.269163160e-01,-6.994989005e-02
2.144490797e+00,3.166662303e+00,3.951327229e+00,-8.262552186e-01,-6.981465819e-02
2.146672238e+00,3.169728124e+00,3.956235023e+00,-8.255918429e-01,-6.967966817e-02
2.148855193e+00,3.172797359e+00,3.961147131e+00,-8.249261828e-01,-6.954491963e-02
2.151039663e+00,3.175870011e+00,3.966063555e+00,-8.242582323e-01,-6.941041221e-02
2.153225648e+00,3.178946082e+00,3.970984298e+00,-8.235879854e-01,-6.927614556e-02
2.155413149e+00,3.182025578e+00,3.975909364e+00,-8.229154361e-01,-6.914211933e-02
2.157602168e+00,3.185108499e+00,3.980838755e+00,-8.222405785e-01,-6.900833315e-02
2.159792705e+00,3.188194852e+00,3.985772474e+00,-8.215634063e-01,-6.887478668e-02
2.161984762e+00,3.191284637e+00,3.990710526e+00,-8.208839138e-01,-6.874147955e-02
2.164178340e+00,3.194377860e+00,3.995652912e+00,-8.202020948e-01,-6.860841141e-02
2.166373439e+00,3.197474523e+00,4.000599636e+00,-8.195179433e-01,-6.847558190e-02
2.168570062e+00,3.200574630e+00,4.005550701e+00,-8.188314533e-01,-6.834299068e-02
2.170768208e+00,3.203678184e+00,4.010506110e+00,-8.181426188e-01,-6.821063738e-02
2.172967879e+00,3.206785189e+00,4.015465866e+00,-8.174514338e-01,-6.807852166e-02
2.175169076e+00,3.209895647e+00,4.020429972e+00,-8.167578922e-01,-6.794664315e-02
2.177371800e+00,3.213009564e+00,4.025398432e+00,-8.160619881e-01,-6.781500151e-02
2.179576053e+00,3.216126940e+00,4.030371248e+00,-8.153637153e-01,-6.768359638e-02
2.181781834e+00,3.219247782e+00,4.035348423e+00,-8.146630680e-01,-6.755242740e-02
2.183989146e+00,3.222372090e+00,4.040329961e+00,-8.139600401e-01,-6.742149423e-02
2.186197989e+00,3.225499870e+00,4.045315865e+00,-8.132546255e-01,-6.729079652e-02
2.188408364e+00,3.228631125e+00,4.050306138e+00,-8.125468182e-01,-6.716033390e-02
2.190620273e+00,3.231765857e+00,4.055300782e+00,-8.118366123e-01,-6.703010603e-02
2.192833716e+00,3.234904071e+00,4.060299802e+00,-8.111240017e-01,-6.690011255e-02
2.195048695e+00,3.238045769e+00,4.065303200e+00,-8.104089804e-01,-6.677035312e-02
2.197265210e+00,3.241190956e+00,4.070310979e+00,-8.096915424e-01,-6.664082738e-02
2.199483263e+00,3.244339635e+00,4.075323142e+00,-8.089716817e-01,-6.651153498e-02
2.201702855e+00,3.247491809e+00,4.080339694e+00,-8.082493922e-01,-6.638247558e-02
2.203923986e+00,3.250647481e+00,4.085360635e+00,-8.075246679e-01,-6.625364881e-02
2.206146659e+00,3.253806656e+00,4.090385971e+00,-8.067975030e-01,-6.612505433e-02
2.208370873e+00,3.256969336e+00,4.095415704e+00,-8.060678912e-01,-6.599669178e-02
2.210596631e+00,3.260135525e+00,4.100449836e+00,-8.053358267e-01,-6.586856083e-02
2.212823932e+00,3.263305226e+00,4.105488372e+00,-8.046013035e-01,-6.574066112e-02
2.215052779e+00,3.266478444e+00,4.110531314e+00,-8.038643154e-01,-6.561299229e-02
2.217283172e+00,3.269655181e+00,4.115578666e+00,-8.031248567e-01,-6.548555401e-02
2.219515112e+00,3.272835441e+00,4.120630430e+00,-8.023829211e-01,-6.535834591e-02
2.221748600e+00,3.276019227e+00,4.125686610e+00,-8.016385029e-01,-6.523136766e-02
2.223983638e+00,3.279206544e+00,4.130747210e+00,-8.008915959e-01,-6.510461891e-02
2.226220227e+00,3.282397394e+00,4.135812231e+00,-8.001421942e-01,-6.497809930e-02
2.228458367e+00,3.285591780e+00,4.140881677e+00,-7.993902918e-01,-6.485180849e-02
2.230698060e+00,3.288789707e+00,4.145955552e+00,-7.986358828e-01,-6.472574613e-02
2.232939306e+00,3.291991178e+00,4.151033859e+00,-7.978789611e-01,-6.459991188e-02
2.235182108e+00,3.295196197e+00,4.156116600e+00,-7.971195208e-01,-6.447430538e-02
2.237426465e+00,3.298404766e+00,4.161203779e+00,-7.963575560e-01,-6.434892629e-02
2.239672379e+00,3.301616890e+00,4.166295399e+00,-7.955930606e-01,-6.422377426e-02
2.241919852e+00,3.304832571e+00,4.171391464e+00,-7.948260287e-01,-6.409884896e-02
2.244168883e+00,3.308051814e+00,4.176491975e+00,-7.940564544e-01,-6.397415002e-02
2.246419475e+00,3.311274623e+00,4.181596938e+00,-7.932843317e-01,-6.384967711e-02
2.248671628e+00,3.314500999e+00,4.186706354e+00,-7.925096547e-01,-6.372542988e-02
2.250925343e+00,3.317730948e+00,4.191820227e+00,-7.917324174e-01,-6.360140799e-02
2.253180622e+00,3.320964473e+00,4.196938561e+00,-7.909526139e-01,-6.347761109e-02
2.255437466e+00,3.324201576e+00,4.202061357e+00,-7.901702383e-01,-6.335403883e-02
2.257695875e+00,3.327442262e+00,4.207188620e+00,-7.893852846e-01,-6.323069087e-02
2.259955851e+00,3.330686535e+00,4.212320353e+00,-7.885977470e-01,-6.310756688e-02
2.262217394e+00,3.333934397e+00,4.217456559e+00,-7.878076195e-01,-6.298466649e-02
2.264480507e+00,3.337185853e+00,4.222597241e+00,-7.870148962e-01,-6.286198938e-02
2.266745189e+00,3.340440905e+00,4.227742402e+00,-7.862195713e-01,-6.273953520e-02
2.269011443e+00,3.343699558e+00,4.232892046e+00,-7.854216388e-01,-6.261730360e-02
2.271279269e+00,3.346961815e+00,4.238046175e+00,-7.846210929e-01,-6.249529424e-02
2.273548668e+00,3.350227680e+00,4.243204794e+00,-7.838179276e-01,-6.237350678e-02
2.275819642e+00,3.353497156e+00,4.248367904e+00,-7.830121371e-01,-6.225194088e-02
2.278092190e+00,3.356770247e+00,4.253535510e+00,-7.822037156e-01,-6.213059619e-02
2.280366316e+00,3.360046956e+00,4.258707614e+00,-7.813926572e-01,-6.200947238e-02
2.282642019e+00,3.363327287e+00,4.263884220e+00,-7.805789561e-01,-6.188856911e-02
2.284919301e+00,3.366611243e+00,4.269065331e+00,-7.797626063e-01,-6.176788603e-02
2.287198163e+00,3.369898829e+00,4.274250950e+00,-7.789436021e-01,-6.164742279e-02
2.289478605e+00,3.373190047e+00,4.279441081e+00,-7.781219377e-01,-6.152717907e-02
2.291760630e+00,3.376484902e+00,4.284635726e+00,-7.772976072e-01,-6.140715453e-02
2.294044238e+00,3.379783397e+00,4.289834889e+00,-7.764706048e-01,-6.128734881e-02
2.296329430e+00,3.383085535e+00,4.295038574e+00,-7.756409248e-01,-6.116776159e-02
2.298616207e+00,3.386391320e+00,4.300246782e+00,-7.748085613e-01,-6.104839252e-02
2.300904571e+00,3.389700756e+00,4.305459519e+00,-7.739735086e-01,-6.092924127e-02
2.303194522e+00,3.393013847e+00,4.310676786e+00,-7.731357609e-01,-6.081030749e-02
2.305486062e+00,3.396330595e+00,4.315898587e+00,-7.722953124e-01,-6.069159085e-02
2.307779191e+00,3.399651005e+00,4.321124925e+00,-7.714521574e-01,-6.057309101e-02
2.310073912e+00,3.402975081e+00,4.326355804e+00,-7.706062901e-01,-6.045480764e-02
2.312370224e+00,3.406302825e+00,4.331591227e+00,-7.697577049e-01,-6.033674039e-02
2.314668129e+00,3.409634242e+00,4.336831197e+00,-7.689063960e-01,-6.021888892e-02
2.316967629e+00,3.412969335e+00,4.342075717e+00,-7.680523576e-01,-6.010125291e-02
2.319268723e+00,3.416308108e+00,4.347324791e+00,-7.671955841e-01,-5.998383202e-02
2.321571414e+00,3.419650565e+00,4.352578421e+00,-7.663360699e-01,-5.986662590e-02
2.323875703e+00,3.422996708e+00,4.357836612e+00,-7.654738091e-01,-5.974963422e-02
2.326181590e+00,3.426346543e+00,4.363099366e+00,-7.646087962e-01,-5.963285666e-02
2.328489077e+00,3.429700072e+00,4.368366687e+00,-7.637410255e-01,-5.951629286e-02
2.330798164e+00,3.433057299e+00,4.373638577e+00,-7.628704914e-01,-5.939994250e-02
2.333108854e+00,3.436418228e+00,4.378915041e+00,-7.619971882e-01,-5.928380525e-02
2.335421146e+00,3.439782862e+00,4.384196081e+00,-7.611211104e-01,-5.916788076e-02
2.337735043e+00,3.443151206e+00,4.389481701e+00,-7.602422522e-01,-5.905216871e-02
2.340050545e+00,3.446523262e+00,4.394771904e+00,-7.593606082e-01,-5.893666876e-02
2.342367653e+00,3.449899035e+00,4.400066694e+00,-7.584761727e-01,-5.882138058e-02
2.344686368e+00,3.453278528e+00,4.405366073e+00,-7.575889402e-01,-5.870630383e-02
2.347006692e+00,3.456661745e+00,4.410670044e+00,-7.566989051e-01,-5.859143818e-02
2.349328626e+00,3.460048690e+00,4.415978612e+00,-7.558060619e-01,-5.847678330e-02
2.351652171e+00,3.463439366e+00,4.421291779e+00,-7.549104051e-01,-5.836233886e-02
2.353977327e+00,3.466833778e+00,4.426609550e+00,-7.540119291e-01,-5.824810452e-02
2.356304097e+00,3.470231927e+00,4.431931926e+00,-7.531106285e-01,-5.813407996e-02
2.358632481e+00,3.473633820e+00,4.437258911e+00,-7.522064978e-01,-5.802026483e-02
2.360962480e+00,3.477039458e+00,4.442590509e+00,-7.512995315e-01,-5.790665882e-02
2.363294095e+00,3.480448847e+00,4.447926723e+00,-7.503897241e-01,-5.779326159e-02
2.365627328e+00,3.483861989e+00,4.453267557e+00,-7.494770703e-01,-5.768007281e-02
2.367962180e+00,3.487278888e+00,4.458613013e+00,-7.485615645e-01,-5.756709215e-02
2.370298651e+00,3.490699549e+00,4.463963095e+00,-7.476432015e-01,-5.745431928e-02
2.372636744e+00,3.494123974e+00,4.469317806e+00,-7.467219757e-01,-5.734175387e-02
2.374976458e+00,3.497552168e+00,4.474677149e+00,-7.457978819e-01,-5.722939559e-02
2.377317795e+00,3.500984135e+00,4.480041129e+00,-7.448709147e-01,-5.711724412e-02
2.379660757e+00,3.504419877e+00,4.485409747e+00,-7.439410687e-01,-5.700529912e-02
2.382005344e+00,3.507859399e+00,4.490783009e+00,-7.430083386e-01,-5.689356027e-02
2.384351558e+00,3.511302705e+00,4.496160916e+00,-7.420727191e-01,-5.678202723e-02
2.386699399e+00,3.514749798e+00,4.501543472e+00,-7.411342050e-01,-5.667069969e-02
2.389048869e+00,3.518200683e+00,4.506930681e+00,-7.401927908e-01,-5.655957731e-02
2.391399969e+00,3.521655362e+00,4.512322545e+00,-7.392484715e-01,-5.644865977e-02
2.393752700e+00,3.525113840e+00,4.517719069e+00,-7.383012417e-01,-5.633794674e-02
2.396107063e+00,3.528576120e+00,4.523120255e+00,-7.373510963e-01,-5.622743790e-02
2.398463060e+00,3.532042206e+00,4.528526107e+00,-7.363980300e-01,-5.611713291e-02
2.400820691e+00,3.535512103e+00,4.533936629e+00,-7.354420376e-01,-5.600703146e-02
2.403179957e+00,3.538985813e+00,4.539351823e+00,-7.344831141e-01,-5.589713321e-02
2.405540860e+00,3.542463341e+00,4.544771693e+00,-7.335212542e-01,-5.578743785e-02
2.407903401e+00,3.545944690e+00,4.550196242e+00,-7.325564529e-01,-5.567794505e-02
2.410267581e+00,3.549429865e+00,4.555625474e+00,-7.315887049e-01,-5.556865448e-02
2.412633401e+00,3.552918868e+00,4.561059392e+00,-7.306180054e-01,-5.545956582e-02
2.415000863e+00,3.556411704e+00,4.566497999e+00,-7.296443491e-01,-5.535067874e-02
2.417369966e+00,3.559908377e+00,4.571941299e+00,-7.286677310e-01,-5.524199293e-02
2.419740714e+00,3.563408890e+00,4.577389295e+00,-7.276881462e-01,-5.513350806e-02
2.422113106e+00,3.566913248e+00,4.582841991e+00,-7.267055896e-01,-5.502522381e-02
2.424487143e+00,3.570421454e+00,4.588299390e+00,-7.257200563e-01,-5.491713986e-02
2.426862828e+00,3.573933511e+00,4.593761494e+00,-7.247315413e-01,-5.480925587e-02
2.429240161e+00,3.577449425e+00,4.599228309e+00,-7.237400396e-01,-5.470157154e-02
2.431619143e+00,3.580969197e+00,4.604699836e+00,-7.227455463e-01,-5.459408654e-02
2.433999775e+00,3.584492834e+00,4.610176080e+00,-7.217480566e-01,-5.448680055e-02
2.436382059e+00,3.588020337e+00,4.615657044e+00,-7.207475656e-01,-5.437971324e-02
2.438765996e+00,3.591551712e+00,4.621142730e+00,-7.197440684e-01,-5.427282431e-02
2.441151586e+00,3.595086962e+00,4.626633144e+00,-7.187375603e-01,-5.416613342e-02
2.443538832e+00,3.598626091e+00,4.632128287e+00,-7.177280363e-01,-5.405964026e-02
2.445927733e+00,3.602169102e+00,4.637628164e+00,-7.167154918e-01,-5.395334451e-02
2.448318292e+00,3.605716000e+00,4.643132777e+00,-7.156999220e-01,-5.384724585e-02
2.450710509e+00,3.609266788e+00,4.648642131e+00,-7.146813222e-01,-5.374134396e-02
2.453104386e+00,3.612821471e+00,4.654156228e+00,-7.136596876e-01,-5.363563853e-02
2.455499924e+00,3.616380052e+00,4.659675072e+00,-7.126350137e-01,-5.353012923e-02
2.457897123e+00,3.619942535e+00,4.665198667e+00,-7.116072956e-01,-5.342481574e-02
2.460295985e+00,3.623508924e+00,4.670727015e+00,-7.105765289e-01,-5.331969776e-02
2.462696512e+00,3.627079223e+00,4.676260121e+00,-7.095427088e-01,-5.321477495e-02
2.465098704e+00,3.630653435e+00,4.681797987e+00,-7.085058309e-01,-5.311004702e-02
2.467502562e+00,3.634231566e+00,4.687340617e+00,-7.074658906e-01,-5.300551363e-02
2.469908088e+00,3.637813618e+00,4.692888015e+00,-7.064228833e-01,-5.290117448e-02
2.472315283e+00,3.641399595e+00,4.698440184e+00,-7.053768046e-01,-5.279702924e-02
2.474724147e+00,3.644989502e+00,4.703997127e+00,-7.043276500e-01,-5.269307761e-02
2.477134683e+00,3.648583342e+00,4.709558848e+00,-7.032754150e-01,-5.258931926e-02
2.479546891e+00,3.652181119e+00,4.715125350e+00,-7.022200953e-01,-5.248575389e-02
2.481960773e+00,3.655782838e+00,4.720696637e+00,-7.011616864e-01,-5.238238117e-02
2.484376329e+00,3.659388501e+00,4.726272712e+00,-7.001001840e-01,-5.227920080e-02
2.486793561e+00,3.662998114e+00,4.731853579e+00,-6.990355837e-01,-5.217621246e-02
2.489212470e+00,3.666611679e+00,4.737439241e+00,-6.979678813e-01,-5.207341583e-02
2.491633057e+00,3.670229202e+00,4.743029701e+00,-6.968970724e-01,-5.197081061e-02
2.494055323e+00,3.673850685e+00,4.748624963e+00,-6.958231529e-01,-5.186839648e-02
2.496479269e+00,3.677476133e+00,4.754225030e+00,-6.947461185e-01,-5.176617313e-02
2.498904898e+00,3.681105550e+00,4.759829906e+00,-6.936659650e-01,-5.166414025e-02
2.501332208e+00,3.684738940e+00,4.765439595e+00,-6.925826883e-01,-5.156229752e-02
2.503761203e+00,3.688376306e+00,4.771054099e+00,-6.914962843e-01,-5.146064463e-02
2.506191883e+00,3.692017653e+00,4.776673423e+00,-6.904067488e-01,-5.135918128e-02
2.508624249e+00,3.695662984e+00,4.782297569e+00,-6.893140777e-01,-5.125790715e-02
2.511058303e+00,3.699312304e+00,4.787926541e+00,-6.882182672e-01,-5.115682193e-02
2.513494045e+00,3.702965617e+00,4.793560343e+00,-6.871193131e-01,-5.105592532e-02
2.515931477e+00,3.706622926e+00,4.799198978e+00,-6.860172114e-01,-5.095521699e-02
2.518370599e+00,3.710284236e+00,4.804842450e+00,-6.849119583e-01,-5.085469665e-02
2.520811414e+00,3.713949550e+00,4.810490762e+00,-6.838035499e-01,-5.075436398e-02
2.523253922e+00,3.717618873e+00,4.816143917e+00,-6.826919822e-01,-5.065421868e-02
2.525698125e+00,3.721292208e+00,4.821801919e+00,-6.815772514e-01,-5.055426043e-02
2.528144023e+00,3.724969560e+00,4.827464772e+00,-6.804593538e-01,-5.045448893e-02
2.530591618e+00,3.728650933e+00,4.833132479e+00,-6.793382855e-01,-5.035490388e-02
2.533040911e+00,3.732336330e+00,4.838805044e+00,-6.782140427e-01,-5.025550496e-02
2.535491904e+00,3.736025755e+00,4.844482470e+00,-6.770866219e-01,-5.015629186e-02
2.537944596e+00,3.739719214e+00,4.850164760e+00,-6.759560193e-01,-5.005726429e-02
2.540398990e+00,3.743416708e+00,4.855851918e+00,-6.748222313e-01,-4.995842193e-02
2.542855087e+00,3.747118244e+00,4.861543948e+00,-6.736852543e-01,-4.985976448e-02
2.545312888e+00,3.750823824e+00,4.867240852e+00,-6.725450847e-01,-4.976129163e-02
2.547772393e+00,3.754533453e+00,4.872942636e+00,-6.714017189e-01,-4.966300308e-02
2.550233605e+00,3.758247135e+00,4.878649301e+00,-6.702551536e-01,-4.956489853e-02
2.552696524e+00,3.761964873e+00,4.884360852e+00,-6.691053852e-01,-4.946697766e-02
2.555161152e+00,3.765686673e+00,4.890077292e+00,-6.679524102e-01,-4.936924017e-02
2.557627490e+00,3.769412537e+00,4.895798625e+00,-6.667962254e-01,-4.927168577e-02
2.560095539e+00,3.773142471e+00,4.901524854e+00,-6.656368274e-01,-4.917431414e-02
2.562565300e+00,3.776876477e+00,4.907255983e+00,-6.644742128e-01,-4.907712499e-02
2.565036774e+00,3.780614561e+00,4.912992015e+00,-6.633083784e-01,-4.898011801e-02
2.567509963e+00,3.784356726e+00,4.918732954e+00,-6.621393209e-01,-4.888329290e-02
2.569984868e+00,3.788102976e+00,4.924478803e+00,-6.609670371e-01,-4.878664935e-02
2.572461489e+00,3.791853315e+00,4.930229566e+00,-6.597915240e-01,-4.869018707e-02
2.574939829e+00,3.795607748e+00,4.935985246e+00,-6.586127782e-01,-4.859390575e-02
2.577419888e+00,3.799366279e+00,4.941745847e+00,-6.574307969e-01,-4.849780510e-02
2.579901667e+00,3.803128911e+00,4.947511373e+00,-6.562455768e-01,-4.840188480e-02
2.582385168e+00,3.806895649e+00,4.953281827e+00,-6.550571151e-01,-4.830614457e-02
2.584870392e+00,3.810666496e+00,4.959057212e+00,-6.538654087e-01,-4.821058410e-02
2.587357340e+00,3.814441458e+00,4.964837533e+00,-6.526704548e-01,-4.811520310e-02
2.589846014e+00,3.818220538e+00,4.970622792e+00,-6.514722504e-01,-4.802000125e-02
2.592336413e+00,3.822003740e+00,4.976412994e+00,-6.502707927e-01,-4.792497827e-02
2.594828541e+00,3.825791068e+00,4.982208141e+00,-6.490660789e-01,-4.783013385e-02
2.597322397e+00,3.829582527e+00,4.988008238e+00,-6.478581063e-01,-4.773546770e-02
2.599817984e+00,3.833378120e+00,4.993813288e+00,-6.466468720e-01,-4.764097952e-02
2.602315302e+00,3.837177852e+00,4.999623294e+00,-6.454323735e-01,-4.754666901e-02
2.604814352e+00,3.840981727e+00,5.005438261e+00,-6.442146082e-01,-4.745253588e-02
2.607315136e+00,3.844789749e+00,5.011258191e+00,-6.429935733e-01,-4.735857982e-02
2.609817654e+00,3.848601922e+00,5.017083089e+00,-6.417692664e-01,-4.726480054e-02
2.612321909e+00,3.852418250e+00,5.022912957e+00,-6.405416849e-01,-4.717119775e-02
2.614827902e+00,3.856238738e+00,5.028747800e+00,-6.393108264e-01,-4.707777115e-02
2.617335632e+00,3.860063389e+00,5.034587621e+00,-6.380766886e-01,-4.698452044e-02
2.619845102e+00,3.863892208e+00,5.040432424e+00,-6.368392689e-01,-4.689144532e-02
2.622356314e+00,3.867725200e+00,5.046282212e+00,-6.355985651e-01,-4.679854552e-02
2.624869267e+00,3.871562367e+00,5.052136989e+00,-6.343545748e-01,-4.670582072e-02
2.627383964e+00,3.875403714e+00,5.057996758e+00,-6.331072959e-01,-4.661327064e-02
2.629900405e+00,3.879249246e+00,5.063861523e+00,-6.318567262e-01,-4.652089497e-02
2.632418592e+00,3.883098967e+00,5.069731288e+00,-6.306028635e-01,-4.642869344e-02
2.634938526e+00,3.886952881e+00,5.075606056e+00,-6.293457056e-01,-4.633666574e-02
2.637460208e+00,3.890810991e+00,5.081485831e+00,-6.280852506e-01,-4.624481159e-02
2.639983639e+00,3.894673303e+00,5.087370617e+00,-6.268214964e-01,-4.615313068e-02
2.642508821e+00,3.898539820e+00,5.093260417e+00,-6.255544411e-01,-4.606162274e-02
2.645035755e+00,3.902410547e+00,5.099155234e+00,-6.242840827e-01,-4.597028746e-02
2.647564442e+00,3.906285488e+00,5.105055073e+00,-6.230104194e-01,-4.587912456e-02
2.650094883e+00,3.910164647e+00,5.110959937e+00,-6.217334493e-01,-4.578813374e-02
2.652627080e+00,3.914048029e+00,5.116869829e+00,-6.204531708e-01,-4.569731471e-02
2.655161033e+00,3.917935637e+00,5.122784754e+00,-6.191695819e-01,-4.560666719e-02
2.657696744e+00,3.921827476e+00,5.128704715e+00,-6.178826812e-01,-4.551619089e-02
2.660234214e+00,3.925723549e+00,5.134629715e+00,-6.165924669e-01,-4.542588551e-02
2.662773445e+00,3.929623863e+00,5.140559758e+00,-6.152989374e-01,-4.533575076e-02
2.665314437e+00,3.933528419e+00,5.146494849e+00,-6.140020913e-01,-4.524578637e-02
2.667857192e+00,3.937437224e+00,5.152434989e+00,-6.127019270e-01,-4.515599203e-02
2.670401711e+00,3.941350280e+00,5.158380184e+00,-6.113984432e-01,-4.506636746e-02
2.672947995e+00,3.945267593e+00,5.164330437e+00,-6.100916384e-01,-4.497691238e-02
2.675496046e+00,3.949189166e+00,5.170285751e+00,-6.087815114e-01,-4.488762649e-02
2.678045864e+00,3.953115004e+00,5.176246130e+00,-6.074680607e-01,-4.479850951e-02
2.680597451e+00,3.957045112e+00,5.182211577e+00,-6.061512853e-01,-4.470956115e-02
2.683150808e+00,3.960979492e+00,5.188182098e+00,-6.048311839e-01,-4.462078113e-02
2.685705937e+00,3.964918151e+00,5.194157694e+00,-6.035077555e-01,-4.453216916e-02
2.688262838e+00,3.968861091e+00,5.200138370e+00,-6.021809988e-01,-4.444372495e-02
2.690821513e+00,3.972808317e+00,5.206124129e+00,-6.008509130e-01,-4.435544822e-02
2.693381963e+00,3.976759835e+00,5.212114976e+00,-5.995174971e-01,-4.426733869e-02
2.695944189e+00,3.980715647e+00,5.218110913e+00,-5.981807501e-01,-4.417939607e-02
2.698508193e+00,3.984675758e+00,5.224111945e+00,-5.968406712e-01,-4.409162007e-02
2.701073976e+00,3.988640172e+00,5.230118075e+00,-5.954972596e-01,-4.400401042e-02
2.703641538e+00,3.992608894e+00,5.236129307e+00,-5.941505145e-01,-4.391656682e-02
2.706210882e+00,3.996581929e+00,5.242145644e+00,-5.928004352e-01,-4.382928900e-02
2.708782008e+00,4.000559280e+00,5.248167090e+00,-5.914470211e-01,-4.374217668e-02
2.711354918e+00,4.004540951e+00,5.254193650e+00,-5.900902717e-01,-4.365522956e-02
2.713929613e+00,4.008526948e+00,5.260225325e+00,-5.887301863e-01,-4.356844738e-02
2.716506094e+00,4.012517274e+00,5.266262122e+00,-5.873667644e-01,-4.348182984e-02
2.719084362e+00,4.016511934e+00,5.272304042e+00,-5.860000058e-01,-4.339537666e-02
2.721664419e+00,4.020510932e+00,5.278351090e+00,-5.846299099e-01,-4.330908757e-02
2.724246266e+00,4.024514272e+00,5.284403269e+00,-5.832564765e-01,-4.322296229e-02
2.726829904e+00,4.028521960e+00,5.290460584e+00,-5.818797054e-01,-4.313700053e-02
2.729415334e+00,4.032533998e+00,5.296523037e+00,-5.804995963e-01,-4.305120201e-02
2.732002558e+00,4.036550392e+00,5.302590633e+00,-5.791161491e-01,-4.296556646e-02
2.734591577e+00,4.040571146e+00,5.308663375e+00,-5.777293637e-01,-4.288009360e-02
2.737182391e+00,4.044596264e+00,5.314741267e+00,-5.763392401e-01,-4.279478314e-02
2.739775004e+00,4.048625751e+00,5.320824313e+00,-5.749457783e-01,-4.270963481e-02
2.742369414e+00,4.052659611e+00,5.326912517e+00,-5.735489785e-01,-4.262464833e-02
2.744965625e+00,4.056697848e+00,5.333005881e+00,-5.721488407e-01,-4.253982343e-02
2.747563637e+00,4.060740468e+00,5.339104411e+00,-5.707453651e-01,-4.245515982e-02
2.750163451e+00,4.064787473e+00,5.345208109e+00,-5.693385522e-01,-4.237065722e-02
2.752765068e+00,4.068838869e+00,5.351316980e+00,-5.679284020e-01,-4.228631537e-02
2.755368491e+00,4.072894660e+00,5.357431027e+00,-5.665149152e-01,-4.220213399e-02
2.757973719e+00,4.076954851e+00,5.363550253e+00,-5.650980920e-01,-4.211811279e-02
2.760580755e+00,4.081019445e+00,5.369674664e+00,-5.636779330e-01,-4.203425151e-02
2.763189599e+00,4.085088448e+00,5.375804262e+00,-5.622544388e-01,-4.195054987e-02
2.765800254e+00,4.089161863e+00,5.381939051e+00,-5.608276100e-01,-4.186700759e-02
2.768412719e+00,4.093239696e+00,5.388079034e+00,-5.593974472e-01,-4.178362441e-02
2.771026997e+00,4.097321950e+00,5.394224217e+00,-5.579639513e-01,-4.170040003e-02
2.773643088e+00,4.101408631e+00,5.400374602e+00,-5.565271231e-01,-4.161733420e-02
2.776260994e+00,4.105499741e+00,5.406530193e+00,-5.550869633e-01,-4.153442664e-02
2.778880717e+00,4.109595287e+00,5.412690994e+00,-5.536434730e-01,-4.145167707e-02
2.781502256e+00,4.113695272e+00,5.418857009e+00,-5.521966531e-01,-4.136908523e-02
2.784125615e+00,4.117799701e+00,5.425028242e+00,-5.507465048e-01,-4.128665083e-02
2.786750793e+00,4.121908578e+00,5.431204696e+00,-5.492930290e-01,-4.120437362e-02
2.789377793e+00,4.126021908e+00,5.437386375e+00,-5.478362271e-01,-4.112225331e-02
2.792006614e+00,4.130139695e+00,5.443573283e+00,-5.463761002e-01,-4.104028963e-02
2.794637260e+00,4.134261944e+00,5.449765423e+00,-5.449126497e-01,-4.095848232e-02
2.797269731e+00,4.138388659e+00,5.455962800e+00,-5.434458769e-01,-4.087683111e-02
2.799904027e+00,4.142519845e+00,5.462165417e+00,-5.419757833e-01,-4.079533571e-02
2.802540152e+00,4.146655506e+00,5.468373279e+00,-5.405023704e-01,-4.071399587e-02
2.805178105e+00,4.150795647e+00,5.474586388e+00,-5.390256397e-01,-4.063281132e-02
2.807817888e+00,4.154940272e+00,5.480804749e+00,-5.375455929e-01,-4.055178178e-02
2.810459502e+00,4.159089386e+00,5.487028365e+00,-5.360622317e-01,-4.047090698e-02
2.813102950e+00,4.163242993e+00,5.493257240e+00,-5.345755578e-01,-4.039018667e-02
2.815748230e+00,4.167401097e+00,5.499491379e+00,-5.330855731e-01,-4.030962056e-02
2.818395346e+00,4.171563704e+00,5.505730784e+00,-5.315922794e-01,-4.022920840e-02
2.821044299e+00,4.175730817e+00,5.511975461e+00,-5.300956788e-01,-4.014894991e-02
2.823695089e+00,4.179902442e+00,5.518225411e+00,-5.285957732e-01,-4.006884483e-02
2.826347718e+00,4.184078583e+00,5.524480640e+00,-5.270925647e-01,-3.998889289e-02
2.829002187e+00,4.188259244e+00,5.530741152e+00,-5.255860556e-01,-3.990909383e-02
2.831658498e+00,4.192444430e+00,5.537006949e+00,-5.240762479e-01,-3.982944737e-02
2.834316651e+00,4.196634146e+00,5.543278036e+00,-5.225631440e-01,-3.974995326e-02
2.836976649e+00,4.200828395e+00,5.549554417e+00,-5.210467464e-01,-3.967061123e-02
2.839638492e+00,4.205027184e+00,5.555836095e+00,-5.195270573e-01,-3.959142101e-02
2.842302181e+00,4.209230515e+00,5.562123075e+00,-5.180040793e-01,-3.951238233e-02
2.844967719e+00,4.213438394e+00,5.568415360e+00,-5.164778149e-01,-3.943349495e-02
2.847635105e+00,4.217650825e+00,5.574712954e+00,-5.149482669e-01,-3.935475858e-02
2.850304342e+00,4.221867814e+00,5.581015861e+00,-5.134154378e-01,-3.927617297e-02
2.852975431e+00,4.226089363e+00,5.587324084e+00,-5.118793304e-01,-3.919773786e-02
2.855648373e+00,4.230315479e+00,5.593637628e+00,-5.103399477e-01,-3.911945298e-02
2.858323169e+00,4.234546165e+00,5.599956497e+00,-5.087972924e-01,-3.904131807e-02
2.860999821e+00,4.238781427e+00,5.606280694e+00,-5.072513676e-01,-3.896333286e-02
2.863678329e+00,4.243021269e+00,5.612610223e+00,-5.057021763e-01,-3.888549710e-02
2.866358696e+00,4.247265695e+00,5.618945089e+00,-5.041497216e-01,-3.880781053e-02
2.869040922e+00,4.251514710e+00,5.625285294e+00,-5.025940068e-01,-3.873027288e-02
2.871725009e+00,4.255768318e+00,5.631630843e+00,-5.010350350e-01,-3.865288389e-02
2.874410958e+00,4.260026526e+00,5.637981739e+00,-4.994728096e-01,-3.857564330e-02
2.877098771e+00,4.264289336e+00,5.644337987e+00,-4.979073339e-01,-3.849855086e-02
2.879788448e+00,4.268556753e+00,5.650699591e+00,-4.963386115e-01,-3.842160630e-02
2.882479990e+00,4.272828783e+00,5.657066554e+00,-4.947666459e-01,-3.834480937e-02
2.885173401e+00,4.277105430e+00,5.663438880e+00,-4.931914406e-01,-3.826815980e-02
2.887868679e+00,4.281386698e+00,5.669816573e+00,-4.916129994e-01,-3.819165734e-02
2.890565828e+00,4.285672592e+00,5.676199638e+00,-4.900313261e-01,-3.811530172e-02
2.893264847e+00,4.289963118e+00,5.682588077e+00,-4.884464243e-01,-3.803909270e-02
2.895965739e+00,4.294258278e+00,5.688981895e+00,-4.868582981e-01,-3.796303002e-02
2.898668505e+00,4.298558079e+00,5.695381095e+00,-4.852669514e-01,-3.788711340e-02
2.901373145e+00,4.302862525e+00,5.701785683e+00,-4.836723881e-01,-3.781134261e-02
2.904079662e+00,4.307171620e+00,5.708195661e+00,-4.820746125e-01,-3.773571739e-02
2.906788057e+00,4.311485369e+00,5.714611033e+00,-4.804736288e-01,-3.766023747e-02
2.909498330e+00,4.315803777e+00,5.721031803e+00,-4.788694410e-01,-3.758490260e-02
2.912210484e+00,4.320126849e+00,5.727457976e+00,-4.772620537e-01,-3.750971253e-02
2.914924519e+00,4.324454589e+00,5.733889555e+00,-4.756514712e-01,-3.743466701e-02
2.917640437e+00,4.328787002e+00,5.740326544e+00,-4.740376979e-01,-3.735976577e-02
2.920358239e+00,4.333124093e+00,5.746768947e+00,-4.724207384e-01,-3.728500856e-02
2.923077927e+00,4.337465866e+00,5.753216768e+00,-4.708005974e-01,-3.721039514e-02
2.925799501e+00,4.341812326e+00,5.759670011e+00,-4.691772794e-01,-3.713592524e-02
2.928522964e+00,4.346163478e+00,5.766128680e+00,-4.675507893e-01,-3.706159861e-02
2.931248315e+00,4.350519327e+00,5.772592779e+00,-4.659211320e-01,-3.698741500e-02
2.933975558e+00,4.354879877e+00,5.779062311e+00,-4.642883123e-01,-3.691337417e-02
2.936704692e+00,4.359245133e+00,5.785537281e+00,-4.626523352e-01,-3.683947584e-02
2.939435720e+00,4.363615100e+00,5.792017693e+00,-4.610132057e-01,-3.676571979e-02
2.942168642e+00,4.367989782e+00,5.798503550e+00,-4.593709291e-01,-3.669210574e-02
2.944903460e+00,4.372369184e+00,5.804994856e+00,-4.577255105e-01,-3.661863346e-02
2.947640176e+00,4.376753312e+00,5.811491617e+00,-4.560769552e-01,-3.654530269e-02
2.950378790e+00,4.381142169e+00,5.817993834e+00,-4.544252686e-01,-3.647211318e-02
2.953119303e+00,4.385535761e+00,5.824501513e+00,-4.527704560e-01,-3.639906468e-02
2.955861719e+00,4.389934092e+00,5.831014657e+00,-4.511125231e-01,-3.632615694e-02
2.958606036e+00,4.394337168e+00,5.837533271e+00,-4.494514754e-01,-3.625338971e-02
2.961352257e+00,4.398744992e+00,5.844057358e+00,-4.477873185e-01,-3.618076275e-02
2.964100384e+00,4.403157570e+00,5.850586922e+00,-4.461200581e-01,-3.610827580e-02
2.966850417e+00,4.407574906e+00,5.857121968e+00,-4.444497002e-01,-3.603592862e-02
2.969602358e+00,4.411997006e+00,5.863662499e+00,-4.427762506e-01,-3.596372095e-02
2.972356208e+00,4.416423874e+00,5.870208518e+00,-4.410997151e-01,-3.589165256e-02
2.975111968e+00,4.420855514e+00,5.876760032e+00,-4.394201000e-01,-3.581972320e-02
2.977869640e+00,4.425291933e+00,5.883317042e+00,-4.377374112e-01,-3.574793261e-02
2.980629225e+00,4.429733134e+00,5.889879554e+00,-4.360516550e-01,-3.567628055e-02
2.983390725e+00,4.434179122e+00,5.896447570e+00,-4.343628376e-01,-3.560476678e-02
2.986154140e+00,4.438629902e+00,5.903021096e+00,-4.326709654e-01,-3.553339104e-02
2.988919473e+00,4.443085480e+00,5.909600136e+00,-4.309760447e-01,-3.546215310e-02
2.991686724e+00,4.447545859e+00,5.916184692e+00,-4.292780821e-01,-3.539105271e-02
2.994455894e+00,4.452011045e+00,5.922774770e+00,-4.275770842e-01,-3.532008962e-02
2.997226986e+00,4.456481043e+00,5.929370372e+00,-4.258730575e-01,-3.524926360e-02
3.000000000e+00,4.460955857e+00,5.935971505e+00,-4.241660089e-01,-3.517857439e-02
