metric,gamma,sigma,chi2
joint,0.05,1e-5,31.302922920387193
joint,0.05,1e-4,31.303072058496383
joint,0.10,1e-5,34.459698269723056
joint,0.10,1e-4,34.45997818052723
joint,0.20,1e-5,51.34634687054657
joint,0.20,1e-4,51.34689191510745
