metric,gamma,sigma,chi2
bao,0.05,1e-5,15.922228535611954
bao,0.05,1e-4,15.922378280478569
bao,0.10,1e-5,19.17121237657836
bao,0.10,1e-4,19.171492904899225
bao,0.20,1e-5,36.23913004170331
bao,0.20,1e-4,36.23967562309989
